timestamp,current_mA,power_mW,voltage_V
2026-06-10T00:48:46.961Z,95.61,315.513,3.3
2026-06-10T00:48:47.162Z,98.76,325.908,3.3
2026-06-10T00:48:47.364Z,95.53,315.249,3.3
2026-06-10T00:48:47.564Z,77.3,255.09,3.3
2026-06-10T00:48:47.767Z,54.96,181.368,3.3
2026-06-10T00:48:47.970Z,20.05,66.165,3.3
2026-06-10T00:48:48.170Z,1.61,5.313,3.3
2026-06-10T00:48:48.371Z,0.11,0.363,3.3
2026-06-10T00:48:48.571Z,0.04,0.132,3.3
2026-06-10T00:48:48.774Z,0.01,0.033,3.3
2026-06-10T00:48:48.975Z,0.01,0.033,3.3
2026-06-10T00:48:49.176Z,0.01,0.033,3.3
2026-06-10T00:48:49.377Z,0.01,0.033,3.3
2026-06-10T00:48:49.579Z,0.01,0.033,3.3
2026-06-10T00:48:49.780Z,0.02,0.066,3.3
2026-06-10T00:48:49.982Z,0.01,0.033,3.3
2026-06-10T00:48:50.183Z,0.01,0.033,3.3
2026-06-10T00:48:50.385Z,0.02,0.066,3.3
2026-06-10T00:48:50.587Z,0.02,0.066,3.3
2026-06-10T00:48:50.789Z,0.02,0.066,3.3
2026-06-10T00:48:50.991Z,0.02,0.066,3.3
2026-06-10T00:48:51.193Z,0.02,0.066,3.3
2026-06-10T00:48:51.394Z,0.01,0.033,3.3
2026-06-10T00:48:51.595Z,0.01,0.033,3.3
2026-06-10T00:48:51.796Z,0.01,0.033,3.3
2026-06-10T00:48:51.998Z,0.01,0.033,3.3
2026-06-10T00:48:52.199Z,0.01,0.033,3.3
2026-06-10T00:48:52.401Z,0.01,0.033,3.3
2026-06-10T00:48:52.603Z,0.01,0.033,3.3
2026-06-10T00:48:52.805Z,0.02,0.066,3.3
2026-06-10T00:48:53.006Z,0.02,0.066,3.3
2026-06-10T00:48:53.206Z,0.02,0.066,3.3
2026-06-10T00:48:53.410Z,0.02,0.066,3.3
2026-06-10T00:48:53.609Z,0.02,0.066,3.3
2026-06-10T00:48:53.811Z,0.02,0.066,3.3
2026-06-10T00:48:54.013Z,0.01,0.033,3.3
2026-06-10T00:48:54.213Z,0.01,0.033,3.3
2026-06-10T00:48:54.414Z,0.01,0.033,3.3
2026-06-10T00:48:54.616Z,0.01,0.033,3.3
2026-06-10T00:48:54.818Z,0.01,0.033,3.3
2026-06-10T00:48:55.020Z,0.01,0.033,3.3
2026-06-10T00:48:55.221Z,0.01,0.033,3.3
2026-06-10T00:48:55.422Z,0.01,0.033,3.3
2026-06-10T00:48:55.623Z,0.01,0.033,3.3
2026-06-10T00:48:55.823Z,0.01,0.033,3.3
2026-06-10T00:48:56.025Z,0.01,0.033,3.3
2026-06-10T00:48:56.226Z,0.01,0.033,3.3
2026-06-10T00:48:56.428Z,0.02,0.066,3.3
2026-06-10T00:48:56.629Z,0.02,0.066,3.3
2026-06-10T00:48:56.830Z,0.02,0.066,3.3
2026-06-10T00:48:57.031Z,0.02,0.066,3.3
2026-06-10T00:48:57.232Z,0.02,0.066,3.3
2026-06-10T00:48:57.437Z,0.01,0.033,3.3
2026-06-10T00:48:57.636Z,0.01,0.033,3.3
2026-06-10T00:48:57.839Z,0.01,0.033,3.3
2026-06-10T00:48:58.041Z,0.02,0.066,3.3
2026-06-10T00:48:58.242Z,0.02,0.066,3.3
2026-06-10T00:48:58.445Z,0.02,0.066,3.3
2026-06-10T00:48:58.647Z,0.02,0.066,3.3
2026-06-10T00:48:58.848Z,0.02,0.066,3.3
2026-06-10T00:48:59.049Z,0.01,0.033,3.3
2026-06-10T00:48:59.251Z,0.01,0.033,3.3
2026-06-10T00:48:59.453Z,0.01,0.033,3.3
2026-06-10T00:48:59.654Z,0.02,0.066,3.3
2026-06-10T00:48:59.857Z,0.02,0.066,3.3
2026-06-10T00:49:00.058Z,0.01,0.033,3.3
2026-06-10T00:49:00.260Z,0.02,0.066,3.3
2026-06-10T00:49:00.462Z,0.01,0.033,3.3
2026-06-10T00:49:00.664Z,0.01,0.033,3.3
2026-06-10T00:49:00.865Z,0.01,0.033,3.3
2026-06-10T00:49:01.067Z,0.02,0.066,3.3
2026-06-10T00:49:01.268Z,0.02,0.066,3.3
2026-06-10T00:49:01.470Z,0.02,0.066,3.3
2026-06-10T00:49:01.671Z,0.02,0.066,3.3
2026-06-10T00:49:01.873Z,0.01,0.033,3.3
2026-06-10T00:49:02.073Z,0.01,0.033,3.3
2026-06-10T00:49:02.276Z,0.01,0.033,3.3
2026-06-10T00:49:02.478Z,0.01,0.033,3.3
2026-06-10T00:49:02.677Z,0.01,0.033,3.3
2026-06-10T00:49:02.880Z,0.02,0.066,3.3
2026-06-10T00:49:03.083Z,0.03,0.099,3.3
2026-06-10T00:49:03.284Z,0.02,0.066,3.3
2026-06-10T00:49:03.484Z,0.02,0.066,3.3
2026-06-10T00:49:03.685Z,0.01,0.033,3.3
2026-06-10T00:49:03.886Z,0.01,0.033,3.3
2026-06-10T00:49:04.087Z,0.01,0.033,3.3
2026-06-10T00:49:04.289Z,0.01,0.033,3.3
2026-06-10T00:49:04.490Z,0.01,0.033,3.3
2026-06-10T00:49:04.691Z,0.02,0.066,3.3
2026-06-10T00:49:04.892Z,0.02,0.066,3.3
2026-06-10T00:49:05.094Z,0.02,0.066,3.3
2026-06-10T00:49:05.295Z,0.02,0.066,3.3
2026-06-10T00:49:05.498Z,0.02,0.066,3.3
2026-06-10T00:49:05.698Z,0.01,0.033,3.3
2026-06-10T00:49:05.900Z,0.01,0.033,3.3
2026-06-10T00:49:06.101Z,0.02,0.066,3.3
2026-06-10T00:49:06.302Z,0.02,0.066,3.3
2026-06-10T00:49:06.504Z,0.02,0.066,3.3
2026-06-10T00:49:06.706Z,0.02,0.066,3.3
2026-06-10T00:49:06.907Z,0.01,0.033,3.3
2026-06-10T00:49:07.108Z,0.01,0.033,3.3
2026-06-10T00:49:07.310Z,0.02,0.066,3.3
2026-06-10T00:49:07.512Z,0.02,0.066,3.3
2026-06-10T00:49:07.713Z,0.02,0.066,3.3
2026-06-10T00:49:07.915Z,0.02,0.066,3.3
2026-06-10T00:49:08.118Z,0.01,0.033,3.3
2026-06-10T00:49:08.318Z,0.01,0.033,3.3
2026-06-10T00:49:08.519Z,0.01,0.033,3.3
2026-06-10T00:49:08.720Z,0.01,0.033,3.3
2026-06-10T00:49:08.920Z,0.01,0.033,3.3
2026-06-10T00:49:09.121Z,0.01,0.033,3.3
2026-06-10T00:49:09.323Z,0.01,0.033,3.3
2026-06-10T00:49:09.524Z,0.02,0.066,3.3
2026-06-10T00:49:09.724Z,0.02,0.066,3.3
2026-06-10T00:49:09.925Z,0.02,0.066,3.3
2026-06-10T00:49:10.127Z,0.02,0.066,3.3
2026-06-10T00:49:10.327Z,0.02,0.066,3.3
2026-06-10T00:49:10.529Z,0.02,0.066,3.3
2026-06-10T00:49:10.731Z,0.01,0.033,3.3
2026-06-10T00:49:10.932Z,0.01,0.033,3.3
2026-06-10T00:49:11.134Z,0.02,0.066,3.3
2026-06-10T00:49:11.335Z,0.02,0.066,3.3
2026-06-10T00:49:11.536Z,0.02,0.066,3.3
2026-06-10T00:49:11.737Z,0.02,0.066,3.3
2026-06-10T00:49:11.939Z,0.02,0.066,3.3
2026-06-10T00:49:12.141Z,0.01,0.033,3.3
2026-06-10T00:49:12.342Z,0.02,0.066,3.3
2026-06-10T00:49:12.544Z,0.01,0.033,3.3
2026-06-10T00:49:12.745Z,0.02,0.066,3.3
2026-06-10T00:49:12.946Z,0.02,0.066,3.3
2026-06-10T00:49:13.148Z,0.02,0.066,3.3
2026-06-10T00:49:13.350Z,0.02,0.066,3.3
2026-06-10T00:49:13.550Z,0.01,0.033,3.3
2026-06-10T00:49:13.750Z,0.01,0.033,3.3
2026-06-10T00:49:13.952Z,0.01,0.033,3.3
2026-06-10T00:49:14.155Z,0.01,0.033,3.3
2026-06-10T00:49:14.357Z,0.01,0.033,3.3
2026-06-10T00:49:14.559Z,0.02,0.066,3.3
2026-06-10T00:49:14.761Z,0.02,0.066,3.3
2026-06-10T00:49:14.963Z,0.02,0.066,3.3
2026-06-10T00:49:15.165Z,0.02,0.066,3.3
2026-06-10T00:49:15.367Z,0.02,0.066,3.3
2026-06-10T00:49:15.567Z,0.02,0.066,3.3
2026-06-10T00:49:15.770Z,0.02,0.066,3.3
2026-06-10T00:49:15.970Z,0.02,0.066,3.3
2026-06-10T00:49:16.171Z,0.01,0.033,3.3
2026-06-10T00:49:16.372Z,0.01,0.033,3.3
2026-06-10T00:49:16.574Z,0.01,0.033,3.3
2026-06-10T00:49:16.774Z,0.01,0.033,3.3
2026-06-10T00:49:16.977Z,0.01,0.033,3.3
2026-06-10T00:49:17.179Z,0.02,0.066,3.3
2026-06-10T00:49:17.380Z,0.02,0.066,3.3
2026-06-10T00:49:17.582Z,0.02,0.066,3.3
2026-06-10T00:49:17.783Z,0.02,0.066,3.3
2026-06-10T00:49:17.985Z,0.01,0.033,3.3
2026-06-10T00:49:18.187Z,0.01,0.033,3.3
2026-06-10T00:49:18.388Z,0.01,0.033,3.3
2026-06-10T00:49:18.589Z,0.01,0.033,3.3
2026-06-10T00:49:18.790Z,0.02,0.066,3.3
2026-06-10T00:49:18.990Z,0.02,0.066,3.3
2026-06-10T00:49:19.193Z,0.02,0.066,3.3
2026-06-10T00:49:19.395Z,0.01,0.033,3.3
2026-06-10T00:49:19.595Z,0.01,0.033,3.3
2026-06-10T00:49:19.797Z,0.01,0.033,3.3
2026-06-10T00:49:19.998Z,0.02,0.066,3.3
2026-06-10T00:49:20.198Z,0.02,0.066,3.3
2026-06-10T00:49:20.399Z,0.02,0.066,3.3
2026-06-10T00:49:20.600Z,0.02,0.066,3.3
2026-06-10T00:49:20.800Z,0.02,0.066,3.3
2026-06-10T00:49:21.001Z,0.02,0.066,3.3
2026-06-10T00:49:21.204Z,0.01,0.033,3.3
2026-06-10T00:49:21.406Z,0.01,0.033,3.3
2026-06-10T00:49:21.608Z,0.01,0.033,3.3
2026-06-10T00:49:21.809Z,0.02,0.066,3.3
2026-06-10T00:49:22.011Z,0.02,0.066,3.3
2026-06-10T00:49:22.212Z,0.02,0.066,3.3
2026-06-10T00:49:22.415Z,0.01,0.033,3.3
2026-06-10T00:49:22.614Z,0.01,0.033,3.3
2026-06-10T00:49:22.814Z,0.01,0.033,3.3
2026-06-10T00:49:23.015Z,0.02,0.066,3.3
2026-06-10T00:49:23.218Z,0.02,0.066,3.3
2026-06-10T00:49:23.421Z,0.02,0.066,3.3
2026-06-10T00:49:23.620Z,0.01,0.033,3.3
2026-06-10T00:49:23.823Z,0.01,0.033,3.3
2026-06-10T00:49:24.024Z,0.01,0.033,3.3
2026-06-10T00:49:24.225Z,0.01,0.033,3.3
2026-06-10T00:49:24.426Z,0.01,0.033,3.3
2026-06-10T00:49:24.626Z,0.02,0.066,3.3
2026-06-10T00:49:24.827Z,0.02,0.066,3.3
2026-06-10T00:49:25.029Z,0.02,0.066,3.3
2026-06-10T00:49:25.231Z,0.02,0.066,3.3
2026-06-10T00:49:25.433Z,0.02,0.066,3.3
2026-06-10T00:49:25.635Z,0.02,0.066,3.3
2026-06-10T00:49:25.836Z,0.02,0.066,3.3
2026-06-10T00:49:26.039Z,0.02,0.066,3.3
2026-06-10T00:49:26.241Z,0.02,0.066,3.3
2026-06-10T00:49:26.447Z,0.01,0.033,3.3
2026-06-10T00:49:26.649Z,0.01,0.033,3.3
2026-06-10T00:49:26.849Z,0.01,0.033,3.3
2026-06-10T00:49:27.052Z,0.02,0.066,3.3
2026-06-10T00:49:27.252Z,0.02,0.066,3.3
2026-06-10T00:49:27.454Z,0.02,0.066,3.3
2026-06-10T00:49:27.654Z,0.01,0.033,3.3
2026-06-10T00:49:27.856Z,0.01,0.033,3.3
2026-06-10T00:49:28.057Z,0.01,0.033,3.3
2026-06-10T00:49:28.257Z,0.01,0.033,3.3
2026-06-10T00:49:28.459Z,0.01,0.033,3.3
2026-06-10T00:49:28.662Z,0.02,0.066,3.3
2026-06-10T00:49:28.863Z,0.02,0.066,3.3
2026-06-10T00:49:29.064Z,0.02,0.066,3.3
2026-06-10T00:49:29.265Z,0.02,0.066,3.3
2026-06-10T00:49:29.466Z,0.02,0.066,3.3
2026-06-10T00:49:29.668Z,0.02,0.066,3.3
2026-06-10T00:49:29.868Z,0.01,0.033,3.3
2026-06-10T00:49:30.070Z,0.01,0.033,3.3
2026-06-10T00:49:30.272Z,0.01,0.033,3.3
2026-06-10T00:49:30.472Z,0.02,0.066,3.3
2026-06-10T00:49:30.674Z,0.02,0.066,3.3
2026-06-10T00:49:30.876Z,0.02,0.066,3.3
2026-06-10T00:49:31.077Z,0.02,0.066,3.3
2026-06-10T00:49:31.278Z,0.01,0.033,3.3
2026-06-10T00:49:31.478Z,0.01,0.033,3.3
2026-06-10T00:49:31.680Z,0.01,0.033,3.3
2026-06-10T00:49:31.882Z,0.01,0.033,3.3
2026-06-10T00:49:32.082Z,0.01,0.033,3.3
2026-06-10T00:49:32.284Z,0.01,0.033,3.3
2026-06-10T00:49:32.485Z,0.01,0.033,3.3
2026-06-10T00:49:32.686Z,0.01,0.033,3.3
2026-06-10T00:49:32.886Z,0.01,0.033,3.3
2026-06-10T00:49:33.088Z,0.01,0.033,3.3
2026-06-10T00:49:33.289Z,0.01,0.033,3.3
2026-06-10T00:49:33.489Z,0.01,0.033,3.3
2026-06-10T00:49:33.691Z,0.01,0.033,3.3
2026-06-10T00:49:33.893Z,0.01,0.033,3.3
2026-06-10T00:49:34.097Z,0.01,0.033,3.3
2026-06-10T00:49:34.298Z,0.01,0.033,3.3
2026-06-10T00:49:34.499Z,0,0,3.3
2026-06-10T00:49:34.699Z,0.01,0.033,3.3
2026-06-10T00:49:34.901Z,0.01,0.033,3.3
2026-06-10T00:49:35.103Z,0.01,0.033,3.3
2026-06-10T00:49:35.305Z,0.01,0.033,3.3
2026-06-10T00:49:35.508Z,0.01,0.033,3.3
2026-06-10T00:49:35.709Z,0.01,0.033,3.3
2026-06-10T00:49:35.910Z,0.02,0.066,3.3
2026-06-10T00:49:36.111Z,0.02,0.066,3.3
2026-06-10T00:49:36.313Z,0.02,0.066,3.3
2026-06-10T00:49:36.513Z,0.02,0.066,3.3
2026-06-10T00:49:36.714Z,0.02,0.066,3.3
2026-06-10T00:49:36.915Z,0.01,0.033,3.3
2026-06-10T00:49:37.116Z,0.01,0.033,3.3
2026-06-10T00:49:37.316Z,0.01,0.033,3.3
2026-06-10T00:49:37.517Z,0.01,0.033,3.3
2026-06-10T00:49:37.718Z,0.01,0.033,3.3
2026-06-10T00:49:37.918Z,0.02,0.066,3.3
2026-06-10T00:49:38.121Z,0.02,0.066,3.3
2026-06-10T00:49:38.322Z,0.02,0.066,3.3
2026-06-10T00:49:38.523Z,0.02,0.066,3.3
2026-06-10T00:49:38.725Z,0.01,0.033,3.3
2026-06-10T00:49:38.926Z,0.01,0.033,3.3
2026-06-10T00:49:39.128Z,0.01,0.033,3.3
2026-06-10T00:49:39.329Z,2.64,8.712,3.3
2026-06-10T00:49:39.530Z,43.5,143.55,3.3
2026-06-10T00:49:39.732Z,64.42,212.586,3.3
2026-06-10T00:49:39.932Z,65.2,215.16,3.3
2026-06-10T00:49:40.134Z,66.54,219.582,3.3
2026-06-10T00:49:40.336Z,72.28,238.524,3.3
2026-06-10T00:49:40.538Z,68.77,226.941,3.3
2026-06-10T00:49:40.739Z,57.09,188.397,3.3
2026-06-10T00:49:40.941Z,53.73,177.309,3.3
2026-06-10T00:49:41.142Z,51.65,170.445,3.3
2026-06-10T00:49:41.343Z,55.2,182.16,3.3
2026-06-10T00:49:41.545Z,62.92,207.636,3.3
2026-06-10T00:49:41.746Z,68.19,225.027,3.3
2026-06-10T00:49:41.947Z,67.3,222.09,3.3
2026-06-10T00:49:42.149Z,62.36,205.788,3.3
2026-06-10T00:49:42.350Z,63.68,210.144,3.3
2026-06-10T00:49:42.552Z,64.53,212.949,3.3
2026-06-10T00:49:42.754Z,64.6,213.18,3.3
2026-06-10T00:49:42.955Z,61.31,202.323,3.3
2026-06-10T00:49:43.157Z,63.19,208.527,3.3
2026-06-10T00:49:43.358Z,103.28,340.824,3.3
2026-06-10T00:49:43.560Z,138.84,458.172,3.3
2026-06-10T00:49:43.762Z,111.83,369.039,3.3
2026-06-10T00:49:43.962Z,105.74,348.942,3.3
2026-06-10T00:49:44.165Z,108.87,359.271,3.3
2026-06-10T00:49:44.366Z,110.34,364.122,3.3
2026-06-10T00:49:44.567Z,103.1,340.23,3.3
2026-06-10T00:49:44.768Z,104.85,346.005,3.3
2026-06-10T00:49:44.970Z,100.1,330.33,3.3
2026-06-10T00:49:45.172Z,98.5,325.05,3.3
2026-06-10T00:49:45.372Z,104.03,343.299,3.3
2026-06-10T00:49:45.573Z,119.79,395.307,3.3
2026-06-10T00:49:45.775Z,119.59,394.647,3.3
2026-06-10T00:49:45.976Z,106.44,351.252,3.3
2026-06-10T00:49:46.178Z,95.29,314.457,3.3
2026-06-10T00:49:46.380Z,93.45,308.385,3.3
2026-06-10T00:49:46.582Z,93.45,308.385,3.3
2026-06-10T00:49:46.783Z,95.31,314.523,3.3
2026-06-10T00:49:46.985Z,97.56,321.948,3.3
2026-06-10T00:49:47.187Z,94.52,311.916,3.3
2026-06-10T00:49:47.388Z,75.7,249.81,3.3
2026-06-10T00:49:47.590Z,54.88,181.104,3.3
2026-06-10T00:49:47.792Z,22.91,75.603,3.3
2026-06-10T00:49:47.994Z,1.73,5.709,3.3
2026-06-10T00:49:48.195Z,0.12,0.396,3.3
2026-06-10T00:49:48.397Z,0.04,0.132,3.3
2026-06-10T00:49:48.598Z,0.02,0.066,3.3
2026-06-10T00:49:48.800Z,0.02,0.066,3.3
2026-06-10T00:49:49.001Z,0.02,0.066,3.3
2026-06-10T00:49:49.202Z,0.01,0.033,3.3
2026-06-10T00:49:49.405Z,0.01,0.033,3.3
2026-06-10T00:49:49.606Z,0.01,0.033,3.3
2026-06-10T00:49:49.807Z,0.01,0.033,3.3
2026-06-10T00:49:50.008Z,0,0,3.3
2026-06-10T00:49:50.209Z,0.01,0.033,3.3
2026-06-10T00:49:50.412Z,0.01,0.033,3.3
2026-06-10T00:49:50.612Z,0.01,0.033,3.3
2026-06-10T00:49:50.814Z,0.01,0.033,3.3
2026-06-10T00:49:51.016Z,0.01,0.033,3.3
2026-06-10T00:49:51.216Z,0.01,0.033,3.3
2026-06-10T00:49:51.424Z,0.01,0.033,3.3
2026-06-10T00:49:51.620Z,0,0,3.3
2026-06-10T00:49:51.821Z,0,0,3.3
2026-06-10T00:49:52.023Z,0,0,3.3
2026-06-10T00:49:52.223Z,0.01,0.033,3.3
2026-06-10T00:49:52.424Z,0.01,0.033,3.3
2026-06-10T00:49:52.626Z,0.01,0.033,3.3
2026-06-10T00:49:52.828Z,0.01,0.033,3.3
2026-06-10T00:49:53.030Z,0.01,0.033,3.3
2026-06-10T00:49:53.232Z,0.01,0.033,3.3
2026-06-10T00:49:53.437Z,0.01,0.033,3.3
2026-06-10T00:49:53.637Z,0.01,0.033,3.3
2026-06-10T00:49:53.838Z,0.01,0.033,3.3
2026-06-10T00:49:54.038Z,0.01,0.033,3.3
2026-06-10T00:49:54.240Z,0.01,0.033,3.3
2026-06-10T00:49:54.448Z,0.02,0.066,3.3
2026-06-10T00:49:54.649Z,0.02,0.066,3.3
2026-06-10T00:49:54.850Z,0.02,0.066,3.3
2026-06-10T00:49:55.052Z,0.02,0.066,3.3
2026-06-10T00:49:55.254Z,0.02,0.066,3.3
2026-06-10T00:49:55.456Z,0.01,0.033,3.3
2026-06-10T00:49:55.657Z,0.01,0.033,3.3
2026-06-10T00:49:55.859Z,0.01,0.033,3.3
2026-06-10T00:49:56.059Z,0.01,0.033,3.3
2026-06-10T00:49:56.260Z,0.01,0.033,3.3
2026-06-10T00:49:56.461Z,0.02,0.066,3.3
2026-06-10T00:49:56.663Z,0.02,0.066,3.3
2026-06-10T00:49:56.864Z,0.02,0.066,3.3
2026-06-10T00:49:57.066Z,0.02,0.066,3.3
2026-06-10T00:49:57.268Z,0.01,0.033,3.3
2026-06-10T00:49:57.469Z,0.01,0.033,3.3
2026-06-10T00:49:57.671Z,0.02,0.066,3.3
2026-06-10T00:49:57.873Z,0.02,0.066,3.3
2026-06-10T00:49:58.073Z,0.02,0.066,3.3
2026-06-10T00:49:58.275Z,0.01,0.033,3.3
2026-06-10T00:49:58.477Z,0.02,0.066,3.3
2026-06-10T00:49:58.677Z,0.02,0.066,3.3
2026-06-10T00:49:58.879Z,0.02,0.066,3.3
2026-06-10T00:49:59.082Z,0.02,0.066,3.3
2026-06-10T00:49:59.282Z,0.02,0.066,3.3
2026-06-10T00:49:59.483Z,0.02,0.066,3.3
2026-06-10T00:49:59.685Z,0.02,0.066,3.3
2026-06-10T00:49:59.885Z,0.02,0.066,3.3
2026-06-10T00:50:00.087Z,0.02,0.066,3.3
2026-06-10T00:50:00.289Z,0.01,0.033,3.3
2026-06-10T00:50:00.490Z,0.01,0.033,3.3
2026-06-10T00:50:00.692Z,0.02,0.066,3.3
2026-06-10T00:50:00.893Z,0.02,0.066,3.3
2026-06-10T00:50:01.095Z,0.02,0.066,3.3
2026-06-10T00:50:01.297Z,0.02,0.066,3.3
2026-06-10T00:50:01.498Z,0.02,0.066,3.3
2026-06-10T00:50:01.699Z,0.01,0.033,3.3
2026-06-10T00:50:01.900Z,0.02,0.066,3.3
2026-06-10T00:50:02.102Z,0.02,0.066,3.3
2026-06-10T00:50:02.304Z,0.02,0.066,3.3
2026-06-10T00:50:02.504Z,0.02,0.066,3.3
2026-06-10T00:50:02.707Z,0.02,0.066,3.3
2026-06-10T00:50:02.907Z,0.02,0.066,3.3
2026-06-10T00:50:03.109Z,0.01,0.033,3.3
2026-06-10T00:50:03.311Z,0.01,0.033,3.3
2026-06-10T00:50:03.512Z,0.02,0.066,3.3
2026-06-10T00:50:03.713Z,0.02,0.066,3.3
2026-06-10T00:50:03.914Z,0.02,0.066,3.3
2026-06-10T00:50:04.115Z,0.02,0.066,3.3
2026-06-10T00:50:04.315Z,0.01,0.033,3.3
2026-06-10T00:50:04.518Z,0.01,0.033,3.3
2026-06-10T00:50:04.718Z,0.02,0.066,3.3
2026-06-10T00:50:04.919Z,0.02,0.066,3.3
2026-06-10T00:50:05.119Z,0.02,0.066,3.3
2026-06-10T00:50:05.321Z,0.02,0.066,3.3
2026-06-10T00:50:05.524Z,0.02,0.066,3.3
2026-06-10T00:50:05.725Z,0.01,0.033,3.3
2026-06-10T00:50:05.927Z,0.01,0.033,3.3
2026-06-10T00:50:06.127Z,0.01,0.033,3.3
2026-06-10T00:50:06.328Z,0.01,0.033,3.3
2026-06-10T00:50:06.529Z,0.02,0.066,3.3
2026-06-10T00:50:06.730Z,0.01,0.033,3.3
2026-06-10T00:50:06.931Z,0.02,0.066,3.3
2026-06-10T00:50:07.133Z,0.02,0.066,3.3
2026-06-10T00:50:07.334Z,0.02,0.066,3.3
2026-06-10T00:50:07.534Z,0.02,0.066,3.3
2026-06-10T00:50:07.736Z,0.02,0.066,3.3
2026-06-10T00:50:07.938Z,0.02,0.066,3.3
2026-06-10T00:50:08.139Z,0.01,0.033,3.3
2026-06-10T00:50:08.339Z,0.01,0.033,3.3
2026-06-10T00:50:08.540Z,0.01,0.033,3.3
2026-06-10T00:50:08.742Z,0.02,0.066,3.3
2026-06-10T00:50:08.943Z,0.02,0.066,3.3
2026-06-10T00:50:09.146Z,0.02,0.066,3.3
2026-06-10T00:50:09.347Z,0.02,0.066,3.3
2026-06-10T00:50:09.548Z,0.01,0.033,3.3
2026-06-10T00:50:09.749Z,0.01,0.033,3.3
2026-06-10T00:50:09.950Z,0.01,0.033,3.3
2026-06-10T00:50:10.151Z,0.02,0.066,3.3
2026-06-10T00:50:10.353Z,0.02,0.066,3.3
2026-06-10T00:50:10.555Z,0.02,0.066,3.3
2026-06-10T00:50:10.756Z,0.01,0.033,3.3
2026-06-10T00:50:10.957Z,0.01,0.033,3.3
2026-06-10T00:50:11.158Z,0.02,0.066,3.3
2026-06-10T00:50:11.358Z,0.03,0.099,3.3
2026-06-10T00:50:11.559Z,0.02,0.066,3.3
2026-06-10T00:50:11.761Z,0.02,0.066,3.3
2026-06-10T00:50:11.961Z,0.02,0.066,3.3
2026-06-10T00:50:12.162Z,0.01,0.033,3.3
2026-06-10T00:50:12.363Z,0.01,0.033,3.3
2026-06-10T00:50:12.566Z,0.02,0.066,3.3
2026-06-10T00:50:12.766Z,0.02,0.066,3.3
2026-06-10T00:50:12.969Z,0.02,0.066,3.3
2026-06-10T00:50:13.170Z,0.02,0.066,3.3
2026-06-10T00:50:13.372Z,0.01,0.033,3.3
2026-06-10T00:50:13.572Z,0.01,0.033,3.3
2026-06-10T00:50:13.773Z,0.01,0.033,3.3
2026-06-10T00:50:13.976Z,0.01,0.033,3.3
2026-06-10T00:50:14.176Z,0.02,0.066,3.3
2026-06-10T00:50:14.378Z,0.02,0.066,3.3
2026-06-10T00:50:14.580Z,0.02,0.066,3.3
2026-06-10T00:50:14.781Z,0.02,0.066,3.3
2026-06-10T00:50:14.983Z,0.02,0.066,3.3
2026-06-10T00:50:15.184Z,0.01,0.033,3.3
2026-06-10T00:50:15.385Z,0.01,0.033,3.3
2026-06-10T00:50:15.586Z,0.01,0.033,3.3
2026-06-10T00:50:15.788Z,0.01,0.033,3.3
2026-06-10T00:50:15.988Z,0.02,0.066,3.3
2026-06-10T00:50:16.190Z,0.02,0.066,3.3
2026-06-10T00:50:16.391Z,0.02,0.066,3.3
2026-06-10T00:50:16.592Z,0.02,0.066,3.3
2026-06-10T00:50:16.794Z,0.01,0.033,3.3
2026-06-10T00:50:16.996Z,0.01,0.033,3.3
2026-06-10T00:50:17.198Z,0.01,0.033,3.3
2026-06-10T00:50:17.399Z,0.02,0.066,3.3
2026-06-10T00:50:17.601Z,0.02,0.066,3.3
2026-06-10T00:50:17.801Z,0.02,0.066,3.3
2026-06-10T00:50:18.002Z,0.02,0.066,3.3
2026-06-10T00:50:18.204Z,0.02,0.066,3.3
2026-06-10T00:50:18.404Z,0.01,0.033,3.3
2026-06-10T00:50:18.605Z,0.01,0.033,3.3
2026-06-10T00:50:18.807Z,0.01,0.033,3.3
2026-06-10T00:50:19.008Z,0.02,0.066,3.3
2026-06-10T00:50:19.209Z,0.01,0.033,3.3
2026-06-10T00:50:19.413Z,0.01,0.033,3.3
2026-06-10T00:50:19.612Z,0.01,0.033,3.3
2026-06-10T00:50:19.812Z,0.02,0.066,3.3
2026-06-10T00:50:20.014Z,0.02,0.066,3.3
2026-06-10T00:50:20.217Z,0.02,0.066,3.3
2026-06-10T00:50:20.421Z,0.01,0.033,3.3
2026-06-10T00:50:20.621Z,0.01,0.033,3.3
2026-06-10T00:50:20.823Z,0.01,0.033,3.3
2026-06-10T00:50:21.025Z,0.02,0.066,3.3
2026-06-10T00:50:21.225Z,0.02,0.066,3.3
2026-06-10T00:50:21.427Z,0.02,0.066,3.3
2026-06-10T00:50:21.628Z,0.02,0.066,3.3
2026-06-10T00:50:21.828Z,0.01,0.033,3.3
2026-06-10T00:50:22.029Z,0.01,0.033,3.3
2026-06-10T00:50:22.230Z,0.01,0.033,3.3
2026-06-10T00:50:22.437Z,0.01,0.033,3.3
2026-06-10T00:50:22.639Z,0.02,0.066,3.3
2026-06-10T00:50:22.840Z,0.02,0.066,3.3
2026-06-10T00:50:23.042Z,0.02,0.066,3.3
2026-06-10T00:50:23.243Z,0.02,0.066,3.3
2026-06-10T00:50:23.447Z,0.02,0.066,3.3
2026-06-10T00:50:23.650Z,0.02,0.066,3.3
2026-06-10T00:50:23.850Z,0.02,0.066,3.3
2026-06-10T00:50:24.051Z,0.01,0.033,3.3
2026-06-10T00:50:24.252Z,0.01,0.033,3.3
2026-06-10T00:50:24.455Z,0.01,0.033,3.3
2026-06-10T00:50:24.657Z,0.02,0.066,3.3
2026-06-10T00:50:24.858Z,0.02,0.066,3.3
2026-06-10T00:50:25.061Z,0.02,0.066,3.3
2026-06-10T00:50:25.263Z,0.02,0.066,3.3
2026-06-10T00:50:25.464Z,0.01,0.033,3.3
2026-06-10T00:50:25.665Z,0.01,0.033,3.3
2026-06-10T00:50:25.867Z,0.02,0.066,3.3
2026-06-10T00:50:26.069Z,0.02,0.066,3.3
2026-06-10T00:50:26.271Z,0.02,0.066,3.3
2026-06-10T00:50:26.475Z,0.02,0.066,3.3
2026-06-10T00:50:26.675Z,0.02,0.066,3.3
2026-06-10T00:50:26.877Z,0.02,0.066,3.3
2026-06-10T00:50:27.079Z,0.02,0.066,3.3
2026-06-10T00:50:27.280Z,0.02,0.066,3.3
2026-06-10T00:50:27.484Z,0.01,0.033,3.3
2026-06-10T00:50:27.685Z,0.01,0.033,3.3
2026-06-10T00:50:27.886Z,0.01,0.033,3.3
2026-06-10T00:50:28.087Z,0.02,0.066,3.3
2026-06-10T00:50:28.288Z,0.02,0.066,3.3
2026-06-10T00:50:28.489Z,0.02,0.066,3.3
2026-06-10T00:50:28.691Z,0.02,0.066,3.3
2026-06-10T00:50:28.891Z,0.01,0.033,3.3
2026-06-10T00:50:29.092Z,0.01,0.033,3.3
2026-06-10T00:50:29.292Z,0.01,0.033,3.3
2026-06-10T00:50:29.493Z,0.01,0.033,3.3
2026-06-10T00:50:29.695Z,0.01,0.033,3.3
2026-06-10T00:50:29.895Z,0.01,0.033,3.3
2026-06-10T00:50:30.096Z,0.01,0.033,3.3
2026-06-10T00:50:30.297Z,0.01,0.033,3.3
2026-06-10T00:50:30.499Z,0.03,0.099,3.3
2026-06-10T00:50:30.700Z,0.02,0.066,3.3
2026-06-10T00:50:30.901Z,0.02,0.066,3.3
2026-06-10T00:50:31.103Z,0.02,0.066,3.3
2026-06-10T00:50:31.304Z,0.02,0.066,3.3
2026-06-10T00:50:31.505Z,0.01,0.033,3.3
2026-06-10T00:50:31.706Z,0.01,0.033,3.3
2026-06-10T00:50:31.908Z,0.02,0.066,3.3
2026-06-10T00:50:32.110Z,0.02,0.066,3.3
2026-06-10T00:50:32.313Z,0.02,0.066,3.3
2026-06-10T00:50:32.514Z,0.02,0.066,3.3
2026-06-10T00:50:32.715Z,0.02,0.066,3.3
2026-06-10T00:50:32.915Z,0.01,0.033,3.3
2026-06-10T00:50:33.117Z,0.02,0.066,3.3
2026-06-10T00:50:33.318Z,0.02,0.066,3.3
2026-06-10T00:50:33.521Z,0.03,0.099,3.3
2026-06-10T00:50:33.723Z,0.02,0.066,3.3
2026-06-10T00:50:33.923Z,0.02,0.066,3.3
2026-06-10T00:50:34.124Z,0.01,0.033,3.3
2026-06-10T00:50:34.326Z,0.01,0.033,3.3
2026-06-10T00:50:34.528Z,0.01,0.033,3.3
2026-06-10T00:50:34.729Z,0.02,0.066,3.3
2026-06-10T00:50:34.931Z,0.02,0.066,3.3
2026-06-10T00:50:35.133Z,0.02,0.066,3.3
2026-06-10T00:50:35.335Z,0.01,0.033,3.3
2026-06-10T00:50:35.538Z,0.01,0.033,3.3
2026-06-10T00:50:35.739Z,0.01,0.033,3.3
2026-06-10T00:50:35.941Z,0.02,0.066,3.3
2026-06-10T00:50:36.142Z,0.02,0.066,3.3
2026-06-10T00:50:36.345Z,0.02,0.066,3.3
2026-06-10T00:50:36.546Z,0.02,0.066,3.3
2026-06-10T00:50:36.747Z,0.02,0.066,3.3
2026-06-10T00:50:36.948Z,0.01,0.033,3.3
2026-06-10T00:50:37.149Z,0.01,0.033,3.3
2026-06-10T00:50:37.350Z,0.02,0.066,3.3
2026-06-10T00:50:37.551Z,0.02,0.066,3.3
2026-06-10T00:50:37.753Z,0.02,0.066,3.3
2026-06-10T00:50:37.954Z,0.02,0.066,3.3
2026-06-10T00:50:38.156Z,0.02,0.066,3.3
2026-06-10T00:50:38.357Z,0.02,0.066,3.3
2026-06-10T00:50:38.559Z,0.01,0.033,3.3
2026-06-10T00:50:38.760Z,0.01,0.033,3.3
2026-06-10T00:50:38.962Z,0.01,0.033,3.3
2026-06-10T00:50:39.162Z,0.01,0.033,3.3
2026-06-10T00:50:39.363Z,0.01,0.033,3.3
2026-06-10T00:50:39.564Z,0.02,0.066,3.3
2026-06-10T00:50:39.765Z,0.02,0.066,3.3
2026-06-10T00:50:39.967Z,0.02,0.066,3.3
2026-06-10T00:50:40.169Z,11.01,36.333,3.3
2026-06-10T00:50:40.370Z,51.88,171.204,3.3
2026-06-10T00:50:40.571Z,65.33,215.589,3.3
2026-06-10T00:50:40.773Z,65.08,214.764,3.3
2026-06-10T00:50:40.976Z,69.72,230.076,3.3
2026-06-10T00:50:41.177Z,71.54,236.082,3.3
2026-06-10T00:50:41.379Z,64.99,214.467,3.3
2026-06-10T00:50:41.581Z,56.62,186.846,3.3
2026-06-10T00:50:41.783Z,53,174.9,3.3
2026-06-10T00:50:41.985Z,51.64,170.412,3.3
2026-06-10T00:50:42.186Z,55.88,184.404,3.3
2026-06-10T00:50:42.386Z,63.66,210.078,3.3
2026-06-10T00:50:42.588Z,68.35,225.555,3.3
2026-06-10T00:50:42.789Z,66.97,221.001,3.3
2026-06-10T00:50:42.991Z,62.48,206.184,3.3
2026-06-10T00:50:43.192Z,62.93,207.669,3.3
2026-06-10T00:50:43.395Z,62.32,205.656,3.3
2026-06-10T00:50:43.596Z,61.74,203.742,3.3
2026-06-10T00:50:43.798Z,62.99,207.867,3.3
2026-06-10T00:50:43.999Z,64.2,211.86,3.3
2026-06-10T00:50:44.201Z,63.91,210.903,3.3
2026-06-10T00:50:44.401Z,126.09,416.097,3.3
2026-06-10T00:50:44.603Z,138.88,458.304,3.3
2026-06-10T00:50:44.805Z,110.34,364.122,3.3
2026-06-10T00:50:45.006Z,119.92,395.736,3.3
2026-06-10T00:50:45.207Z,119.54,394.482,3.3
2026-06-10T00:50:45.409Z,102.62,338.646,3.3
2026-06-10T00:50:45.610Z,102.46,338.118,3.3
2026-06-10T00:50:45.813Z,101.19,333.927,3.3
2026-06-10T00:50:46.014Z,102.41,337.953,3.3
2026-06-10T00:50:46.213Z,112.11,369.963,3.3
2026-06-10T00:50:46.414Z,122.7,404.91,3.3
2026-06-10T00:50:46.617Z,112.6,371.58,3.3
2026-06-10T00:50:46.818Z,96.6,318.78,3.3
2026-06-10T00:50:47.019Z,93.41,308.253,3.3
2026-06-10T00:50:47.221Z,93.52,308.616,3.3
2026-06-10T00:50:47.423Z,96.37,318.021,3.3
2026-06-10T00:50:47.625Z,94.36,311.388,3.3
2026-06-10T00:50:47.826Z,97.07,320.331,3.3
2026-06-10T00:50:48.028Z,84.93,280.269,3.3
2026-06-10T00:50:48.229Z,58.13,191.829,3.3
2026-06-10T00:50:48.431Z,36.26,119.658,3.3
2026-06-10T00:50:48.632Z,2.52,8.316,3.3
2026-06-10T00:50:48.834Z,0.68,2.244,3.3
2026-06-10T00:50:49.038Z,0.04,0.132,3.3
2026-06-10T00:50:49.239Z,0.02,0.066,3.3
2026-06-10T00:50:49.447Z,0.01,0.033,3.3
2026-06-10T00:50:49.648Z,0,0,3.3
2026-06-10T00:50:49.849Z,0.01,0.033,3.3
2026-06-10T00:50:50.050Z,0.01,0.033,3.3
2026-06-10T00:50:50.251Z,0.01,0.033,3.3
2026-06-10T00:50:50.452Z,0,0,3.3
2026-06-10T00:50:50.653Z,0,0,3.3
2026-06-10T00:50:50.854Z,0,0,3.3
2026-06-10T00:50:51.055Z,0,0,3.3
2026-06-10T00:50:51.257Z,0,0,3.3
2026-06-10T00:50:51.459Z,0,0,3.3
2026-06-10T00:50:51.660Z,0.01,0.033,3.3
2026-06-10T00:50:51.863Z,0.01,0.033,3.3
2026-06-10T00:50:52.064Z,0.01,0.033,3.3
2026-06-10T00:50:52.265Z,0.02,0.066,3.3
2026-06-10T00:50:52.467Z,0.01,0.033,3.3
2026-06-10T00:50:52.669Z,0.01,0.033,3.3
2026-06-10T00:50:52.870Z,0.02,0.066,3.3
2026-06-10T00:50:53.072Z,0.03,0.099,3.3
2026-06-10T00:50:53.274Z,0.03,0.099,3.3
2026-06-10T00:50:53.475Z,0.03,0.099,3.3
2026-06-10T00:50:53.677Z,0.02,0.066,3.3
2026-06-10T00:50:53.879Z,0.02,0.066,3.3
2026-06-10T00:50:54.080Z,0.01,0.033,3.3
2026-06-10T00:50:54.283Z,0.01,0.033,3.3
2026-06-10T00:50:54.483Z,0.02,0.066,3.3
2026-06-10T00:50:54.683Z,0.02,0.066,3.3
2026-06-10T00:50:54.884Z,0.02,0.066,3.3
2026-06-10T00:50:55.085Z,0.02,0.066,3.3
2026-06-10T00:50:55.287Z,0.02,0.066,3.3
2026-06-10T00:50:55.489Z,0.02,0.066,3.3
2026-06-10T00:50:55.690Z,0.02,0.066,3.3
2026-06-10T00:50:55.893Z,0.02,0.066,3.3
2026-06-10T00:50:56.095Z,0.02,0.066,3.3
2026-06-10T00:50:56.296Z,0.02,0.066,3.3
2026-06-10T00:50:56.496Z,0.01,0.033,3.3
2026-06-10T00:50:56.698Z,0.02,0.066,3.3
2026-06-10T00:50:56.900Z,0.02,0.066,3.3
2026-06-10T00:50:57.101Z,0.01,0.033,3.3
2026-06-10T00:50:57.303Z,0.02,0.066,3.3
2026-06-10T00:50:57.504Z,0.02,0.066,3.3
2026-06-10T00:50:57.705Z,0.02,0.066,3.3
2026-06-10T00:50:57.906Z,0.01,0.033,3.3
2026-06-10T00:50:58.107Z,0.01,0.033,3.3
2026-06-10T00:50:58.308Z,0.02,0.066,3.3
2026-06-10T00:50:58.509Z,0.02,0.066,3.3
2026-06-10T00:50:58.710Z,0.02,0.066,3.3
2026-06-10T00:50:58.912Z,0.02,0.066,3.3
2026-06-10T00:50:59.115Z,0.01,0.033,3.3
2026-06-10T00:50:59.316Z,0.01,0.033,3.3
2026-06-10T00:50:59.518Z,0.01,0.033,3.3
2026-06-10T00:50:59.719Z,0.01,0.033,3.3
2026-06-10T00:50:59.920Z,0.02,0.066,3.3
2026-06-10T00:51:00.123Z,0.02,0.066,3.3
2026-06-10T00:51:00.324Z,0.02,0.066,3.3
2026-06-10T00:51:00.525Z,0.02,0.066,3.3
2026-06-10T00:51:00.727Z,0.01,0.033,3.3
2026-06-10T00:51:00.929Z,0.01,0.033,3.3
2026-06-10T00:51:01.131Z,0.01,0.033,3.3
2026-06-10T00:51:01.332Z,0.01,0.033,3.3
2026-06-10T00:51:01.534Z,0.02,0.066,3.3
2026-06-10T00:51:01.735Z,0.02,0.066,3.3
2026-06-10T00:51:01.936Z,0.02,0.066,3.3
2026-06-10T00:51:02.137Z,0.02,0.066,3.3
2026-06-10T00:51:02.338Z,0.02,0.066,3.3
2026-06-10T00:51:02.540Z,0.01,0.033,3.3
2026-06-10T00:51:02.741Z,0.01,0.033,3.3
2026-06-10T00:51:02.943Z,0.01,0.033,3.3
2026-06-10T00:51:03.145Z,0.01,0.033,3.3
2026-06-10T00:51:03.347Z,0.01,0.033,3.3
2026-06-10T00:51:03.547Z,0.01,0.033,3.3
2026-06-10T00:51:03.749Z,0.01,0.033,3.3
2026-06-10T00:51:03.952Z,0.02,0.066,3.3
2026-06-10T00:51:04.156Z,0.02,0.066,3.3
2026-06-10T00:51:04.357Z,0.02,0.066,3.3
2026-06-10T00:51:04.558Z,0.02,0.066,3.3
2026-06-10T00:51:04.759Z,0.01,0.033,3.3
2026-06-10T00:51:04.962Z,0.01,0.033,3.3
2026-06-10T00:51:05.163Z,0.01,0.033,3.3
2026-06-10T00:51:05.365Z,0.02,0.066,3.3
2026-06-10T00:51:05.566Z,0.02,0.066,3.3
2026-06-10T00:51:05.767Z,0.02,0.066,3.3
2026-06-10T00:51:05.967Z,0.02,0.066,3.3
2026-06-10T00:51:06.170Z,0.01,0.033,3.3
2026-06-10T00:51:06.370Z,0.01,0.033,3.3
2026-06-10T00:51:06.572Z,0.01,0.033,3.3
2026-06-10T00:51:06.775Z,0.01,0.033,3.3
2026-06-10T00:51:06.978Z,0.01,0.033,3.3
2026-06-10T00:51:07.179Z,0.02,0.066,3.3
2026-06-10T00:51:07.380Z,0.02,0.066,3.3
2026-06-10T00:51:07.581Z,0.02,0.066,3.3
2026-06-10T00:51:07.783Z,0.02,0.066,3.3
2026-06-10T00:51:07.986Z,0.01,0.033,3.3
2026-06-10T00:51:08.188Z,0.01,0.033,3.3
2026-06-10T00:51:08.392Z,0.01,0.033,3.3
2026-06-10T00:51:08.590Z,0.02,0.066,3.3
2026-06-10T00:51:08.792Z,0.02,0.066,3.3
2026-06-10T00:51:08.992Z,0.02,0.066,3.3
2026-06-10T00:51:09.195Z,0.02,0.066,3.3
2026-06-10T00:51:09.396Z,0.01,0.033,3.3
2026-06-10T00:51:09.598Z,0.01,0.033,3.3
2026-06-10T00:51:09.799Z,0.01,0.033,3.3
2026-06-10T00:51:10.000Z,0.01,0.033,3.3
2026-06-10T00:51:10.202Z,0.02,0.066,3.3
2026-06-10T00:51:10.404Z,0.02,0.066,3.3
2026-06-10T00:51:10.605Z,0.02,0.066,3.3
2026-06-10T00:51:10.807Z,0.02,0.066,3.3
2026-06-10T00:51:11.010Z,0.02,0.066,3.3
2026-06-10T00:51:11.210Z,0.01,0.033,3.3
2026-06-10T00:51:11.413Z,0.01,0.033,3.3
2026-06-10T00:51:11.615Z,0.01,0.033,3.3
2026-06-10T00:51:11.815Z,0.01,0.033,3.3
2026-06-10T00:51:12.017Z,0.01,0.033,3.3
2026-06-10T00:51:12.217Z,0.02,0.066,3.3
2026-06-10T00:51:12.424Z,0.02,0.066,3.3
2026-06-10T00:51:12.622Z,0.02,0.066,3.3
2026-06-10T00:51:12.823Z,0.02,0.066,3.3
2026-06-10T00:51:13.023Z,0.01,0.033,3.3
2026-06-10T00:51:13.225Z,0.01,0.033,3.3
2026-06-10T00:51:13.427Z,0.01,0.033,3.3
2026-06-10T00:51:13.628Z,0.02,0.066,3.3
2026-06-10T00:51:13.829Z,0.02,0.066,3.3
2026-06-10T00:51:14.032Z,0.02,0.066,3.3
2026-06-10T00:51:14.234Z,0.02,0.066,3.3
2026-06-10T00:51:14.438Z,0.01,0.033,3.3
2026-06-10T00:51:14.639Z,0.01,0.033,3.3
2026-06-10T00:51:14.840Z,0.02,0.066,3.3
2026-06-10T00:51:15.041Z,0.02,0.066,3.3
2026-06-10T00:51:15.242Z,0.03,0.099,3.3
2026-06-10T00:51:15.447Z,0.02,0.066,3.3
2026-06-10T00:51:15.648Z,0.01,0.033,3.3
2026-06-10T00:51:15.850Z,0.02,0.066,3.3
2026-06-10T00:51:16.052Z,0.02,0.066,3.3
2026-06-10T00:51:16.254Z,0.01,0.033,3.3
2026-06-10T00:51:16.456Z,0.01,0.033,3.3
2026-06-10T00:51:16.657Z,0.02,0.066,3.3
2026-06-10T00:51:16.858Z,0.02,0.066,3.3
2026-06-10T00:51:17.059Z,0.02,0.066,3.3
2026-06-10T00:51:17.261Z,0.02,0.066,3.3
2026-06-10T00:51:17.462Z,0.02,0.066,3.3
2026-06-10T00:51:17.664Z,0.01,0.033,3.3
2026-06-10T00:51:17.865Z,0.02,0.066,3.3
2026-06-10T00:51:18.067Z,0.02,0.066,3.3
2026-06-10T00:51:18.269Z,0.02,0.066,3.3
2026-06-10T00:51:18.470Z,0.02,0.066,3.3
2026-06-10T00:51:18.671Z,0.02,0.066,3.3
2026-06-10T00:51:18.872Z,0.02,0.066,3.3
2026-06-10T00:51:19.073Z,0.01,0.033,3.3
2026-06-10T00:51:19.274Z,0.01,0.033,3.3
2026-06-10T00:51:19.476Z,0.01,0.033,3.3
2026-06-10T00:51:19.678Z,0.01,0.033,3.3
2026-06-10T00:51:19.880Z,0.01,0.033,3.3
2026-06-10T00:51:20.087Z,0.01,0.033,3.3
2026-06-10T00:51:20.288Z,0,0,3.3
2026-06-10T00:51:20.491Z,0,0,3.3
2026-06-10T00:51:20.692Z,0,0,3.3
2026-06-10T00:51:20.893Z,0,0,3.3
2026-06-10T00:51:21.094Z,0,0,3.3
2026-06-10T00:51:21.296Z,0,0,3.3
2026-06-10T00:51:21.497Z,0,0,3.3
2026-06-10T00:51:21.697Z,0,0,3.3
2026-06-10T00:51:21.900Z,0.01,0.033,3.3
2026-06-10T00:51:22.101Z,0.01,0.033,3.3
2026-06-10T00:51:22.302Z,0.01,0.033,3.3
2026-06-10T00:51:22.503Z,0,0,3.3
2026-06-10T00:51:22.703Z,0.01,0.033,3.3
2026-06-10T00:51:22.904Z,0.01,0.033,3.3
2026-06-10T00:51:23.106Z,0.01,0.033,3.3
2026-06-10T00:51:23.308Z,0.01,0.033,3.3
2026-06-10T00:51:23.509Z,0.01,0.033,3.3
2026-06-10T00:51:23.710Z,0,0,3.3
2026-06-10T00:51:23.912Z,0,0,3.3
2026-06-10T00:51:24.113Z,0,0,3.3
2026-06-10T00:51:24.315Z,0.01,0.033,3.3
2026-06-10T00:51:24.516Z,0.01,0.033,3.3
2026-06-10T00:51:24.717Z,0,0,3.3
2026-06-10T00:51:24.919Z,0.01,0.033,3.3
2026-06-10T00:51:25.120Z,0.01,0.033,3.3
2026-06-10T00:51:25.320Z,0.01,0.033,3.3
2026-06-10T00:51:25.521Z,0.01,0.033,3.3
2026-06-10T00:51:25.724Z,0.02,0.066,3.3
2026-06-10T00:51:25.926Z,0.02,0.066,3.3
2026-06-10T00:51:26.128Z,0.02,0.066,3.3
2026-06-10T00:51:26.330Z,0.02,0.066,3.3
2026-06-10T00:51:26.531Z,0.02,0.066,3.3
2026-06-10T00:51:26.733Z,0.02,0.066,3.3
2026-06-10T00:51:26.933Z,0.01,0.033,3.3
2026-06-10T00:51:27.135Z,0.01,0.033,3.3
2026-06-10T00:51:27.336Z,0.01,0.033,3.3
2026-06-10T00:51:27.537Z,0.01,0.033,3.3
2026-06-10T00:51:27.737Z,0,0,3.3
2026-06-10T00:51:27.939Z,0,0,3.3
2026-06-10T00:51:28.141Z,0,0,3.3
2026-06-10T00:51:28.343Z,0.01,0.033,3.3
2026-06-10T00:51:28.543Z,0.01,0.033,3.3
2026-06-10T00:51:28.746Z,0.01,0.033,3.3
2026-06-10T00:51:28.948Z,0.01,0.033,3.3
2026-06-10T00:51:29.150Z,0.01,0.033,3.3
2026-06-10T00:51:29.352Z,0.01,0.033,3.3
2026-06-10T00:51:29.552Z,0.01,0.033,3.3
2026-06-10T00:51:29.752Z,0.01,0.033,3.3
2026-06-10T00:51:29.953Z,0.01,0.033,3.3
2026-06-10T00:51:30.155Z,0.01,0.033,3.3
2026-06-10T00:51:30.356Z,0.01,0.033,3.3
2026-06-10T00:51:30.557Z,0.01,0.033,3.3
2026-06-10T00:51:30.760Z,0.02,0.066,3.3
2026-06-10T00:51:30.960Z,0.02,0.066,3.3
2026-06-10T00:51:31.161Z,0.02,0.066,3.3
2026-06-10T00:51:31.362Z,0.02,0.066,3.3
2026-06-10T00:51:31.564Z,0.02,0.066,3.3
2026-06-10T00:51:31.766Z,0.02,0.066,3.3
2026-06-10T00:51:31.966Z,0.02,0.066,3.3
2026-06-10T00:51:32.167Z,0.02,0.066,3.3
2026-06-10T00:51:32.369Z,0.02,0.066,3.3
2026-06-10T00:51:32.573Z,0.01,0.033,3.3
2026-06-10T00:51:32.774Z,0.01,0.033,3.3
2026-06-10T00:51:32.975Z,0.02,0.066,3.3
2026-06-10T00:51:33.176Z,0.02,0.066,3.3
2026-06-10T00:51:33.378Z,0.02,0.066,3.3
2026-06-10T00:51:33.579Z,0.01,0.033,3.3
2026-06-10T00:51:33.781Z,0.01,0.033,3.3
2026-06-10T00:51:33.983Z,0.01,0.033,3.3
2026-06-10T00:51:34.185Z,0.02,0.066,3.3
2026-06-10T00:51:34.387Z,0.02,0.066,3.3
2026-06-10T00:51:34.589Z,0.02,0.066,3.3
2026-06-10T00:51:34.789Z,0.01,0.033,3.3
2026-06-10T00:51:34.992Z,0.01,0.033,3.3
2026-06-10T00:51:35.194Z,0.01,0.033,3.3
2026-06-10T00:51:35.396Z,0.01,0.033,3.3
2026-06-10T00:51:35.597Z,0.01,0.033,3.3
2026-06-10T00:51:35.798Z,0.01,0.033,3.3
2026-06-10T00:51:36.000Z,0.02,0.066,3.3
2026-06-10T00:51:36.201Z,0.02,0.066,3.3
2026-06-10T00:51:36.402Z,0.02,0.066,3.3
2026-06-10T00:51:36.603Z,0.01,0.033,3.3
2026-06-10T00:51:36.803Z,0.01,0.033,3.3
2026-06-10T00:51:37.005Z,0.01,0.033,3.3
2026-06-10T00:51:37.208Z,0.02,0.066,3.3
2026-06-10T00:51:37.411Z,0.02,0.066,3.3
2026-06-10T00:51:37.611Z,0.02,0.066,3.3
2026-06-10T00:51:37.812Z,0.01,0.033,3.3
2026-06-10T00:51:38.015Z,0.01,0.033,3.3
2026-06-10T00:51:38.216Z,0.01,0.033,3.3
2026-06-10T00:51:38.422Z,0.01,0.033,3.3
2026-06-10T00:51:38.618Z,0.02,0.066,3.3
2026-06-10T00:51:38.818Z,0.02,0.066,3.3
2026-06-10T00:51:39.020Z,0.02,0.066,3.3
2026-06-10T00:51:39.221Z,0.02,0.066,3.3
2026-06-10T00:51:39.422Z,0.02,0.066,3.3
2026-06-10T00:51:39.623Z,0.02,0.066,3.3
2026-06-10T00:51:39.825Z,0.01,0.033,3.3
2026-06-10T00:51:40.028Z,18.41,60.753,3.3
2026-06-10T00:51:40.230Z,59.32,195.756,3.3
2026-06-10T00:51:40.431Z,65.57,216.381,3.3
2026-06-10T00:51:40.633Z,65.07,214.731,3.3
2026-06-10T00:51:40.835Z,72.81,240.273,3.3
2026-06-10T00:51:41.038Z,71.87,237.171,3.3
2026-06-10T00:51:41.240Z,61.62,203.346,3.3
2026-06-10T00:51:41.443Z,56.56,186.648,3.3
2026-06-10T00:51:41.645Z,51.71,170.643,3.3
2026-06-10T00:51:41.847Z,51.66,170.478,3.3
2026-06-10T00:51:42.049Z,58.05,191.565,3.3
2026-06-10T00:51:42.250Z,68.04,224.532,3.3
2026-06-10T00:51:42.451Z,68.16,224.928,3.3
2026-06-10T00:51:42.653Z,62.71,206.943,3.3
2026-06-10T00:51:42.855Z,62.57,206.481,3.3
2026-06-10T00:51:43.055Z,64.41,212.553,3.3
2026-06-10T00:51:43.257Z,64.36,212.388,3.3
2026-06-10T00:51:43.457Z,65.07,214.731,3.3
2026-06-10T00:51:43.659Z,63.17,208.461,3.3
2026-06-10T00:51:43.861Z,64.88,214.104,3.3
2026-06-10T00:51:44.063Z,107.29,354.057,3.3
2026-06-10T00:51:44.264Z,145.57,480.381,3.3
2026-06-10T00:51:44.466Z,108.4,357.72,3.3
2026-06-10T00:51:44.667Z,106.56,351.648,3.3
2026-06-10T00:51:44.868Z,104.67,345.411,3.3
2026-06-10T00:51:45.071Z,102.89,339.537,3.3
2026-06-10T00:51:45.271Z,100.99,333.267,3.3
2026-06-10T00:51:45.474Z,101.51,334.983,3.3
2026-06-10T00:51:45.676Z,98.24,324.192,3.3
2026-06-10T00:51:45.878Z,98.86,326.238,3.3
2026-06-10T00:51:46.079Z,105.23,347.259,3.3
2026-06-10T00:51:46.281Z,118.43,390.819,3.3
2026-06-10T00:51:46.482Z,121.82,402.006,3.3
2026-06-10T00:51:46.683Z,103.27,340.791,3.3
2026-06-10T00:51:46.885Z,93.15,307.395,3.3
2026-06-10T00:51:47.087Z,92.88,306.504,3.3
2026-06-10T00:51:47.289Z,94.06,310.398,3.3
2026-06-10T00:51:47.490Z,97.21,320.793,3.3
2026-06-10T00:51:47.691Z,99.29,327.657,3.3
2026-06-10T00:51:47.893Z,95.31,314.523,3.3
2026-06-10T00:51:48.093Z,78.37,258.621,3.3
2026-06-10T00:51:48.294Z,56.64,186.912,3.3
2026-06-10T00:51:48.496Z,21.51,70.983,3.3
2026-06-10T00:51:48.697Z,2.28,7.524,3.3
2026-06-10T00:51:48.899Z,0.54,1.782,3.3
2026-06-10T00:51:49.100Z,0.03,0.099,3.3
2026-06-10T00:51:49.301Z,0.02,0.066,3.3
2026-06-10T00:51:49.503Z,0.01,0.033,3.3
2026-06-10T00:51:49.703Z,0.01,0.033,3.3
2026-06-10T00:51:49.904Z,0.01,0.033,3.3
2026-06-10T00:51:50.105Z,0.02,0.066,3.3
2026-06-10T00:51:50.305Z,0.02,0.066,3.3
2026-06-10T00:51:50.507Z,0.01,0.033,3.3
2026-06-10T00:51:50.708Z,0.01,0.033,3.3
2026-06-10T00:51:50.909Z,0.01,0.033,3.3
2026-06-10T00:51:51.110Z,0.01,0.033,3.3
2026-06-10T00:51:51.311Z,0,0,3.3
2026-06-10T00:51:51.513Z,0,0,3.3
2026-06-10T00:51:51.715Z,0,0,3.3
2026-06-10T00:51:51.917Z,0,0,3.3
2026-06-10T00:51:52.118Z,0,0,3.3
2026-06-10T00:51:52.319Z,0.01,0.033,3.3
2026-06-10T00:51:52.521Z,0.01,0.033,3.3
2026-06-10T00:51:52.723Z,0.01,0.033,3.3
2026-06-10T00:51:52.924Z,0.01,0.033,3.3
2026-06-10T00:51:53.126Z,0.01,0.033,3.3
2026-06-10T00:51:53.328Z,0.01,0.033,3.3
2026-06-10T00:51:53.529Z,0.01,0.033,3.3
2026-06-10T00:51:53.730Z,0,0,3.3
2026-06-10T00:51:53.931Z,0.01,0.033,3.3
2026-06-10T00:51:54.133Z,0,0,3.3
2026-06-10T00:51:54.335Z,0,0,3.3
2026-06-10T00:51:54.535Z,0,0,3.3
2026-06-10T00:51:54.738Z,0,0,3.3
2026-06-10T00:51:54.939Z,0,0,3.3
2026-06-10T00:51:55.140Z,0.01,0.033,3.3
2026-06-10T00:51:55.342Z,0.01,0.033,3.3
2026-06-10T00:51:55.544Z,0.01,0.033,3.3
2026-06-10T00:51:55.746Z,0.01,0.033,3.3
2026-06-10T00:51:55.947Z,0,0,3.3
2026-06-10T00:51:56.148Z,0.01,0.033,3.3
2026-06-10T00:51:56.350Z,0.01,0.033,3.3
2026-06-10T00:51:56.551Z,0.01,0.033,3.3
2026-06-10T00:51:56.754Z,0.01,0.033,3.3
2026-06-10T00:51:56.954Z,0.01,0.033,3.3
2026-06-10T00:51:57.156Z,0.01,0.033,3.3
2026-06-10T00:51:57.357Z,0.02,0.066,3.3
2026-06-10T00:51:57.558Z,0.02,0.066,3.3
2026-06-10T00:51:57.760Z,0.02,0.066,3.3
2026-06-10T00:51:57.962Z,0.02,0.066,3.3
2026-06-10T00:51:58.164Z,0.01,0.033,3.3
2026-06-10T00:51:58.365Z,0.01,0.033,3.3
2026-06-10T00:51:58.567Z,0.01,0.033,3.3
2026-06-10T00:51:58.768Z,0.02,0.066,3.3
2026-06-10T00:51:58.969Z,0.02,0.066,3.3
2026-06-10T00:51:59.171Z,0.02,0.066,3.3
2026-06-10T00:51:59.372Z,0.02,0.066,3.3
2026-06-10T00:51:59.574Z,0.01,0.033,3.3
2026-06-10T00:51:59.776Z,0.01,0.033,3.3
2026-06-10T00:51:59.978Z,0,0,3.3
2026-06-10T00:52:00.180Z,0,0,3.3
2026-06-10T00:52:00.380Z,0,0,3.3
2026-06-10T00:52:00.581Z,0.01,0.033,3.3
2026-06-10T00:52:00.783Z,0,0,3.3
2026-06-10T00:52:00.985Z,0,0,3.3
2026-06-10T00:52:01.186Z,0,0,3.3
2026-06-10T00:52:01.389Z,0,0,3.3
2026-06-10T00:52:01.591Z,0,0,3.3
2026-06-10T00:52:01.794Z,0.01,0.033,3.3
2026-06-10T00:52:01.996Z,0.01,0.033,3.3
2026-06-10T00:52:02.198Z,0,0,3.3
2026-06-10T00:52:02.400Z,0.01,0.033,3.3
2026-06-10T00:52:02.602Z,0.01,0.033,3.3
2026-06-10T00:52:02.803Z,0.01,0.033,3.3
2026-06-10T00:52:03.004Z,0.01,0.033,3.3
2026-06-10T00:52:03.205Z,0.02,0.066,3.3
2026-06-10T00:52:03.407Z,0.02,0.066,3.3
2026-06-10T00:52:03.609Z,0.02,0.066,3.3
2026-06-10T00:52:03.810Z,0.01,0.033,3.3
2026-06-10T00:52:04.012Z,0.01,0.033,3.3
2026-06-10T00:52:04.213Z,0.01,0.033,3.3
2026-06-10T00:52:04.414Z,0.02,0.066,3.3
2026-06-10T00:52:04.614Z,0.02,0.066,3.3
2026-06-10T00:52:04.816Z,0.02,0.066,3.3
2026-06-10T00:52:05.018Z,0.01,0.033,3.3
2026-06-10T00:52:05.221Z,0.01,0.033,3.3
2026-06-10T00:52:05.423Z,0.01,0.033,3.3
2026-06-10T00:52:05.623Z,0.01,0.033,3.3
2026-06-10T00:52:05.825Z,0.01,0.033,3.3
2026-06-10T00:52:06.026Z,0.01,0.033,3.3
2026-06-10T00:52:06.228Z,0.02,0.066,3.3
2026-06-10T00:52:06.428Z,0.02,0.066,3.3
2026-06-10T00:52:06.629Z,0.02,0.066,3.3
2026-06-10T00:52:06.830Z,0.01,0.033,3.3
2026-06-10T00:52:07.032Z,0.01,0.033,3.3
2026-06-10T00:52:07.233Z,0.01,0.033,3.3
2026-06-10T00:52:07.437Z,0.01,0.033,3.3
2026-06-10T00:52:07.638Z,0.02,0.066,3.3
2026-06-10T00:52:07.839Z,0.02,0.066,3.3
2026-06-10T00:52:08.040Z,0.02,0.066,3.3
2026-06-10T00:52:08.241Z,0.02,0.066,3.3
2026-06-10T00:52:08.452Z,0.01,0.033,3.3
2026-06-10T00:52:08.652Z,0.01,0.033,3.3
2026-06-10T00:52:08.852Z,0.02,0.066,3.3
2026-06-10T00:52:09.053Z,0.01,0.033,3.3
2026-06-10T00:52:09.256Z,0.02,0.066,3.3
2026-06-10T00:52:09.459Z,0.02,0.066,3.3
2026-06-10T00:52:09.661Z,0.02,0.066,3.3
2026-06-10T00:52:09.861Z,0.02,0.066,3.3
2026-06-10T00:52:10.063Z,0.01,0.033,3.3
2026-06-10T00:52:10.265Z,0.01,0.033,3.3
2026-06-10T00:52:10.466Z,0.01,0.033,3.3
2026-06-10T00:52:10.667Z,0.01,0.033,3.3
2026-06-10T00:52:10.868Z,0.02,0.066,3.3
2026-06-10T00:52:11.071Z,0.02,0.066,3.3
2026-06-10T00:52:11.272Z,0.02,0.066,3.3
2026-06-10T00:52:11.473Z,0.01,0.033,3.3
2026-06-10T00:52:11.675Z,0.01,0.033,3.3
2026-06-10T00:52:11.876Z,0.01,0.033,3.3
2026-06-10T00:52:12.078Z,0.02,0.066,3.3
2026-06-10T00:52:12.278Z,0.02,0.066,3.3
2026-06-10T00:52:12.480Z,0.02,0.066,3.3
2026-06-10T00:52:12.682Z,0.02,0.066,3.3
2026-06-10T00:52:12.884Z,0.02,0.066,3.3
2026-06-10T00:52:13.086Z,0.01,0.033,3.3
2026-06-10T00:52:13.288Z,0.01,0.033,3.3
2026-06-10T00:52:13.489Z,0.01,0.033,3.3
2026-06-10T00:52:13.691Z,0.01,0.033,3.3
2026-06-10T00:52:13.892Z,0.02,0.066,3.3
2026-06-10T00:52:14.094Z,0.02,0.066,3.3
2026-06-10T00:52:14.296Z,0.02,0.066,3.3
2026-06-10T00:52:14.496Z,0.01,0.033,3.3
2026-06-10T00:52:14.698Z,0.01,0.033,3.3
2026-06-10T00:52:14.900Z,0.01,0.033,3.3
2026-06-10T00:52:15.101Z,0.02,0.066,3.3
2026-06-10T00:52:15.303Z,0.02,0.066,3.3
2026-06-10T00:52:15.505Z,0.02,0.066,3.3
2026-06-10T00:52:15.707Z,0.01,0.033,3.3
2026-06-10T00:52:15.909Z,0.01,0.033,3.3
2026-06-10T00:52:16.112Z,0.01,0.033,3.3
2026-06-10T00:52:16.313Z,0.01,0.033,3.3
2026-06-10T00:52:16.514Z,0.02,0.066,3.3
2026-06-10T00:52:16.717Z,0.02,0.066,3.3
2026-06-10T00:52:16.918Z,0.02,0.066,3.3
2026-06-10T00:52:17.119Z,0.02,0.066,3.3
2026-06-10T00:52:17.320Z,0.02,0.066,3.3
2026-06-10T00:52:17.521Z,0.01,0.033,3.3
2026-06-10T00:52:17.722Z,0.01,0.033,3.3
2026-06-10T00:52:17.922Z,0.01,0.033,3.3
2026-06-10T00:52:18.124Z,0.01,0.033,3.3
2026-06-10T00:52:18.326Z,0.02,0.066,3.3
2026-06-10T00:52:18.527Z,0.02,0.066,3.3
2026-06-10T00:52:18.729Z,0.02,0.066,3.3
2026-06-10T00:52:18.932Z,0.01,0.033,3.3
2026-06-10T00:52:19.133Z,0.01,0.033,3.3
2026-06-10T00:52:19.334Z,0.01,0.033,3.3
2026-06-10T00:52:19.535Z,0.01,0.033,3.3
2026-06-10T00:52:19.736Z,0.01,0.033,3.3
2026-06-10T00:52:19.938Z,0.02,0.066,3.3
2026-06-10T00:52:20.141Z,0.02,0.066,3.3
2026-06-10T00:52:20.343Z,0.02,0.066,3.3
2026-06-10T00:52:20.544Z,0.01,0.033,3.3
2026-06-10T00:52:20.746Z,0.01,0.033,3.3
2026-06-10T00:52:20.948Z,0.01,0.033,3.3
2026-06-10T00:52:21.150Z,0.02,0.066,3.3
2026-06-10T00:52:21.352Z,0.02,0.066,3.3
2026-06-10T00:52:21.552Z,0.02,0.066,3.3
2026-06-10T00:52:21.754Z,0.02,0.066,3.3
2026-06-10T00:52:21.956Z,0.02,0.066,3.3
2026-06-10T00:52:22.158Z,0.02,0.066,3.3
2026-06-10T00:52:22.360Z,0.01,0.033,3.3
2026-06-10T00:52:22.562Z,0.01,0.033,3.3
2026-06-10T00:52:22.763Z,0.02,0.066,3.3
2026-06-10T00:52:22.964Z,0.02,0.066,3.3
2026-06-10T00:52:23.166Z,0.02,0.066,3.3
2026-06-10T00:52:23.366Z,0.02,0.066,3.3
2026-06-10T00:52:23.568Z,0.02,0.066,3.3
2026-06-10T00:52:23.770Z,0.02,0.066,3.3
2026-06-10T00:52:23.972Z,0.01,0.033,3.3
2026-06-10T00:52:24.172Z,0.01,0.033,3.3
2026-06-10T00:52:24.373Z,0.01,0.033,3.3
2026-06-10T00:52:24.574Z,0.02,0.066,3.3
2026-06-10T00:52:24.774Z,0.03,0.099,3.3
2026-06-10T00:52:24.978Z,0.03,0.099,3.3
2026-06-10T00:52:25.178Z,0.03,0.099,3.3
2026-06-10T00:52:25.379Z,0.03,0.099,3.3
2026-06-10T00:52:25.581Z,0.02,0.066,3.3
2026-06-10T00:52:25.784Z,0.02,0.066,3.3
2026-06-10T00:52:25.986Z,0.01,0.033,3.3
2026-06-10T00:52:26.189Z,0.01,0.033,3.3
2026-06-10T00:52:26.390Z,0.02,0.066,3.3
2026-06-10T00:52:26.591Z,0.01,0.033,3.3
2026-06-10T00:52:26.792Z,0.02,0.066,3.3
2026-06-10T00:52:26.993Z,0.02,0.066,3.3
2026-06-10T00:52:27.194Z,0.02,0.066,3.3
2026-06-10T00:52:27.395Z,0.02,0.066,3.3
2026-06-10T00:52:27.597Z,0.01,0.033,3.3
2026-06-10T00:52:27.798Z,0.02,0.066,3.3
2026-06-10T00:52:28.000Z,0.02,0.066,3.3
2026-06-10T00:52:28.202Z,0.02,0.066,3.3
2026-06-10T00:52:28.403Z,0.01,0.033,3.3
2026-06-10T00:52:28.605Z,0.01,0.033,3.3
2026-06-10T00:52:28.806Z,0.02,0.066,3.3
2026-06-10T00:52:29.008Z,0.02,0.066,3.3
2026-06-10T00:52:29.209Z,0.02,0.066,3.3
2026-06-10T00:52:29.413Z,0.02,0.066,3.3
2026-06-10T00:52:29.613Z,0.01,0.033,3.3
2026-06-10T00:52:29.814Z,0.01,0.033,3.3
2026-06-10T00:52:30.015Z,0.01,0.033,3.3
2026-06-10T00:52:30.215Z,0.01,0.033,3.3
2026-06-10T00:52:30.417Z,0.02,0.066,3.3
2026-06-10T00:52:30.619Z,0.02,0.066,3.3
2026-06-10T00:52:30.820Z,0.02,0.066,3.3
2026-06-10T00:52:31.021Z,0.01,0.033,3.3
2026-06-10T00:52:31.223Z,0.02,0.066,3.3
2026-06-10T00:52:31.424Z,0.02,0.066,3.3
2026-06-10T00:52:31.625Z,0.01,0.033,3.3
2026-06-10T00:52:31.825Z,0.01,0.033,3.3
2026-06-10T00:52:32.025Z,0.02,0.066,3.3
2026-06-10T00:52:32.228Z,0.01,0.033,3.3
2026-06-10T00:52:32.430Z,0.01,0.033,3.3
2026-06-10T00:52:32.632Z,0.02,0.066,3.3
2026-06-10T00:52:32.834Z,0.02,0.066,3.3
2026-06-10T00:52:33.035Z,0.02,0.066,3.3
2026-06-10T00:52:33.236Z,0.02,0.066,3.3
2026-06-10T00:52:33.439Z,0.02,0.066,3.3
2026-06-10T00:52:33.641Z,0.01,0.033,3.3
2026-06-10T00:52:33.843Z,0.01,0.033,3.3
2026-06-10T00:52:34.045Z,0.02,0.066,3.3
2026-06-10T00:52:34.247Z,0.02,0.066,3.3
2026-06-10T00:52:34.450Z,0.02,0.066,3.3
2026-06-10T00:52:34.652Z,0.02,0.066,3.3
2026-06-10T00:52:34.853Z,0.02,0.066,3.3
2026-06-10T00:52:35.054Z,0.01,0.033,3.3
2026-06-10T00:52:35.255Z,0.01,0.033,3.3
2026-06-10T00:52:35.457Z,0.01,0.033,3.3
2026-06-10T00:52:35.658Z,0.01,0.033,3.3
2026-06-10T00:52:35.860Z,0.01,0.033,3.3
2026-06-10T00:52:36.061Z,0.02,0.066,3.3
2026-06-10T00:52:36.263Z,0.02,0.066,3.3
2026-06-10T00:52:36.464Z,0.02,0.066,3.3
2026-06-10T00:52:36.666Z,0.02,0.066,3.3
2026-06-10T00:52:36.868Z,0.02,0.066,3.3
2026-06-10T00:52:37.070Z,0.01,0.033,3.3
2026-06-10T00:52:37.272Z,0.01,0.033,3.3
2026-06-10T00:52:37.473Z,0.01,0.033,3.3
2026-06-10T00:52:37.674Z,0.01,0.033,3.3
2026-06-10T00:52:37.876Z,0.01,0.033,3.3
2026-06-10T00:52:38.078Z,0.02,0.066,3.3
2026-06-10T00:52:38.278Z,0.02,0.066,3.3
2026-06-10T00:52:38.478Z,0.02,0.066,3.3
2026-06-10T00:52:38.679Z,0.02,0.066,3.3
2026-06-10T00:52:38.882Z,0.02,0.066,3.3
2026-06-10T00:52:39.084Z,0.02,0.066,3.3
2026-06-10T00:52:39.285Z,0.02,0.066,3.3
2026-06-10T00:52:39.486Z,0.01,0.033,3.3
2026-06-10T00:52:39.688Z,0.01,0.033,3.3
2026-06-10T00:52:39.888Z,0.25,0.825,3.3
2026-06-10T00:52:40.090Z,37.91,125.103,3.3
2026-06-10T00:52:40.292Z,63.7,210.21,3.3
2026-06-10T00:52:40.493Z,65.29,215.457,3.3
2026-06-10T00:52:40.695Z,65.34,215.622,3.3
2026-06-10T00:52:40.897Z,72.54,239.382,3.3
2026-06-10T00:52:41.099Z,70.62,233.046,3.3
2026-06-10T00:52:41.301Z,58.02,191.466,3.3
2026-06-10T00:52:41.502Z,54.98,181.434,3.3
2026-06-10T00:52:41.702Z,51.64,170.412,3.3
2026-06-10T00:52:41.905Z,53.54,176.682,3.3
2026-06-10T00:52:42.105Z,61.12,201.696,3.3
2026-06-10T00:52:42.307Z,68.45,225.885,3.3
2026-06-10T00:52:42.509Z,67.76,223.608,3.3
2026-06-10T00:52:42.709Z,62.52,206.316,3.3
2026-06-10T00:52:42.911Z,62.84,207.372,3.3
2026-06-10T00:52:43.112Z,62.18,205.194,3.3
2026-06-10T00:52:43.314Z,61.73,203.709,3.3
2026-06-10T00:52:43.516Z,63.07,208.131,3.3
2026-06-10T00:52:43.717Z,64.09,211.497,3.3
2026-06-10T00:52:43.920Z,73.68,243.144,3.3
2026-06-10T00:52:44.120Z,138.78,457.974,3.3
2026-06-10T00:52:44.322Z,130.1,429.33,3.3
2026-06-10T00:52:44.523Z,102.13,337.029,3.3
2026-06-10T00:52:44.724Z,117.62,388.146,3.3
2026-06-10T00:52:44.925Z,121.21,399.993,3.3
2026-06-10T00:52:45.127Z,106.06,349.998,3.3
2026-06-10T00:52:45.328Z,101.54,335.082,3.3
2026-06-10T00:52:45.529Z,102.14,337.062,3.3
2026-06-10T00:52:45.731Z,102.12,336.996,3.3
2026-06-10T00:52:45.933Z,102.39,337.887,3.3
2026-06-10T00:52:46.134Z,117.21,386.793,3.3
2026-06-10T00:52:46.336Z,121.22,400.026,3.3
2026-06-10T00:52:46.539Z,105.92,349.536,3.3
2026-06-10T00:52:46.737Z,94.12,310.596,3.3
2026-06-10T00:52:46.939Z,92.85,306.405,3.3
2026-06-10T00:52:47.140Z,93.45,308.385,3.3
2026-06-10T00:52:47.342Z,95.14,313.962,3.3
2026-06-10T00:52:47.543Z,97.43,321.519,3.3
2026-06-10T00:52:47.745Z,100.15,330.495,3.3
2026-06-10T00:52:47.946Z,84.15,277.695,3.3
2026-06-10T00:52:48.146Z,57.51,189.783,3.3
2026-06-10T00:52:48.348Z,27.75,91.575,3.3
2026-06-10T00:52:48.550Z,2.75,9.075,3.3
2026-06-10T00:52:48.752Z,0.87,2.871,3.3
2026-06-10T00:52:48.954Z,0.03,0.099,3.3
2026-06-10T00:52:49.155Z,0.02,0.066,3.3
2026-06-10T00:52:49.356Z,0.02,0.066,3.3
2026-06-10T00:52:49.557Z,0.01,0.033,3.3
2026-06-10T00:52:49.757Z,0.02,0.066,3.3
2026-06-10T00:52:49.958Z,0.02,0.066,3.3
2026-06-10T00:52:50.160Z,0.02,0.066,3.3
2026-06-10T00:52:50.360Z,0.01,0.033,3.3
2026-06-10T00:52:50.561Z,0.01,0.033,3.3
2026-06-10T00:52:50.763Z,0.01,0.033,3.3
2026-06-10T00:52:50.965Z,0.01,0.033,3.3
2026-06-10T00:52:51.167Z,0.01,0.033,3.3
2026-06-10T00:52:51.369Z,0.02,0.066,3.3
2026-06-10T00:52:51.570Z,0.02,0.066,3.3
2026-06-10T00:52:51.772Z,0.02,0.066,3.3
2026-06-10T00:52:51.973Z,0.01,0.033,3.3
2026-06-10T00:52:52.174Z,0.01,0.033,3.3
2026-06-10T00:52:52.376Z,0.02,0.066,3.3
2026-06-10T00:52:52.578Z,0.02,0.066,3.3
2026-06-10T00:52:52.779Z,0.02,0.066,3.3
2026-06-10T00:52:52.980Z,0.02,0.066,3.3
2026-06-10T00:52:53.181Z,0.02,0.066,3.3
2026-06-10T00:52:53.383Z,0.01,0.033,3.3
2026-06-10T00:52:53.584Z,0.01,0.033,3.3
2026-06-10T00:52:53.786Z,0.01,0.033,3.3
2026-06-10T00:52:53.987Z,0.02,0.066,3.3
2026-06-10T00:52:54.189Z,0.02,0.066,3.3
2026-06-10T00:52:54.391Z,0.02,0.066,3.3
2026-06-10T00:52:54.593Z,0.02,0.066,3.3
2026-06-10T00:52:54.793Z,0.02,0.066,3.3
2026-06-10T00:52:54.995Z,0.01,0.033,3.3
2026-06-10T00:52:55.198Z,0.01,0.033,3.3
2026-06-10T00:52:55.399Z,0.01,0.033,3.3
2026-06-10T00:52:55.601Z,0.02,0.066,3.3
2026-06-10T00:52:55.802Z,0.02,0.066,3.3
2026-06-10T00:52:56.002Z,0.02,0.066,3.3
2026-06-10T00:52:56.203Z,0.02,0.066,3.3
2026-06-10T00:52:56.404Z,0.02,0.066,3.3
2026-06-10T00:52:56.605Z,0.01,0.033,3.3
2026-06-10T00:52:56.806Z,0.01,0.033,3.3
2026-06-10T00:52:57.008Z,0.01,0.033,3.3
2026-06-10T00:52:57.209Z,0.01,0.033,3.3
2026-06-10T00:52:57.411Z,0.01,0.033,3.3
2026-06-10T00:52:57.612Z,0.02,0.066,3.3
2026-06-10T00:52:57.814Z,0.02,0.066,3.3
2026-06-10T00:52:58.016Z,0.02,0.066,3.3
2026-06-10T00:52:58.217Z,0.02,0.066,3.3
2026-06-10T00:52:58.424Z,0.02,0.066,3.3
2026-06-10T00:52:58.620Z,0.01,0.033,3.3
2026-06-10T00:52:58.822Z,0.01,0.033,3.3
2026-06-10T00:52:59.024Z,0.01,0.033,3.3
2026-06-10T00:52:59.225Z,0.02,0.066,3.3
2026-06-10T00:52:59.427Z,0.02,0.066,3.3
2026-06-10T00:52:59.629Z,0.02,0.066,3.3
2026-06-10T00:52:59.830Z,0.02,0.066,3.3
2026-06-10T00:53:00.038Z,0.02,0.066,3.3
2026-06-10T00:53:00.236Z,0.01,0.033,3.3
2026-06-10T00:53:00.441Z,0.01,0.033,3.3
2026-06-10T00:53:00.642Z,0.02,0.066,3.3
2026-06-10T00:53:00.843Z,0.01,0.033,3.3
2026-06-10T00:53:01.045Z,0.02,0.066,3.3
2026-06-10T00:53:01.247Z,0.02,0.066,3.3
2026-06-10T00:53:01.451Z,0.02,0.066,3.3
2026-06-10T00:53:01.652Z,0.02,0.066,3.3
2026-06-10T00:53:01.855Z,0.01,0.033,3.3
2026-06-10T00:53:02.056Z,0.01,0.033,3.3
2026-06-10T00:53:02.257Z,0.01,0.033,3.3
2026-06-10T00:53:02.457Z,0.02,0.066,3.3
2026-06-10T00:53:02.659Z,0.02,0.066,3.3
2026-06-10T00:53:02.861Z,0.02,0.066,3.3
2026-06-10T00:53:03.062Z,0.02,0.066,3.3
2026-06-10T00:53:03.264Z,0.01,0.033,3.3
2026-06-10T00:53:03.465Z,0.01,0.033,3.3
2026-06-10T00:53:03.666Z,0.02,0.066,3.3
2026-06-10T00:53:03.867Z,0.01,0.033,3.3
2026-06-10T00:53:04.068Z,0.01,0.033,3.3
2026-06-10T00:53:04.270Z,0.02,0.066,3.3
2026-06-10T00:53:04.472Z,0.02,0.066,3.3
2026-06-10T00:53:04.672Z,0.02,0.066,3.3
2026-06-10T00:53:04.874Z,0.02,0.066,3.3
2026-06-10T00:53:05.075Z,0.02,0.066,3.3
2026-06-10T00:53:05.277Z,0.01,0.033,3.3
2026-06-10T00:53:05.479Z,0.01,0.033,3.3
2026-06-10T00:53:05.680Z,0.02,0.066,3.3
2026-06-10T00:53:05.881Z,0.02,0.066,3.3
2026-06-10T00:53:06.081Z,0.01,0.033,3.3
2026-06-10T00:53:06.282Z,0.02,0.066,3.3
2026-06-10T00:53:06.484Z,0.02,0.066,3.3
2026-06-10T00:53:06.686Z,0.01,0.033,3.3
2026-06-10T00:53:06.887Z,0.01,0.033,3.3
2026-06-10T00:53:07.090Z,0.01,0.033,3.3
2026-06-10T00:53:07.290Z,0.01,0.033,3.3
2026-06-10T00:53:07.492Z,0.01,0.033,3.3
2026-06-10T00:53:07.694Z,0.01,0.033,3.3
2026-06-10T00:53:07.896Z,0.02,0.066,3.3
2026-06-10T00:53:08.096Z,0.02,0.066,3.3
2026-06-10T00:53:08.297Z,0.02,0.066,3.3
2026-06-10T00:53:08.499Z,0.02,0.066,3.3
2026-06-10T00:53:08.701Z,0.01,0.033,3.3
2026-06-10T00:53:08.903Z,0.01,0.033,3.3
2026-06-10T00:53:09.104Z,0.01,0.033,3.3
2026-06-10T00:53:09.307Z,0.02,0.066,3.3
2026-06-10T00:53:09.509Z,0.02,0.066,3.3
2026-06-10T00:53:09.709Z,0.02,0.066,3.3
2026-06-10T00:53:09.910Z,0.02,0.066,3.3
2026-06-10T00:53:10.111Z,0.01,0.033,3.3
2026-06-10T00:53:10.311Z,0.02,0.066,3.3
2026-06-10T00:53:10.512Z,0.02,0.066,3.3
2026-06-10T00:53:10.713Z,0.01,0.033,3.3
2026-06-10T00:53:10.915Z,0.01,0.033,3.3
2026-06-10T00:53:11.116Z,0.02,0.066,3.3
2026-06-10T00:53:11.318Z,0.02,0.066,3.3
2026-06-10T00:53:11.519Z,0.02,0.066,3.3
2026-06-10T00:53:11.719Z,0.02,0.066,3.3
2026-06-10T00:53:11.921Z,0.02,0.066,3.3
2026-06-10T00:53:12.123Z,0.02,0.066,3.3
2026-06-10T00:53:12.324Z,0.02,0.066,3.3
2026-06-10T00:53:12.527Z,0.01,0.033,3.3
2026-06-10T00:53:12.728Z,0.01,0.033,3.3
2026-06-10T00:53:12.930Z,0.01,0.033,3.3
2026-06-10T00:53:13.131Z,0.02,0.066,3.3
2026-06-10T00:53:13.332Z,0.02,0.066,3.3
2026-06-10T00:53:13.535Z,0.02,0.066,3.3
2026-06-10T00:53:13.736Z,0.01,0.033,3.3
2026-06-10T00:53:13.937Z,0.01,0.033,3.3
2026-06-10T00:53:14.139Z,0.01,0.033,3.3
2026-06-10T00:53:14.341Z,0.01,0.033,3.3
2026-06-10T00:53:14.542Z,0.02,0.066,3.3
2026-06-10T00:53:14.742Z,0.02,0.066,3.3
2026-06-10T00:53:14.944Z,0.02,0.066,3.3
2026-06-10T00:53:15.147Z,0.02,0.066,3.3
2026-06-10T00:53:15.348Z,0.01,0.033,3.3
2026-06-10T00:53:15.550Z,0.01,0.033,3.3
2026-06-10T00:53:15.752Z,0.01,0.033,3.3
2026-06-10T00:53:15.954Z,0.01,0.033,3.3
2026-06-10T00:53:16.157Z,0.01,0.033,3.3
2026-06-10T00:53:16.358Z,0.01,0.033,3.3
2026-06-10T00:53:16.558Z,0.02,0.066,3.3
2026-06-10T00:53:16.760Z,0.02,0.066,3.3
2026-06-10T00:53:16.960Z,0.02,0.066,3.3
2026-06-10T00:53:17.161Z,0.01,0.033,3.3
2026-06-10T00:53:17.363Z,0.01,0.033,3.3
2026-06-10T00:53:17.566Z,0.01,0.033,3.3
2026-06-10T00:53:17.766Z,0.02,0.066,3.3
2026-06-10T00:53:17.966Z,0.02,0.066,3.3
2026-06-10T00:53:18.167Z,0.02,0.066,3.3
2026-06-10T00:53:18.368Z,0.02,0.066,3.3
2026-06-10T00:53:18.569Z,0.02,0.066,3.3
2026-06-10T00:53:18.770Z,0.02,0.066,3.3
2026-06-10T00:53:18.972Z,0.01,0.033,3.3
2026-06-10T00:53:19.174Z,0.02,0.066,3.3
2026-06-10T00:53:19.374Z,0.01,0.033,3.3
2026-06-10T00:53:19.577Z,0.01,0.033,3.3
2026-06-10T00:53:19.779Z,0.01,0.033,3.3
2026-06-10T00:53:19.980Z,0.01,0.033,3.3
2026-06-10T00:53:20.180Z,0.02,0.066,3.3
2026-06-10T00:53:20.381Z,0.02,0.066,3.3
2026-06-10T00:53:20.582Z,0.02,0.066,3.3
2026-06-10T00:53:20.783Z,0.02,0.066,3.3
2026-06-10T00:53:20.984Z,0.02,0.066,3.3
2026-06-10T00:53:21.186Z,0.02,0.066,3.3
2026-06-10T00:53:21.388Z,0.01,0.033,3.3
2026-06-10T00:53:21.590Z,0.02,0.066,3.3
2026-06-10T00:53:21.791Z,0.02,0.066,3.3
2026-06-10T00:53:21.994Z,0.02,0.066,3.3
2026-06-10T00:53:22.195Z,0.02,0.066,3.3
2026-06-10T00:53:22.397Z,0.01,0.033,3.3
2026-06-10T00:53:22.598Z,0.01,0.033,3.3
2026-06-10T00:53:22.800Z,0.01,0.033,3.3
2026-06-10T00:53:23.002Z,0,0,3.3
2026-06-10T00:53:23.202Z,0.01,0.033,3.3
2026-06-10T00:53:23.404Z,0.02,0.066,3.3
2026-06-10T00:53:23.606Z,0.02,0.066,3.3
2026-06-10T00:53:23.808Z,0.02,0.066,3.3
2026-06-10T00:53:24.009Z,0.02,0.066,3.3
2026-06-10T00:53:24.212Z,0.01,0.033,3.3
2026-06-10T00:53:24.419Z,0.01,0.033,3.3
2026-06-10T00:53:24.614Z,0.01,0.033,3.3
2026-06-10T00:53:24.816Z,0.02,0.066,3.3
2026-06-10T00:53:25.018Z,0.02,0.066,3.3
2026-06-10T00:53:25.219Z,0.02,0.066,3.3
2026-06-10T00:53:25.425Z,0.02,0.066,3.3
2026-06-10T00:53:25.620Z,0.01,0.033,3.3
2026-06-10T00:53:25.821Z,0.01,0.033,3.3
2026-06-10T00:53:26.024Z,0.01,0.033,3.3
2026-06-10T00:53:26.224Z,0.01,0.033,3.3
2026-06-10T00:53:26.427Z,0.02,0.066,3.3
2026-06-10T00:53:26.629Z,0.02,0.066,3.3
2026-06-10T00:53:26.830Z,0.02,0.066,3.3
2026-06-10T00:53:27.032Z,0.02,0.066,3.3
2026-06-10T00:53:27.235Z,0.01,0.033,3.3
2026-06-10T00:53:27.436Z,0.01,0.033,3.3
2026-06-10T00:53:27.638Z,0.02,0.066,3.3
2026-06-10T00:53:27.839Z,0.01,0.033,3.3
2026-06-10T00:53:28.040Z,0.01,0.033,3.3
2026-06-10T00:53:28.242Z,0.01,0.033,3.3
2026-06-10T00:53:28.449Z,0.02,0.066,3.3
2026-06-10T00:53:28.651Z,0.02,0.066,3.3
2026-06-10T00:53:28.853Z,0.01,0.033,3.3
2026-06-10T00:53:29.054Z,0.01,0.033,3.3
2026-06-10T00:53:29.256Z,0.01,0.033,3.3
2026-06-10T00:53:29.456Z,0.01,0.033,3.3
2026-06-10T00:53:29.657Z,0.02,0.066,3.3
2026-06-10T00:53:29.859Z,0.02,0.066,3.3
2026-06-10T00:53:30.060Z,0.01,0.033,3.3
2026-06-10T00:53:30.262Z,0.01,0.033,3.3
2026-06-10T00:53:30.464Z,0.01,0.033,3.3
2026-06-10T00:53:30.665Z,0.02,0.066,3.3
2026-06-10T00:53:30.867Z,0.02,0.066,3.3
2026-06-10T00:53:31.069Z,0.02,0.066,3.3
2026-06-10T00:53:31.271Z,0.01,0.033,3.3
2026-06-10T00:53:31.473Z,0.01,0.033,3.3
2026-06-10T00:53:31.675Z,0.01,0.033,3.3
2026-06-10T00:53:31.876Z,0.02,0.066,3.3
2026-06-10T00:53:32.078Z,0.02,0.066,3.3
2026-06-10T00:53:32.281Z,0.02,0.066,3.3
2026-06-10T00:53:32.481Z,0.02,0.066,3.3
2026-06-10T00:53:32.683Z,0.02,0.066,3.3
2026-06-10T00:53:32.884Z,0.01,0.033,3.3
2026-06-10T00:53:33.084Z,0.01,0.033,3.3
2026-06-10T00:53:33.285Z,0.01,0.033,3.3
2026-06-10T00:53:33.488Z,0.01,0.033,3.3
2026-06-10T00:53:33.690Z,0.02,0.066,3.3
2026-06-10T00:53:33.892Z,0.02,0.066,3.3
2026-06-10T00:53:34.093Z,0.02,0.066,3.3
2026-06-10T00:53:34.295Z,0.02,0.066,3.3
2026-06-10T00:53:34.496Z,0.01,0.033,3.3
2026-06-10T00:53:34.698Z,0.01,0.033,3.3
2026-06-10T00:53:34.900Z,0.01,0.033,3.3
2026-06-10T00:53:35.100Z,0.01,0.033,3.3
2026-06-10T00:53:35.301Z,0.01,0.033,3.3
2026-06-10T00:53:35.502Z,0.01,0.033,3.3
2026-06-10T00:53:35.704Z,0.01,0.033,3.3
2026-06-10T00:53:35.904Z,0.01,0.033,3.3
2026-06-10T00:53:36.104Z,0.01,0.033,3.3
2026-06-10T00:53:36.307Z,0.02,0.066,3.3
2026-06-10T00:53:36.507Z,0.02,0.066,3.3
2026-06-10T00:53:36.709Z,0.02,0.066,3.3
2026-06-10T00:53:36.911Z,0.02,0.066,3.3
2026-06-10T00:53:37.111Z,0.02,0.066,3.3
2026-06-10T00:53:37.314Z,0.02,0.066,3.3
2026-06-10T00:53:37.515Z,0.01,0.033,3.3
2026-06-10T00:53:37.716Z,0.01,0.033,3.3
2026-06-10T00:53:37.917Z,0.01,0.033,3.3
2026-06-10T00:53:38.118Z,0.01,0.033,3.3
2026-06-10T00:53:38.319Z,0.02,0.066,3.3
2026-06-10T00:53:38.521Z,0.02,0.066,3.3
2026-06-10T00:53:38.723Z,0.02,0.066,3.3
2026-06-10T00:53:38.924Z,0.02,0.066,3.3
2026-06-10T00:53:39.125Z,0.02,0.066,3.3
2026-06-10T00:53:39.327Z,0.02,0.066,3.3
2026-06-10T00:53:39.529Z,0.01,0.033,3.3
2026-06-10T00:53:39.729Z,0.01,0.033,3.3
2026-06-10T00:53:39.930Z,11.5,37.95,3.3
2026-06-10T00:53:40.131Z,52.36,172.788,3.3
2026-06-10T00:53:40.332Z,65.31,215.523,3.3
2026-06-10T00:53:40.533Z,65.4,215.82,3.3
2026-06-10T00:53:40.734Z,70.01,231.033,3.3
2026-06-10T00:53:40.936Z,72.04,237.732,3.3
2026-06-10T00:53:41.137Z,64.95,214.335,3.3
2026-06-10T00:53:41.338Z,56.59,186.747,3.3
2026-06-10T00:53:41.539Z,52.96,174.768,3.3
2026-06-10T00:53:41.741Z,51.63,170.379,3.3
2026-06-10T00:53:41.942Z,55.93,184.569,3.3
2026-06-10T00:53:42.144Z,63.72,210.276,3.3
2026-06-10T00:53:42.347Z,68.42,225.786,3.3
2026-06-10T00:53:42.546Z,67.15,221.595,3.3
2026-06-10T00:53:42.746Z,62.54,206.382,3.3
2026-06-10T00:53:42.948Z,64,211.2,3.3
2026-06-10T00:53:43.150Z,63.84,210.672,3.3
2026-06-10T00:53:43.351Z,63.47,209.451,3.3
2026-06-10T00:53:43.552Z,60.92,201.036,3.3
2026-06-10T00:53:43.754Z,61.5,202.95,3.3
2026-06-10T00:53:43.955Z,87.68,289.344,3.3
2026-06-10T00:53:44.157Z,136.71,451.143,3.3
2026-06-10T00:53:44.359Z,119.33,393.789,3.3
2026-06-10T00:53:44.561Z,101.36,334.488,3.3
2026-06-10T00:53:44.763Z,101.5,334.95,3.3
2026-06-10T00:53:44.964Z,100.28,330.924,3.3
2026-06-10T00:53:45.165Z,99.62,328.746,3.3
2026-06-10T00:53:45.367Z,99.67,328.911,3.3
2026-06-10T00:53:45.568Z,98.18,323.994,3.3
2026-06-10T00:53:45.771Z,98.28,324.324,3.3
2026-06-10T00:53:45.973Z,103.61,341.913,3.3
2026-06-10T00:53:46.176Z,116.56,384.648,3.3
2026-06-10T00:53:46.377Z,120.12,396.396,3.3
2026-06-10T00:53:46.578Z,104.39,344.487,3.3
2026-06-10T00:53:46.778Z,91.62,302.346,3.3
2026-06-10T00:53:46.980Z,90.52,298.716,3.3
2026-06-10T00:53:47.180Z,90.4,298.32,3.3
2026-06-10T00:53:47.382Z,93.41,308.253,3.3
2026-06-10T00:53:47.583Z,93.83,309.639,3.3
2026-06-10T00:53:47.784Z,96.09,317.097,3.3
2026-06-10T00:53:47.985Z,81.86,270.138,3.3
2026-06-10T00:53:48.186Z,55.4,182.82,3.3
2026-06-10T00:53:48.387Z,32.61,107.613,3.3
2026-06-10T00:53:48.589Z,2.32,7.656,3.3
2026-06-10T00:53:48.791Z,0.44,1.452,3.3
2026-06-10T00:53:48.992Z,0.05,0.165,3.3
2026-06-10T00:53:49.193Z,0.03,0.099,3.3
2026-06-10T00:53:49.394Z,0.02,0.066,3.3
2026-06-10T00:53:49.594Z,0.01,0.033,3.3
2026-06-10T00:53:49.795Z,0.01,0.033,3.3
2026-06-10T00:53:49.996Z,0.01,0.033,3.3
2026-06-10T00:53:50.200Z,0,0,3.3
2026-06-10T00:53:50.401Z,0,0,3.3
2026-06-10T00:53:50.602Z,0.01,0.033,3.3
2026-06-10T00:53:50.804Z,0,0,3.3
2026-06-10T00:53:51.006Z,0,0,3.3
2026-06-10T00:53:51.207Z,0,0,3.3
2026-06-10T00:53:51.410Z,0,0,3.3
2026-06-10T00:53:51.611Z,0,0,3.3
2026-06-10T00:53:51.813Z,0,0,3.3
2026-06-10T00:53:52.015Z,0,0,3.3
2026-06-10T00:53:52.216Z,0,0,3.3
2026-06-10T00:53:52.424Z,0.01,0.033,3.3
2026-06-10T00:53:52.619Z,0.01,0.033,3.3
2026-06-10T00:53:52.821Z,0.01,0.033,3.3
2026-06-10T00:53:53.021Z,0.01,0.033,3.3
2026-06-10T00:53:53.222Z,0.01,0.033,3.3
2026-06-10T00:53:53.425Z,0.01,0.033,3.3
2026-06-10T00:53:53.623Z,0.01,0.033,3.3
2026-06-10T00:53:53.823Z,0.01,0.033,3.3
2026-06-10T00:53:54.026Z,0.01,0.033,3.3
2026-06-10T00:53:54.228Z,0.01,0.033,3.3
2026-06-10T00:53:54.430Z,0.02,0.066,3.3
2026-06-10T00:53:54.632Z,0.02,0.066,3.3
2026-06-10T00:53:54.834Z,0.02,0.066,3.3
2026-06-10T00:53:55.035Z,0.03,0.099,3.3
2026-06-10T00:53:55.236Z,0.02,0.066,3.3
2026-06-10T00:53:55.443Z,0.02,0.066,3.3
2026-06-10T00:53:55.645Z,0.01,0.033,3.3
2026-06-10T00:53:55.847Z,0.01,0.033,3.3
2026-06-10T00:53:56.047Z,0.01,0.033,3.3
2026-06-10T00:53:56.249Z,0.01,0.033,3.3
2026-06-10T00:53:56.451Z,0.01,0.033,3.3
2026-06-10T00:53:56.653Z,0.02,0.066,3.3
2026-06-10T00:53:56.854Z,0.02,0.066,3.3
2026-06-10T00:53:57.056Z,0.02,0.066,3.3
2026-06-10T00:53:57.257Z,0.02,0.066,3.3
2026-06-10T00:53:57.459Z,0.02,0.066,3.3
2026-06-10T00:53:57.659Z,0.01,0.033,3.3
2026-06-10T00:53:57.861Z,0.02,0.066,3.3
2026-06-10T00:53:58.064Z,0.01,0.033,3.3
2026-06-10T00:53:58.265Z,0.01,0.033,3.3
2026-06-10T00:53:58.467Z,0.01,0.033,3.3
2026-06-10T00:53:58.668Z,0.01,0.033,3.3
2026-06-10T00:53:58.870Z,0.01,0.033,3.3
2026-06-10T00:53:59.071Z,0.02,0.066,3.3
2026-06-10T00:53:59.272Z,0.01,0.033,3.3
2026-06-10T00:53:59.474Z,0.01,0.033,3.3
2026-06-10T00:53:59.676Z,0.01,0.033,3.3
2026-06-10T00:53:59.878Z,0.02,0.066,3.3
2026-06-10T00:54:00.078Z,0.01,0.033,3.3
2026-06-10T00:54:00.281Z,0.01,0.033,3.3
2026-06-10T00:54:00.483Z,0.01,0.033,3.3
2026-06-10T00:54:00.684Z,0.01,0.033,3.3
2026-06-10T00:54:00.884Z,0.01,0.033,3.3
2026-06-10T00:54:01.086Z,0.01,0.033,3.3
2026-06-10T00:54:01.288Z,0.01,0.033,3.3
2026-06-10T00:54:01.489Z,0.01,0.033,3.3
2026-06-10T00:54:01.690Z,0.01,0.033,3.3
2026-06-10T00:54:01.891Z,0.02,0.066,3.3
2026-06-10T00:54:02.094Z,0.01,0.033,3.3
2026-06-10T00:54:02.297Z,0.01,0.033,3.3
2026-06-10T00:54:02.498Z,0.01,0.033,3.3
2026-06-10T00:54:02.699Z,0.01,0.033,3.3
2026-06-10T00:54:02.900Z,0.01,0.033,3.3
2026-06-10T00:54:03.102Z,0.01,0.033,3.3
2026-06-10T00:54:03.302Z,0.01,0.033,3.3
2026-06-10T00:54:03.504Z,0.01,0.033,3.3
2026-06-10T00:54:03.707Z,0.01,0.033,3.3
2026-06-10T00:54:03.910Z,0.01,0.033,3.3
2026-06-10T00:54:04.112Z,0.01,0.033,3.3
2026-06-10T00:54:04.313Z,0.01,0.033,3.3
2026-06-10T00:54:04.514Z,0.01,0.033,3.3
2026-06-10T00:54:04.716Z,0.01,0.033,3.3
2026-06-10T00:54:04.917Z,0.01,0.033,3.3
2026-06-10T00:54:05.119Z,0.01,0.033,3.3
2026-06-10T00:54:05.321Z,0.02,0.066,3.3
2026-06-10T00:54:05.524Z,0.01,0.033,3.3
2026-06-10T00:54:05.725Z,0.02,0.066,3.3
2026-06-10T00:54:05.926Z,0.02,0.066,3.3
2026-06-10T00:54:06.128Z,0.02,0.066,3.3
2026-06-10T00:54:06.330Z,0.02,0.066,3.3
2026-06-10T00:54:06.532Z,0.02,0.066,3.3
2026-06-10T00:54:06.733Z,0.02,0.066,3.3
2026-06-10T00:54:06.936Z,0.01,0.033,3.3
2026-06-10T00:54:07.137Z,0.02,0.066,3.3
2026-06-10T00:54:07.338Z,0.02,0.066,3.3
2026-06-10T00:54:07.539Z,0.02,0.066,3.3
2026-06-10T00:54:07.741Z,0.02,0.066,3.3
2026-06-10T00:54:07.943Z,0.02,0.066,3.3
2026-06-10T00:54:08.145Z,0.01,0.033,3.3
2026-06-10T00:54:08.346Z,0.01,0.033,3.3
2026-06-10T00:54:08.547Z,0.01,0.033,3.3
2026-06-10T00:54:08.750Z,0.01,0.033,3.3
2026-06-10T00:54:08.951Z,0.02,0.066,3.3
2026-06-10T00:54:09.151Z,0.02,0.066,3.3
2026-06-10T00:54:09.354Z,0.02,0.066,3.3
2026-06-10T00:54:09.554Z,0.02,0.066,3.3
2026-06-10T00:54:09.757Z,0.02,0.066,3.3
2026-06-10T00:54:09.959Z,0.02,0.066,3.3
2026-06-10T00:54:10.160Z,0.01,0.033,3.3
2026-06-10T00:54:10.360Z,0.01,0.033,3.3
2026-06-10T00:54:10.562Z,0.02,0.066,3.3
2026-06-10T00:54:10.762Z,0.02,0.066,3.3
2026-06-10T00:54:10.964Z,0.02,0.066,3.3
2026-06-10T00:54:11.166Z,0.02,0.066,3.3
2026-06-10T00:54:11.369Z,0.02,0.066,3.3
2026-06-10T00:54:11.570Z,0.01,0.033,3.3
2026-06-10T00:54:11.771Z,0.01,0.033,3.3
2026-06-10T00:54:11.972Z,0.01,0.033,3.3
2026-06-10T00:54:12.173Z,0.01,0.033,3.3
2026-06-10T00:54:12.374Z,0.01,0.033,3.3
2026-06-10T00:54:12.576Z,0.02,0.066,3.3
2026-06-10T00:54:12.776Z,0.02,0.066,3.3
2026-06-10T00:54:12.978Z,0.02,0.066,3.3
2026-06-10T00:54:13.180Z,0.02,0.066,3.3
2026-06-10T00:54:13.381Z,0.02,0.066,3.3
2026-06-10T00:54:13.583Z,0.01,0.033,3.3
2026-06-10T00:54:13.784Z,0.01,0.033,3.3
2026-06-10T00:54:13.986Z,0.01,0.033,3.3
2026-06-10T00:54:14.187Z,0.01,0.033,3.3
2026-06-10T00:54:14.388Z,0.01,0.033,3.3
2026-06-10T00:54:14.590Z,0.02,0.066,3.3
2026-06-10T00:54:14.791Z,0.02,0.066,3.3
2026-06-10T00:54:14.994Z,0.02,0.066,3.3
2026-06-10T00:54:15.194Z,0.02,0.066,3.3
2026-06-10T00:54:15.396Z,0.02,0.066,3.3
2026-06-10T00:54:15.598Z,0.01,0.033,3.3
2026-06-10T00:54:15.800Z,0.01,0.033,3.3
2026-06-10T00:54:16.001Z,0.02,0.066,3.3
2026-06-10T00:54:16.202Z,0.02,0.066,3.3
2026-06-10T00:54:16.404Z,0.02,0.066,3.3
2026-06-10T00:54:16.605Z,0.02,0.066,3.3
2026-06-10T00:54:16.808Z,0.02,0.066,3.3
2026-06-10T00:54:17.009Z,0.02,0.066,3.3
2026-06-10T00:54:17.210Z,0.01,0.033,3.3
2026-06-10T00:54:17.412Z,0.01,0.033,3.3
2026-06-10T00:54:17.615Z,0.01,0.033,3.3
2026-06-10T00:54:17.816Z,0.02,0.066,3.3
2026-06-10T00:54:18.017Z,0.02,0.066,3.3
2026-06-10T00:54:18.218Z,0.02,0.066,3.3
2026-06-10T00:54:18.426Z,0.02,0.066,3.3
2026-06-10T00:54:18.618Z,0.02,0.066,3.3
2026-06-10T00:54:18.821Z,0.02,0.066,3.3
2026-06-10T00:54:19.023Z,0.02,0.066,3.3
2026-06-10T00:54:19.224Z,0.01,0.033,3.3
2026-06-10T00:54:19.426Z,0.01,0.033,3.3
2026-06-10T00:54:19.627Z,0.01,0.033,3.3
2026-06-10T00:54:19.828Z,0.01,0.033,3.3
2026-06-10T00:54:20.030Z,0.02,0.066,3.3
2026-06-10T00:54:20.231Z,0.02,0.066,3.3
2026-06-10T00:54:20.433Z,0.02,0.066,3.3
2026-06-10T00:54:20.636Z,0.03,0.099,3.3
2026-06-10T00:54:20.837Z,0.02,0.066,3.3
2026-06-10T00:54:21.038Z,0.01,0.033,3.3
2026-06-10T00:54:21.239Z,0.01,0.033,3.3
2026-06-10T00:54:21.442Z,0.01,0.033,3.3
2026-06-10T00:54:21.643Z,0.01,0.033,3.3
2026-06-10T00:54:21.844Z,0.01,0.033,3.3
2026-06-10T00:54:22.046Z,0.02,0.066,3.3
2026-06-10T00:54:22.247Z,0.02,0.066,3.3
2026-06-10T00:54:22.449Z,0.02,0.066,3.3
2026-06-10T00:54:22.651Z,0.02,0.066,3.3
2026-06-10T00:54:22.852Z,0.02,0.066,3.3
2026-06-10T00:54:23.054Z,0.01,0.033,3.3
2026-06-10T00:54:23.256Z,0.01,0.033,3.3
2026-06-10T00:54:23.458Z,0.01,0.033,3.3
2026-06-10T00:54:23.659Z,0.02,0.066,3.3
2026-06-10T00:54:23.861Z,0.02,0.066,3.3
2026-06-10T00:54:24.063Z,0.01,0.033,3.3
2026-06-10T00:54:24.265Z,0.01,0.033,3.3
2026-06-10T00:54:24.465Z,0.02,0.066,3.3
2026-06-10T00:54:24.666Z,0.02,0.066,3.3
2026-06-10T00:54:24.868Z,0.02,0.066,3.3
2026-06-10T00:54:25.069Z,0.01,0.033,3.3
2026-06-10T00:54:25.271Z,0.01,0.033,3.3
2026-06-10T00:54:25.473Z,0.02,0.066,3.3
2026-06-10T00:54:25.675Z,0.02,0.066,3.3
2026-06-10T00:54:25.878Z,0.02,0.066,3.3
2026-06-10T00:54:26.078Z,0.01,0.033,3.3
2026-06-10T00:54:26.280Z,0.01,0.033,3.3
2026-06-10T00:54:26.481Z,0.01,0.033,3.3
2026-06-10T00:54:26.682Z,0.02,0.066,3.3
2026-06-10T00:54:26.882Z,0.02,0.066,3.3
2026-06-10T00:54:27.084Z,0.02,0.066,3.3
2026-06-10T00:54:27.285Z,0.02,0.066,3.3
2026-06-10T00:54:27.486Z,0.02,0.066,3.3
2026-06-10T00:54:27.688Z,0.01,0.033,3.3
2026-06-10T00:54:27.890Z,0.02,0.066,3.3
2026-06-10T00:54:28.091Z,0.02,0.066,3.3
2026-06-10T00:54:28.291Z,0.02,0.066,3.3
2026-06-10T00:54:28.493Z,0.02,0.066,3.3
2026-06-10T00:54:28.695Z,0.02,0.066,3.3
2026-06-10T00:54:28.896Z,0.02,0.066,3.3
2026-06-10T00:54:29.097Z,0.02,0.066,3.3
2026-06-10T00:54:29.299Z,0.02,0.066,3.3
2026-06-10T00:54:29.502Z,0.02,0.066,3.3
2026-06-10T00:54:29.704Z,0.01,0.033,3.3
2026-06-10T00:54:29.906Z,0.01,0.033,3.3
2026-06-10T00:54:30.108Z,0.01,0.033,3.3
2026-06-10T00:54:30.309Z,0.01,0.033,3.3
2026-06-10T00:54:30.511Z,0.02,0.066,3.3
2026-06-10T00:54:30.713Z,0.02,0.066,3.3
2026-06-10T00:54:30.914Z,0.02,0.066,3.3
2026-06-10T00:54:31.115Z,0.02,0.066,3.3
2026-06-10T00:54:31.317Z,0.02,0.066,3.3
2026-06-10T00:54:31.518Z,0.01,0.033,3.3
2026-06-10T00:54:31.720Z,0.01,0.033,3.3
2026-06-10T00:54:31.922Z,0.01,0.033,3.3
2026-06-10T00:54:32.123Z,0.02,0.066,3.3
2026-06-10T00:54:32.325Z,0.02,0.066,3.3
2026-06-10T00:54:32.527Z,0.02,0.066,3.3
2026-06-10T00:54:32.728Z,0.01,0.033,3.3
2026-06-10T00:54:32.929Z,0.01,0.033,3.3
2026-06-10T00:54:33.130Z,0.01,0.033,3.3
2026-06-10T00:54:33.333Z,0.01,0.033,3.3
2026-06-10T00:54:33.536Z,0.02,0.066,3.3
2026-06-10T00:54:33.737Z,0.02,0.066,3.3
2026-06-10T00:54:33.939Z,0.02,0.066,3.3
2026-06-10T00:54:34.140Z,0.01,0.033,3.3
2026-06-10T00:54:34.341Z,0.01,0.033,3.3
2026-06-10T00:54:34.542Z,0.01,0.033,3.3
2026-06-10T00:54:34.744Z,0.02,0.066,3.3
2026-06-10T00:54:34.946Z,0.02,0.066,3.3
2026-06-10T00:54:35.148Z,0.02,0.066,3.3
2026-06-10T00:54:35.349Z,0.01,0.033,3.3
2026-06-10T00:54:35.549Z,0.02,0.066,3.3
2026-06-10T00:54:35.751Z,0.01,0.033,3.3
2026-06-10T00:54:35.951Z,0.02,0.066,3.3
2026-06-10T00:54:36.153Z,0.02,0.066,3.3
2026-06-10T00:54:36.356Z,0.02,0.066,3.3
2026-06-10T00:54:36.556Z,0.01,0.033,3.3
2026-06-10T00:54:36.757Z,0.01,0.033,3.3
2026-06-10T00:54:36.960Z,0.01,0.033,3.3
2026-06-10T00:54:37.160Z,0.02,0.066,3.3
2026-06-10T00:54:37.362Z,0.02,0.066,3.3
2026-06-10T00:54:37.564Z,0.02,0.066,3.3
2026-06-10T00:54:37.766Z,0.02,0.066,3.3
2026-06-10T00:54:37.966Z,0.01,0.033,3.3
2026-06-10T00:54:38.168Z,0.01,0.033,3.3
2026-06-10T00:54:38.370Z,0.01,0.033,3.3
2026-06-10T00:54:38.571Z,0.01,0.033,3.3
2026-06-10T00:54:38.772Z,0.01,0.033,3.3
2026-06-10T00:54:38.974Z,0.02,0.066,3.3
2026-06-10T00:54:39.175Z,0.01,0.033,3.3
2026-06-10T00:54:39.377Z,0.01,0.033,3.3
2026-06-10T00:54:39.577Z,0.01,0.033,3.3
2026-06-10T00:54:39.778Z,12.95,42.735,3.3
2026-06-10T00:54:39.980Z,54,178.2,3.3
2026-06-10T00:54:40.182Z,65.39,215.787,3.3
2026-06-10T00:54:40.383Z,64.99,214.467,3.3
2026-06-10T00:54:40.585Z,70.01,231.033,3.3
2026-06-10T00:54:40.787Z,71.58,236.214,3.3
2026-06-10T00:54:40.989Z,64.61,213.213,3.3
2026-06-10T00:54:41.190Z,56.56,186.648,3.3
2026-06-10T00:54:41.392Z,52.96,174.768,3.3
2026-06-10T00:54:41.592Z,51.64,170.412,3.3
2026-06-10T00:54:41.794Z,55.95,184.635,3.3
2026-06-10T00:54:41.995Z,63.82,210.606,3.3
2026-06-10T00:54:42.197Z,68.44,225.852,3.3
2026-06-10T00:54:42.398Z,67.14,221.562,3.3
2026-06-10T00:54:42.599Z,62.56,206.448,3.3
2026-06-10T00:54:42.800Z,64.2,211.86,3.3
2026-06-10T00:54:43.001Z,64.2,211.86,3.3
2026-06-10T00:54:43.202Z,63.91,210.903,3.3
2026-06-10T00:54:43.403Z,61.05,201.465,3.3
2026-06-10T00:54:43.605Z,61.66,203.478,3.3
2026-06-10T00:54:43.806Z,87.19,287.727,3.3
2026-06-10T00:54:44.007Z,140.54,463.782,3.3
2026-06-10T00:54:44.208Z,127.51,420.783,3.3
2026-06-10T00:54:44.410Z,103.31,340.923,3.3
2026-06-10T00:54:44.612Z,118.16,389.928,3.3
2026-06-10T00:54:44.815Z,123.38,407.154,3.3
2026-06-10T00:54:45.016Z,108.28,357.324,3.3
2026-06-10T00:54:45.218Z,102.98,339.834,3.3
2026-06-10T00:54:45.420Z,102.07,336.831,3.3
2026-06-10T00:54:45.620Z,101.21,333.993,3.3
2026-06-10T00:54:45.822Z,103.57,341.781,3.3
2026-06-10T00:54:46.023Z,115.95,382.635,3.3
2026-06-10T00:54:46.225Z,119.76,395.208,3.3
2026-06-10T00:54:46.427Z,103.73,342.309,3.3
2026-06-10T00:54:46.627Z,93.68,309.144,3.3
2026-06-10T00:54:46.828Z,92.34,304.722,3.3
2026-06-10T00:54:47.030Z,93.19,307.527,3.3
2026-06-10T00:54:47.233Z,95.54,315.282,3.3
2026-06-10T00:54:47.433Z,96.53,318.549,3.3
2026-06-10T00:54:47.633Z,97.25,320.925,3.3
2026-06-10T00:54:47.836Z,76.13,251.229,3.3
2026-06-10T00:54:48.037Z,54.88,181.104,3.3
2026-06-10T00:54:48.238Z,23.73,78.309,3.3
2026-06-10T00:54:48.442Z,1.86,6.138,3.3
2026-06-10T00:54:48.644Z,0.11,0.363,3.3
2026-06-10T00:54:48.845Z,0.03,0.099,3.3
2026-06-10T00:54:49.047Z,0.02,0.066,3.3
2026-06-10T00:54:49.248Z,0.02,0.066,3.3
2026-06-10T00:54:49.449Z,0.02,0.066,3.3
2026-06-10T00:54:49.651Z,0.02,0.066,3.3
2026-06-10T00:54:49.852Z,0.02,0.066,3.3
2026-06-10T00:54:50.054Z,0.01,0.033,3.3
2026-06-10T00:54:50.255Z,0.01,0.033,3.3
2026-06-10T00:54:50.456Z,0.01,0.033,3.3
2026-06-10T00:54:50.658Z,0.02,0.066,3.3
2026-06-10T00:54:50.860Z,0.02,0.066,3.3
2026-06-10T00:54:51.060Z,0.02,0.066,3.3
2026-06-10T00:54:51.263Z,0.01,0.033,3.3
2026-06-10T00:54:51.465Z,0.01,0.033,3.3
2026-06-10T00:54:51.667Z,0.01,0.033,3.3
2026-06-10T00:54:51.869Z,0.02,0.066,3.3
2026-06-10T00:54:52.069Z,0.03,0.099,3.3
2026-06-10T00:54:52.270Z,0.02,0.066,3.3
2026-06-10T00:54:52.471Z,0.02,0.066,3.3
2026-06-10T00:54:52.673Z,0.02,0.066,3.3
2026-06-10T00:54:52.875Z,0.01,0.033,3.3
2026-06-10T00:54:53.076Z,0.01,0.033,3.3
2026-06-10T00:54:53.278Z,0.01,0.033,3.3
2026-06-10T00:54:53.480Z,0.02,0.066,3.3
2026-06-10T00:54:53.682Z,0.02,0.066,3.3
2026-06-10T00:54:53.882Z,0.02,0.066,3.3
2026-06-10T00:54:54.083Z,0.02,0.066,3.3
2026-06-10T00:54:54.284Z,0.01,0.033,3.3
2026-06-10T00:54:54.485Z,0.01,0.033,3.3
2026-06-10T00:54:54.688Z,0.01,0.033,3.3
2026-06-10T00:54:54.889Z,0.01,0.033,3.3
2026-06-10T00:54:55.091Z,0.01,0.033,3.3
2026-06-10T00:54:55.294Z,0.02,0.066,3.3
2026-06-10T00:54:55.495Z,0.02,0.066,3.3
2026-06-10T00:54:55.698Z,0.01,0.033,3.3
2026-06-10T00:54:55.899Z,0.02,0.066,3.3
2026-06-10T00:54:56.101Z,0.02,0.066,3.3
2026-06-10T00:54:56.302Z,0.02,0.066,3.3
2026-06-10T00:54:56.503Z,0.02,0.066,3.3
2026-06-10T00:54:56.705Z,0.02,0.066,3.3
2026-06-10T00:54:56.906Z,0.01,0.033,3.3
2026-06-10T00:54:57.106Z,0.02,0.066,3.3
2026-06-10T00:54:57.307Z,0.02,0.066,3.3
2026-06-10T00:54:57.509Z,0.02,0.066,3.3
2026-06-10T00:54:57.709Z,0.02,0.066,3.3
2026-06-10T00:54:57.911Z,0.01,0.033,3.3
2026-06-10T00:54:58.113Z,0.01,0.033,3.3
2026-06-10T00:54:58.314Z,0.01,0.033,3.3
2026-06-10T00:54:58.516Z,0.01,0.033,3.3
2026-06-10T00:54:58.717Z,0.01,0.033,3.3
2026-06-10T00:54:58.919Z,0.01,0.033,3.3
2026-06-10T00:54:59.120Z,0.01,0.033,3.3
2026-06-10T00:54:59.321Z,0.01,0.033,3.3
2026-06-10T00:54:59.523Z,0.01,0.033,3.3
2026-06-10T00:54:59.725Z,0.01,0.033,3.3
2026-06-10T00:54:59.926Z,0.01,0.033,3.3
2026-06-10T00:55:00.127Z,0.02,0.066,3.3
2026-06-10T00:55:00.330Z,0.02,0.066,3.3
2026-06-10T00:55:00.531Z,0.02,0.066,3.3
2026-06-10T00:55:00.732Z,0.02,0.066,3.3
2026-06-10T00:55:00.934Z,0.01,0.033,3.3
2026-06-10T00:55:01.135Z,0.02,0.066,3.3
2026-06-10T00:55:01.337Z,0.02,0.066,3.3
2026-06-10T00:55:01.538Z,0.02,0.066,3.3
2026-06-10T00:55:01.739Z,0.01,0.033,3.3
2026-06-10T00:55:01.942Z,0.01,0.033,3.3
2026-06-10T00:55:02.143Z,0.02,0.066,3.3
2026-06-10T00:55:02.345Z,0.02,0.066,3.3
2026-06-10T00:55:02.547Z,0.02,0.066,3.3
2026-06-10T00:55:02.748Z,0.02,0.066,3.3
2026-06-10T00:55:02.950Z,0.02,0.066,3.3
2026-06-10T00:55:03.151Z,0.01,0.033,3.3
2026-06-10T00:55:03.352Z,0.01,0.033,3.3
2026-06-10T00:55:03.554Z,0.02,0.066,3.3
2026-06-10T00:55:03.758Z,0.02,0.066,3.3
2026-06-10T00:55:03.959Z,0.02,0.066,3.3
2026-06-10T00:55:04.160Z,0.02,0.066,3.3
2026-06-10T00:55:04.361Z,0.01,0.033,3.3
2026-06-10T00:55:04.563Z,0.01,0.033,3.3
2026-06-10T00:55:04.765Z,0.01,0.033,3.3
2026-06-10T00:55:04.965Z,0.01,0.033,3.3
2026-06-10T00:55:05.168Z,0.01,0.033,3.3
2026-06-10T00:55:05.369Z,0.02,0.066,3.3
2026-06-10T00:55:05.571Z,0.02,0.066,3.3
2026-06-10T00:55:05.772Z,0.02,0.066,3.3
2026-06-10T00:55:05.974Z,0.02,0.066,3.3
2026-06-10T00:55:06.175Z,0.02,0.066,3.3
2026-06-10T00:55:06.376Z,0.01,0.033,3.3
2026-06-10T00:55:06.579Z,0.01,0.033,3.3
2026-06-10T00:55:06.781Z,0.01,0.033,3.3
2026-06-10T00:55:06.983Z,0.01,0.033,3.3
2026-06-10T00:55:07.184Z,0.02,0.066,3.3
2026-06-10T00:55:07.384Z,0.02,0.066,3.3
2026-06-10T00:55:07.586Z,0.01,0.033,3.3
2026-06-10T00:55:07.788Z,0.01,0.033,3.3
2026-06-10T00:55:07.989Z,0.01,0.033,3.3
2026-06-10T00:55:08.190Z,0.01,0.033,3.3
2026-06-10T00:55:08.391Z,0.02,0.066,3.3
2026-06-10T00:55:08.593Z,0.02,0.066,3.3
2026-06-10T00:55:08.794Z,0.02,0.066,3.3
2026-06-10T00:55:08.995Z,0.02,0.066,3.3
2026-06-10T00:55:09.197Z,0.02,0.066,3.3
2026-06-10T00:55:09.399Z,0.02,0.066,3.3
2026-06-10T00:55:09.602Z,0.02,0.066,3.3
2026-06-10T00:55:09.803Z,0.01,0.033,3.3
2026-06-10T00:55:10.004Z,0.01,0.033,3.3
2026-06-10T00:55:10.206Z,0.01,0.033,3.3
2026-06-10T00:55:10.407Z,0.02,0.066,3.3
2026-06-10T00:55:10.609Z,0.02,0.066,3.3
2026-06-10T00:55:10.810Z,0.03,0.099,3.3
2026-06-10T00:55:11.011Z,0.02,0.066,3.3
2026-06-10T00:55:11.213Z,0.01,0.033,3.3
2026-06-10T00:55:11.416Z,0.02,0.066,3.3
2026-06-10T00:55:11.616Z,0.01,0.033,3.3
2026-06-10T00:55:11.819Z,0.01,0.033,3.3
2026-06-10T00:55:12.020Z,0.01,0.033,3.3
2026-06-10T00:55:12.223Z,0.01,0.033,3.3
2026-06-10T00:55:12.425Z,0.02,0.066,3.3
2026-06-10T00:55:12.626Z,0.02,0.066,3.3
2026-06-10T00:55:12.827Z,0.02,0.066,3.3
2026-06-10T00:55:13.029Z,0.02,0.066,3.3
2026-06-10T00:55:13.230Z,0.01,0.033,3.3
2026-06-10T00:55:13.435Z,0.01,0.033,3.3
2026-06-10T00:55:13.635Z,0.02,0.066,3.3
2026-06-10T00:55:13.836Z,0.02,0.066,3.3
2026-06-10T00:55:14.037Z,0.02,0.066,3.3
2026-06-10T00:55:14.238Z,0.02,0.066,3.3
2026-06-10T00:55:14.441Z,0.02,0.066,3.3
2026-06-10T00:55:14.643Z,0.02,0.066,3.3
2026-06-10T00:55:14.845Z,0.02,0.066,3.3
2026-06-10T00:55:15.046Z,0.02,0.066,3.3
2026-06-10T00:55:15.247Z,0.02,0.066,3.3
2026-06-10T00:55:15.450Z,0.02,0.066,3.3
2026-06-10T00:55:15.651Z,0.02,0.066,3.3
2026-06-10T00:55:15.852Z,0.01,0.033,3.3
2026-06-10T00:55:16.054Z,0.02,0.066,3.3
2026-06-10T00:55:16.256Z,0.02,0.066,3.3
2026-06-10T00:55:16.458Z,0.02,0.066,3.3
2026-06-10T00:55:16.659Z,0.01,0.033,3.3
2026-06-10T00:55:16.860Z,0.01,0.033,3.3
2026-06-10T00:55:17.062Z,0.01,0.033,3.3
2026-06-10T00:55:17.264Z,0.02,0.066,3.3
2026-06-10T00:55:17.465Z,0.02,0.066,3.3
2026-06-10T00:55:17.667Z,0.02,0.066,3.3
2026-06-10T00:55:17.868Z,0.02,0.066,3.3
2026-06-10T00:55:18.070Z,0.01,0.033,3.3
2026-06-10T00:55:18.273Z,0.01,0.033,3.3
2026-06-10T00:55:18.474Z,0.01,0.033,3.3
2026-06-10T00:55:18.674Z,0.01,0.033,3.3
2026-06-10T00:55:18.875Z,0.02,0.066,3.3
2026-06-10T00:55:19.078Z,0.03,0.099,3.3
2026-06-10T00:55:19.280Z,0.03,0.099,3.3
2026-06-10T00:55:19.482Z,0.03,0.099,3.3
2026-06-10T00:55:19.684Z,0.02,0.066,3.3
2026-06-10T00:55:19.885Z,0.01,0.033,3.3
2026-06-10T00:55:20.088Z,0.01,0.033,3.3
2026-06-10T00:55:20.289Z,0.01,0.033,3.3
2026-06-10T00:55:20.489Z,0.01,0.033,3.3
2026-06-10T00:55:20.690Z,0.02,0.066,3.3
2026-06-10T00:55:20.892Z,0.02,0.066,3.3
2026-06-10T00:55:21.094Z,0.02,0.066,3.3
2026-06-10T00:55:21.295Z,0.02,0.066,3.3
2026-06-10T00:55:21.498Z,0.02,0.066,3.3
2026-06-10T00:55:21.699Z,0.01,0.033,3.3
2026-06-10T00:55:21.900Z,0.01,0.033,3.3
2026-06-10T00:55:22.102Z,0.01,0.033,3.3
2026-06-10T00:55:22.303Z,0.02,0.066,3.3
2026-06-10T00:55:22.504Z,0.02,0.066,3.3
2026-06-10T00:55:22.705Z,0.02,0.066,3.3
2026-06-10T00:55:22.906Z,0.02,0.066,3.3
2026-06-10T00:55:23.107Z,0.02,0.066,3.3
2026-06-10T00:55:23.309Z,0.01,0.033,3.3
2026-06-10T00:55:23.511Z,0.01,0.033,3.3
2026-06-10T00:55:23.713Z,0.01,0.033,3.3
2026-06-10T00:55:23.913Z,0.02,0.066,3.3
2026-06-10T00:55:24.115Z,0.02,0.066,3.3
2026-06-10T00:55:24.317Z,0.02,0.066,3.3
2026-06-10T00:55:24.519Z,0.01,0.033,3.3
2026-06-10T00:55:24.720Z,0.01,0.033,3.3
2026-06-10T00:55:24.921Z,0.01,0.033,3.3
2026-06-10T00:55:25.124Z,0.02,0.066,3.3
2026-06-10T00:55:25.326Z,0.02,0.066,3.3
2026-06-10T00:55:25.527Z,0.02,0.066,3.3
2026-06-10T00:55:25.729Z,0.02,0.066,3.3
2026-06-10T00:55:25.929Z,0.02,0.066,3.3
2026-06-10T00:55:26.132Z,0.02,0.066,3.3
2026-06-10T00:55:26.333Z,0.02,0.066,3.3
2026-06-10T00:55:26.534Z,0.01,0.033,3.3
2026-06-10T00:55:26.735Z,0.01,0.033,3.3
2026-06-10T00:55:26.936Z,0.01,0.033,3.3
2026-06-10T00:55:27.138Z,0.01,0.033,3.3
2026-06-10T00:55:27.339Z,0.02,0.066,3.3
2026-06-10T00:55:27.540Z,0.02,0.066,3.3
2026-06-10T00:55:27.741Z,0.02,0.066,3.3
2026-06-10T00:55:27.942Z,0.02,0.066,3.3
2026-06-10T00:55:28.144Z,0.02,0.066,3.3
2026-06-10T00:55:28.345Z,0.02,0.066,3.3
2026-06-10T00:55:28.547Z,0.01,0.033,3.3
2026-06-10T00:55:28.748Z,0.01,0.033,3.3
2026-06-10T00:55:28.950Z,0.01,0.033,3.3
2026-06-10T00:55:29.152Z,0.02,0.066,3.3
2026-06-10T00:55:29.353Z,0.02,0.066,3.3
2026-06-10T00:55:29.554Z,0.02,0.066,3.3
2026-06-10T00:55:29.755Z,0.02,0.066,3.3
2026-06-10T00:55:29.956Z,0.02,0.066,3.3
2026-06-10T00:55:30.159Z,0.02,0.066,3.3
2026-06-10T00:55:30.359Z,0.02,0.066,3.3
2026-06-10T00:55:30.561Z,0.02,0.066,3.3
2026-06-10T00:55:30.763Z,0.02,0.066,3.3
2026-06-10T00:55:30.965Z,0.02,0.066,3.3
2026-06-10T00:55:31.165Z,0.02,0.066,3.3
2026-06-10T00:55:31.367Z,0.02,0.066,3.3
2026-06-10T00:55:31.568Z,0.02,0.066,3.3
2026-06-10T00:55:31.769Z,0.02,0.066,3.3
2026-06-10T00:55:31.969Z,0.01,0.033,3.3
2026-06-10T00:55:32.170Z,0.02,0.066,3.3
2026-06-10T00:55:32.370Z,0.02,0.066,3.3
2026-06-10T00:55:32.572Z,0.02,0.066,3.3
2026-06-10T00:55:32.773Z,0.02,0.066,3.3
2026-06-10T00:55:32.974Z,0.02,0.066,3.3
2026-06-10T00:55:33.176Z,0.01,0.033,3.3
2026-06-10T00:55:33.378Z,0.01,0.033,3.3
2026-06-10T00:55:33.579Z,0.01,0.033,3.3
2026-06-10T00:55:33.781Z,0.02,0.066,3.3
2026-06-10T00:55:33.983Z,0.02,0.066,3.3
2026-06-10T00:55:34.184Z,0.02,0.066,3.3
2026-06-10T00:55:34.384Z,0.02,0.066,3.3
2026-06-10T00:55:34.586Z,0.01,0.033,3.3
2026-06-10T00:55:34.787Z,0.01,0.033,3.3
2026-06-10T00:55:34.989Z,0.02,0.066,3.3
2026-06-10T00:55:35.191Z,0.02,0.066,3.3
2026-06-10T00:55:35.392Z,0.02,0.066,3.3
2026-06-10T00:55:35.595Z,0.02,0.066,3.3
2026-06-10T00:55:35.797Z,0.01,0.033,3.3
2026-06-10T00:55:35.998Z,0.01,0.033,3.3
2026-06-10T00:55:36.200Z,0.02,0.066,3.3
2026-06-10T00:55:36.402Z,0.02,0.066,3.3
2026-06-10T00:55:36.603Z,0.03,0.099,3.3
2026-06-10T00:55:36.804Z,0.03,0.099,3.3
2026-06-10T00:55:37.005Z,0.02,0.066,3.3
2026-06-10T00:55:37.205Z,0.01,0.033,3.3
2026-06-10T00:55:37.407Z,0.02,0.066,3.3
2026-06-10T00:55:37.609Z,0.02,0.066,3.3
2026-06-10T00:55:37.809Z,0.02,0.066,3.3
2026-06-10T00:55:38.010Z,0.02,0.066,3.3
2026-06-10T00:55:38.212Z,0.02,0.066,3.3
2026-06-10T00:55:38.414Z,0.02,0.066,3.3
2026-06-10T00:55:38.614Z,0.01,0.033,3.3
2026-06-10T00:55:38.815Z,0.01,0.033,3.3
2026-06-10T00:55:39.015Z,0.01,0.033,3.3
2026-06-10T00:55:39.216Z,0.02,0.066,3.3
2026-06-10T00:55:39.417Z,0.02,0.066,3.3
2026-06-10T00:55:39.618Z,1.37,4.521,3.3
2026-06-10T00:55:39.818Z,41.42,136.686,3.3
2026-06-10T00:55:40.019Z,64.12,211.596,3.3
2026-06-10T00:55:40.220Z,65.28,215.424,3.3
2026-06-10T00:55:40.427Z,66.12,218.196,3.3
2026-06-10T00:55:40.624Z,72.41,238.953,3.3
2026-06-10T00:55:40.825Z,69.46,229.218,3.3
2026-06-10T00:55:41.027Z,57.33,189.189,3.3
2026-06-10T00:55:41.230Z,53.99,178.167,3.3
2026-06-10T00:55:41.431Z,51.66,170.478,3.3
2026-06-10T00:55:41.632Z,54.74,180.642,3.3
2026-06-10T00:55:41.833Z,62.52,206.316,3.3
2026-06-10T00:55:42.034Z,68.46,225.918,3.3
2026-06-10T00:55:42.235Z,67.61,223.113,3.3
2026-06-10T00:55:42.436Z,62.47,206.151,3.3
2026-06-10T00:55:42.637Z,63.58,209.814,3.3
2026-06-10T00:55:42.839Z,64.45,212.685,3.3
2026-06-10T00:55:43.040Z,64.52,212.916,3.3
2026-06-10T00:55:43.241Z,61.4,202.62,3.3
2026-06-10T00:55:43.443Z,62.49,206.217,3.3
2026-06-10T00:55:43.645Z,88.61,292.413,3.3
2026-06-10T00:55:43.847Z,137.11,452.463,3.3
2026-06-10T00:55:44.048Z,120.74,398.442,3.3
2026-06-10T00:55:44.248Z,141.4,466.62,3.3
2026-06-10T00:55:44.451Z,126.27,416.691,3.3
2026-06-10T00:55:44.652Z,102.79,339.207,3.3
2026-06-10T00:55:44.852Z,103.76,342.408,3.3
2026-06-10T00:55:45.054Z,102.1,336.93,3.3
2026-06-10T00:55:45.254Z,101.24,334.092,3.3
2026-06-10T00:55:45.458Z,104.52,344.916,3.3
2026-06-10T00:55:45.659Z,118.78,391.974,3.3
2026-06-10T00:55:45.861Z,120.07,396.231,3.3
2026-06-10T00:55:46.062Z,102.83,339.339,3.3
2026-06-10T00:55:46.263Z,94.05,310.365,3.3
2026-06-10T00:55:46.466Z,93.53,308.649,3.3
2026-06-10T00:55:46.668Z,94.48,311.784,3.3
2026-06-10T00:55:46.870Z,96.99,320.067,3.3
2026-06-10T00:55:47.071Z,101.1,333.63,3.3
2026-06-10T00:55:47.273Z,96.11,317.163,3.3
2026-06-10T00:55:47.474Z,73.96,244.068,3.3
2026-06-10T00:55:47.677Z,54.85,181.005,3.3
2026-06-10T00:55:47.878Z,21.02,69.366,3.3
2026-06-10T00:55:48.080Z,1.6,5.28,3.3
2026-06-10T00:55:48.281Z,0.1,0.33,3.3
2026-06-10T00:55:48.483Z,0.03,0.099,3.3
2026-06-10T00:55:48.684Z,0.02,0.066,3.3
2026-06-10T00:55:48.886Z,0.02,0.066,3.3
2026-06-10T00:55:49.087Z,0.02,0.066,3.3
2026-06-10T00:55:49.288Z,0.01,0.033,3.3
2026-06-10T00:55:49.490Z,0.01,0.033,3.3
2026-06-10T00:55:49.692Z,0.01,0.033,3.3
2026-06-10T00:55:49.892Z,0.01,0.033,3.3
2026-06-10T00:55:50.096Z,0.01,0.033,3.3
2026-06-10T00:55:50.297Z,0.01,0.033,3.3
2026-06-10T00:55:50.498Z,0.01,0.033,3.3
2026-06-10T00:55:50.700Z,0.01,0.033,3.3
2026-06-10T00:55:50.902Z,0.01,0.033,3.3
2026-06-10T00:55:51.103Z,0.02,0.066,3.3
2026-06-10T00:55:51.305Z,0.01,0.033,3.3
2026-06-10T00:55:51.506Z,0.01,0.033,3.3
2026-06-10T00:55:51.707Z,0.01,0.033,3.3
2026-06-10T00:55:51.908Z,0.02,0.066,3.3
2026-06-10T00:55:52.110Z,0.02,0.066,3.3
2026-06-10T00:55:52.310Z,0.02,0.066,3.3
2026-06-10T00:55:52.511Z,0.02,0.066,3.3
2026-06-10T00:55:52.713Z,0.02,0.066,3.3
2026-06-10T00:55:52.915Z,0.01,0.033,3.3
2026-06-10T00:55:53.116Z,0.02,0.066,3.3
2026-06-10T00:55:53.319Z,0.02,0.066,3.3
2026-06-10T00:55:53.520Z,0.01,0.033,3.3
2026-06-10T00:55:53.721Z,0.01,0.033,3.3
2026-06-10T00:55:53.923Z,0.02,0.066,3.3
2026-06-10T00:55:54.123Z,0.02,0.066,3.3
2026-06-10T00:55:54.326Z,0.02,0.066,3.3
2026-06-10T00:55:54.527Z,0.02,0.066,3.3
2026-06-10T00:55:54.729Z,0.02,0.066,3.3
2026-06-10T00:55:54.931Z,0.02,0.066,3.3
2026-06-10T00:55:55.132Z,0.02,0.066,3.3
2026-06-10T00:55:55.333Z,0.01,0.033,3.3
2026-06-10T00:55:55.533Z,0.01,0.033,3.3
2026-06-10T00:55:55.735Z,0.01,0.033,3.3
2026-06-10T00:55:55.937Z,0.02,0.066,3.3
2026-06-10T00:55:56.139Z,0.02,0.066,3.3
2026-06-10T00:55:56.340Z,0.02,0.066,3.3
2026-06-10T00:55:56.541Z,0.02,0.066,3.3
2026-06-10T00:55:56.743Z,0.02,0.066,3.3
2026-06-10T00:55:56.945Z,0.02,0.066,3.3
2026-06-10T00:55:57.147Z,0.01,0.033,3.3
2026-06-10T00:55:57.348Z,0.01,0.033,3.3
2026-06-10T00:55:57.550Z,0.01,0.033,3.3
2026-06-10T00:55:57.753Z,0.01,0.033,3.3
2026-06-10T00:55:57.954Z,0,0,3.3
2026-06-10T00:55:58.155Z,0.01,0.033,3.3
2026-06-10T00:55:58.358Z,0.01,0.033,3.3
2026-06-10T00:55:58.559Z,0,0,3.3
2026-06-10T00:55:58.760Z,0,0,3.3
2026-06-10T00:55:58.960Z,0,0,3.3
2026-06-10T00:55:59.162Z,0,0,3.3
2026-06-10T00:55:59.362Z,0,0,3.3
2026-06-10T00:55:59.563Z,0.01,0.033,3.3
2026-06-10T00:55:59.765Z,0.01,0.033,3.3
2026-06-10T00:55:59.967Z,0.01,0.033,3.3
2026-06-10T00:56:00.168Z,0.01,0.033,3.3
2026-06-10T00:56:00.369Z,0.01,0.033,3.3
2026-06-10T00:56:00.571Z,0.01,0.033,3.3
2026-06-10T00:56:00.772Z,0.01,0.033,3.3
2026-06-10T00:56:00.973Z,0,0,3.3
2026-06-10T00:56:01.175Z,0,0,3.3
2026-06-10T00:56:01.377Z,0,0,3.3
2026-06-10T00:56:01.578Z,0,0,3.3
2026-06-10T00:56:01.779Z,0,0,3.3
2026-06-10T00:56:01.982Z,0,0,3.3
2026-06-10T00:56:02.182Z,0,0,3.3
2026-06-10T00:56:02.384Z,0,0,3.3
2026-06-10T00:56:02.586Z,0,0,3.3
2026-06-10T00:56:02.786Z,0,0,3.3
2026-06-10T00:56:02.987Z,0,0,3.3
2026-06-10T00:56:03.189Z,0,0,3.3
2026-06-10T00:56:03.390Z,0,0,3.3
2026-06-10T00:56:03.592Z,0.01,0.033,3.3
2026-06-10T00:56:03.792Z,0.01,0.033,3.3
2026-06-10T00:56:03.993Z,0,0,3.3
2026-06-10T00:56:04.195Z,0.01,0.033,3.3
2026-06-10T00:56:04.397Z,0.01,0.033,3.3
2026-06-10T00:56:04.598Z,0.01,0.033,3.3
2026-06-10T00:56:04.800Z,0.01,0.033,3.3
2026-06-10T00:56:05.002Z,0.01,0.033,3.3
2026-06-10T00:56:05.204Z,0.02,0.066,3.3
2026-06-10T00:56:05.406Z,0.02,0.066,3.3
2026-06-10T00:56:05.606Z,0.02,0.066,3.3
2026-06-10T00:56:05.807Z,0.02,0.066,3.3
2026-06-10T00:56:06.009Z,0.01,0.033,3.3
2026-06-10T00:56:06.210Z,0.01,0.033,3.3
2026-06-10T00:56:06.412Z,0.02,0.066,3.3
2026-06-10T00:56:06.615Z,0.02,0.066,3.3
2026-06-10T00:56:06.817Z,0.02,0.066,3.3
2026-06-10T00:56:07.018Z,0.02,0.066,3.3
2026-06-10T00:56:07.220Z,0.01,0.033,3.3
2026-06-10T00:56:07.425Z,0.01,0.033,3.3
2026-06-10T00:56:07.624Z,0.02,0.066,3.3
2026-06-10T00:56:07.824Z,0.03,0.099,3.3
2026-06-10T00:56:08.026Z,0.03,0.099,3.3
2026-06-10T00:56:08.230Z,0.03,0.099,3.3
2026-06-10T00:56:08.430Z,0.02,0.066,3.3
2026-06-10T00:56:08.632Z,0.02,0.066,3.3
2026-06-10T00:56:08.834Z,0.01,0.033,3.3
2026-06-10T00:56:09.035Z,0.01,0.033,3.3
2026-06-10T00:56:09.237Z,0.01,0.033,3.3
2026-06-10T00:56:09.441Z,0.01,0.033,3.3
2026-06-10T00:56:09.640Z,0.02,0.066,3.3
2026-06-10T00:56:09.842Z,0.02,0.066,3.3
2026-06-10T00:56:10.043Z,0.03,0.099,3.3
2026-06-10T00:56:10.244Z,0.02,0.066,3.3
2026-06-10T00:56:10.451Z,0.02,0.066,3.3
2026-06-10T00:56:10.653Z,0.02,0.066,3.3
2026-06-10T00:56:10.855Z,0.01,0.033,3.3
2026-06-10T00:56:11.058Z,0.01,0.033,3.3
2026-06-10T00:56:11.259Z,0.01,0.033,3.3
2026-06-10T00:56:11.462Z,0.01,0.033,3.3
2026-06-10T00:56:11.664Z,0.02,0.066,3.3
2026-06-10T00:56:11.866Z,0.03,0.099,3.3
2026-06-10T00:56:12.069Z,0.02,0.066,3.3
2026-06-10T00:56:12.270Z,0.02,0.066,3.3
2026-06-10T00:56:12.471Z,0.02,0.066,3.3
2026-06-10T00:56:12.673Z,0.01,0.033,3.3
2026-06-10T00:56:12.874Z,0.01,0.033,3.3
2026-06-10T00:56:13.075Z,0.01,0.033,3.3
2026-06-10T00:56:13.276Z,0.01,0.033,3.3
2026-06-10T00:56:13.477Z,0.01,0.033,3.3
2026-06-10T00:56:13.678Z,0.02,0.066,3.3
2026-06-10T00:56:13.879Z,0.02,0.066,3.3
2026-06-10T00:56:14.080Z,0.02,0.066,3.3
2026-06-10T00:56:14.283Z,0.02,0.066,3.3
2026-06-10T00:56:14.485Z,0.02,0.066,3.3
2026-06-10T00:56:14.686Z,0.02,0.066,3.3
2026-06-10T00:56:14.888Z,0.01,0.033,3.3
2026-06-10T00:56:15.089Z,0.02,0.066,3.3
2026-06-10T00:56:15.292Z,0.02,0.066,3.3
2026-06-10T00:56:15.494Z,0.02,0.066,3.3
2026-06-10T00:56:15.695Z,0.02,0.066,3.3
2026-06-10T00:56:15.896Z,0.02,0.066,3.3
2026-06-10T00:56:16.096Z,0.02,0.066,3.3
2026-06-10T00:56:16.297Z,0.01,0.033,3.3
2026-06-10T00:56:16.498Z,0.01,0.033,3.3
2026-06-10T00:56:16.700Z,0.01,0.033,3.3
2026-06-10T00:56:16.901Z,0.01,0.033,3.3
2026-06-10T00:56:17.101Z,0.02,0.066,3.3
2026-06-10T00:56:17.303Z,0.02,0.066,3.3
2026-06-10T00:56:17.504Z,0.02,0.066,3.3
2026-06-10T00:56:17.705Z,0.02,0.066,3.3
2026-06-10T00:56:17.906Z,0.01,0.033,3.3
2026-06-10T00:56:18.108Z,0.01,0.033,3.3
2026-06-10T00:56:18.310Z,0.01,0.033,3.3
2026-06-10T00:56:18.511Z,0.02,0.066,3.3
2026-06-10T00:56:18.713Z,0.02,0.066,3.3
2026-06-10T00:56:18.915Z,0.02,0.066,3.3
2026-06-10T00:56:19.117Z,0.01,0.033,3.3
2026-06-10T00:56:19.319Z,0.01,0.033,3.3
2026-06-10T00:56:19.521Z,0.02,0.066,3.3
2026-06-10T00:56:19.722Z,0.02,0.066,3.3
2026-06-10T00:56:19.924Z,0.02,0.066,3.3
2026-06-10T00:56:20.125Z,0.02,0.066,3.3
2026-06-10T00:56:20.325Z,0.01,0.033,3.3
2026-06-10T00:56:20.525Z,0.01,0.033,3.3
2026-06-10T00:56:20.728Z,0.01,0.033,3.3
2026-06-10T00:56:20.930Z,0.01,0.033,3.3
2026-06-10T00:56:21.131Z,0.02,0.066,3.3
2026-06-10T00:56:21.331Z,0.02,0.066,3.3
2026-06-10T00:56:21.534Z,0.02,0.066,3.3
2026-06-10T00:56:21.734Z,0.02,0.066,3.3
2026-06-10T00:56:21.936Z,0.02,0.066,3.3
2026-06-10T00:56:22.137Z,0.02,0.066,3.3
2026-06-10T00:56:22.337Z,0.02,0.066,3.3
2026-06-10T00:56:22.538Z,0.01,0.033,3.3
2026-06-10T00:56:22.740Z,0.02,0.066,3.3
2026-06-10T00:56:22.941Z,0.02,0.066,3.3
2026-06-10T00:56:23.143Z,0.02,0.066,3.3
2026-06-10T00:56:23.345Z,0.02,0.066,3.3
2026-06-10T00:56:23.548Z,0.02,0.066,3.3
2026-06-10T00:56:23.749Z,0.02,0.066,3.3
2026-06-10T00:56:23.950Z,0.01,0.033,3.3
2026-06-10T00:56:24.151Z,0.02,0.066,3.3
2026-06-10T00:56:24.352Z,0.02,0.066,3.3
2026-06-10T00:56:24.554Z,0.02,0.066,3.3
2026-06-10T00:56:24.756Z,0.02,0.066,3.3
2026-06-10T00:56:24.958Z,0.02,0.066,3.3
2026-06-10T00:56:25.159Z,0.02,0.066,3.3
2026-06-10T00:56:25.360Z,0.01,0.033,3.3
2026-06-10T00:56:25.561Z,0.01,0.033,3.3
2026-06-10T00:56:25.763Z,0.01,0.033,3.3
2026-06-10T00:56:25.964Z,0.01,0.033,3.3
2026-06-10T00:56:26.166Z,0.02,0.066,3.3
2026-06-10T00:56:26.368Z,0.02,0.066,3.3
2026-06-10T00:56:26.571Z,0.03,0.099,3.3
2026-06-10T00:56:26.772Z,0.03,0.099,3.3
2026-06-10T00:56:26.973Z,0.02,0.066,3.3
2026-06-10T00:56:27.173Z,0.02,0.066,3.3
2026-06-10T00:56:27.374Z,0.01,0.033,3.3
2026-06-10T00:56:27.575Z,0.01,0.033,3.3
2026-06-10T00:56:27.776Z,0.01,0.033,3.3
2026-06-10T00:56:27.979Z,0.01,0.033,3.3
2026-06-10T00:56:28.181Z,0.02,0.066,3.3
2026-06-10T00:56:28.382Z,0.02,0.066,3.3
2026-06-10T00:56:28.584Z,0.02,0.066,3.3
2026-06-10T00:56:28.785Z,0.01,0.033,3.3
2026-06-10T00:56:28.985Z,0.01,0.033,3.3
2026-06-10T00:56:29.187Z,0.01,0.033,3.3
2026-06-10T00:56:29.387Z,0.01,0.033,3.3
2026-06-10T00:56:29.588Z,0.02,0.066,3.3
2026-06-10T00:56:29.790Z,0.02,0.066,3.3
2026-06-10T00:56:29.992Z,0.02,0.066,3.3
2026-06-10T00:56:30.193Z,0.02,0.066,3.3
2026-06-10T00:56:30.394Z,0.02,0.066,3.3
2026-06-10T00:56:30.595Z,0.02,0.066,3.3
2026-06-10T00:56:30.796Z,0.02,0.066,3.3
2026-06-10T00:56:30.997Z,0.02,0.066,3.3
2026-06-10T00:56:31.198Z,0.01,0.033,3.3
2026-06-10T00:56:31.399Z,0.02,0.066,3.3
2026-06-10T00:56:31.601Z,0.02,0.066,3.3
2026-06-10T00:56:31.803Z,0.02,0.066,3.3
2026-06-10T00:56:32.004Z,0.02,0.066,3.3
2026-06-10T00:56:32.205Z,0.02,0.066,3.3
2026-06-10T00:56:32.406Z,0.01,0.033,3.3
2026-06-10T00:56:32.607Z,0.01,0.033,3.3
2026-06-10T00:56:32.810Z,0.01,0.033,3.3
2026-06-10T00:56:33.011Z,0.02,0.066,3.3
2026-06-10T00:56:33.213Z,0.02,0.066,3.3
2026-06-10T00:56:33.416Z,0.02,0.066,3.3
2026-06-10T00:56:33.616Z,0.02,0.066,3.3
2026-06-10T00:56:33.816Z,0.01,0.033,3.3
2026-06-10T00:56:34.018Z,0.01,0.033,3.3
2026-06-10T00:56:34.220Z,0.02,0.066,3.3
2026-06-10T00:56:34.427Z,0.02,0.066,3.3
2026-06-10T00:56:34.625Z,0.02,0.066,3.3
2026-06-10T00:56:34.826Z,0.02,0.066,3.3
2026-06-10T00:56:35.027Z,0.02,0.066,3.3
2026-06-10T00:56:35.229Z,0.02,0.066,3.3
2026-06-10T00:56:35.429Z,0.02,0.066,3.3
2026-06-10T00:56:35.630Z,0.01,0.033,3.3
2026-06-10T00:56:35.831Z,0.01,0.033,3.3
2026-06-10T00:56:36.032Z,0.01,0.033,3.3
2026-06-10T00:56:36.234Z,0.02,0.066,3.3
2026-06-10T00:56:36.436Z,0.02,0.066,3.3
2026-06-10T00:56:36.637Z,0.02,0.066,3.3
2026-06-10T00:56:36.839Z,0.01,0.033,3.3
2026-06-10T00:56:37.041Z,0.01,0.033,3.3
2026-06-10T00:56:37.243Z,0.01,0.033,3.3
2026-06-10T00:56:37.446Z,0.02,0.066,3.3
2026-06-10T00:56:37.647Z,0.02,0.066,3.3
2026-06-10T00:56:37.848Z,0.02,0.066,3.3
2026-06-10T00:56:38.050Z,0.02,0.066,3.3
2026-06-10T00:56:38.252Z,0.01,0.033,3.3
2026-06-10T00:56:38.455Z,0.01,0.033,3.3
2026-06-10T00:56:38.657Z,0.02,0.066,3.3
2026-06-10T00:56:38.859Z,0.02,0.066,3.3
2026-06-10T00:56:39.062Z,0.02,0.066,3.3
2026-06-10T00:56:39.263Z,0.02,0.066,3.3
2026-06-10T00:56:39.463Z,0.01,0.033,3.3
2026-06-10T00:56:39.665Z,0.01,0.033,3.3
2026-06-10T00:56:39.866Z,0.01,0.033,3.3
2026-06-10T00:56:40.068Z,0.01,0.033,3.3
2026-06-10T00:56:40.270Z,4.81,15.873,3.3
2026-06-10T00:56:40.471Z,45.66,150.678,3.3
2026-06-10T00:56:40.671Z,64.65,213.345,3.3
2026-06-10T00:56:40.873Z,65.18,215.094,3.3
2026-06-10T00:56:41.075Z,67.59,223.047,3.3
2026-06-10T00:56:41.277Z,72.52,239.316,3.3
2026-06-10T00:56:41.480Z,66.24,218.592,3.3
2026-06-10T00:56:41.681Z,56.56,186.648,3.3
2026-06-10T00:56:41.882Z,53.51,176.583,3.3
2026-06-10T00:56:42.083Z,51.68,170.544,3.3
2026-06-10T00:56:42.284Z,55.35,182.655,3.3
2026-06-10T00:56:42.485Z,63.12,208.296,3.3
2026-06-10T00:56:42.687Z,68.59,226.347,3.3
2026-06-10T00:56:42.888Z,67.66,223.278,3.3
2026-06-10T00:56:43.089Z,62.66,206.778,3.3
2026-06-10T00:56:43.290Z,62.99,207.867,3.3
2026-06-10T00:56:43.492Z,62.44,206.052,3.3
2026-06-10T00:56:43.693Z,61.75,203.775,3.3
2026-06-10T00:56:43.895Z,62.97,207.801,3.3
2026-06-10T00:56:44.096Z,64.05,211.365,3.3
2026-06-10T00:56:44.297Z,62.55,206.415,3.3
2026-06-10T00:56:44.497Z,96.19,317.427,3.3
2026-06-10T00:56:44.699Z,137.19,452.727,3.3
2026-06-10T00:56:44.900Z,107.48,354.684,3.3
2026-06-10T00:56:45.101Z,102.69,338.877,3.3
2026-06-10T00:56:45.303Z,118.69,391.677,3.3
2026-06-10T00:56:45.505Z,121.21,399.993,3.3
2026-06-10T00:56:45.705Z,105.88,349.404,3.3
2026-06-10T00:56:45.906Z,103.29,340.857,3.3
2026-06-10T00:56:46.109Z,100.8,332.64,3.3
2026-06-10T00:56:46.310Z,102.13,337.029,3.3
2026-06-10T00:56:46.511Z,113.33,373.989,3.3
2026-06-10T00:56:46.711Z,120.42,397.386,3.3
2026-06-10T00:56:46.912Z,104.2,343.86,3.3
2026-06-10T00:56:47.113Z,90.86,299.838,3.3
2026-06-10T00:56:47.315Z,90.27,297.891,3.3
2026-06-10T00:56:47.517Z,90.36,298.188,3.3
2026-06-10T00:56:47.718Z,92.17,304.161,3.3
2026-06-10T00:56:47.918Z,92.74,306.042,3.3
2026-06-10T00:56:48.121Z,94.63,312.279,3.3
2026-06-10T00:56:48.323Z,79.26,261.558,3.3
2026-06-10T00:56:48.523Z,56.87,187.671,3.3
2026-06-10T00:56:48.725Z,30.87,101.871,3.3
2026-06-10T00:56:48.928Z,2.7,8.91,3.3
2026-06-10T00:56:49.130Z,0.93,3.069,3.3
2026-06-10T00:56:49.332Z,0.04,0.132,3.3
2026-06-10T00:56:49.533Z,0.02,0.066,3.3
2026-06-10T00:56:49.734Z,0.01,0.033,3.3
2026-06-10T00:56:49.936Z,0.01,0.033,3.3
2026-06-10T00:56:50.138Z,0.01,0.033,3.3
2026-06-10T00:56:50.340Z,0.01,0.033,3.3
2026-06-10T00:56:50.541Z,0.01,0.033,3.3
2026-06-10T00:56:50.742Z,0.01,0.033,3.3
2026-06-10T00:56:50.943Z,0.01,0.033,3.3
2026-06-10T00:56:51.145Z,0.01,0.033,3.3
2026-06-10T00:56:51.347Z,0.01,0.033,3.3
2026-06-10T00:56:51.549Z,0.01,0.033,3.3
2026-06-10T00:56:51.752Z,0.01,0.033,3.3
2026-06-10T00:56:51.953Z,0.02,0.066,3.3
2026-06-10T00:56:52.153Z,0.02,0.066,3.3
2026-06-10T00:56:52.355Z,0.02,0.066,3.3
2026-06-10T00:56:52.558Z,0.02,0.066,3.3
2026-06-10T00:56:52.759Z,0.01,0.033,3.3
2026-06-10T00:56:52.960Z,0.01,0.033,3.3
2026-06-10T00:56:53.161Z,0.01,0.033,3.3
2026-06-10T00:56:53.362Z,0.01,0.033,3.3
2026-06-10T00:56:53.563Z,0.01,0.033,3.3
2026-06-10T00:56:53.764Z,0.01,0.033,3.3
2026-06-10T00:56:53.964Z,0.01,0.033,3.3
2026-06-10T00:56:54.165Z,0.02,0.066,3.3
2026-06-10T00:56:54.367Z,0.02,0.066,3.3
2026-06-10T00:56:54.568Z,0.02,0.066,3.3
2026-06-10T00:56:54.769Z,0.01,0.033,3.3
2026-06-10T00:56:54.971Z,0.01,0.033,3.3
2026-06-10T00:56:55.172Z,0.01,0.033,3.3
2026-06-10T00:56:55.374Z,0.02,0.066,3.3
2026-06-10T00:56:55.576Z,0.02,0.066,3.3
2026-06-10T00:56:55.777Z,0.02,0.066,3.3
2026-06-10T00:56:55.978Z,0.02,0.066,3.3
2026-06-10T00:56:56.181Z,0.01,0.033,3.3
2026-06-10T00:56:56.382Z,0.01,0.033,3.3
2026-06-10T00:56:56.585Z,0.01,0.033,3.3
2026-06-10T00:56:56.786Z,0.02,0.066,3.3
2026-06-10T00:56:56.986Z,0.02,0.066,3.3
2026-06-10T00:56:57.187Z,0.01,0.033,3.3
2026-06-10T00:56:57.388Z,0.02,0.066,3.3
2026-06-10T00:56:57.589Z,0.02,0.066,3.3
2026-06-10T00:56:57.792Z,0.01,0.033,3.3
2026-06-10T00:56:57.993Z,0.01,0.033,3.3
2026-06-10T00:56:58.194Z,0.02,0.066,3.3
2026-06-10T00:56:58.395Z,0.02,0.066,3.3
2026-06-10T00:56:58.596Z,0.02,0.066,3.3
2026-06-10T00:56:58.797Z,0.01,0.033,3.3
2026-06-10T00:56:58.998Z,0.01,0.033,3.3
2026-06-10T00:56:59.199Z,0.01,0.033,3.3
2026-06-10T00:56:59.401Z,0.02,0.066,3.3
2026-06-10T00:56:59.611Z,0.02,0.066,3.3
2026-06-10T00:56:59.805Z,0.02,0.066,3.3
2026-06-10T00:57:00.013Z,0.01,0.033,3.3
2026-06-10T00:57:00.207Z,0.01,0.033,3.3
2026-06-10T00:57:00.409Z,0.01,0.033,3.3
2026-06-10T00:57:00.611Z,0.02,0.066,3.3
2026-06-10T00:57:00.812Z,0.02,0.066,3.3
2026-06-10T00:57:01.014Z,0.02,0.066,3.3
2026-06-10T00:57:01.215Z,0.02,0.066,3.3
2026-06-10T00:57:01.418Z,0.01,0.033,3.3
2026-06-10T00:57:01.618Z,0.01,0.033,3.3
2026-06-10T00:57:01.818Z,0.02,0.066,3.3
2026-06-10T00:57:02.021Z,0.02,0.066,3.3
2026-06-10T00:57:02.225Z,0.02,0.066,3.3
2026-06-10T00:57:02.427Z,0.02,0.066,3.3
2026-06-10T00:57:02.627Z,0.02,0.066,3.3
2026-06-10T00:57:02.828Z,0.02,0.066,3.3
2026-06-10T00:57:03.029Z,0.01,0.033,3.3
2026-06-10T00:57:03.231Z,0.02,0.066,3.3
2026-06-10T00:57:03.431Z,0.02,0.066,3.3
2026-06-10T00:57:03.632Z,0.02,0.066,3.3
2026-06-10T00:57:03.833Z,0.02,0.066,3.3
2026-06-10T00:57:04.036Z,0.01,0.033,3.3
2026-06-10T00:57:04.236Z,0.01,0.033,3.3
2026-06-10T00:57:04.441Z,0.01,0.033,3.3
2026-06-10T00:57:04.638Z,0.01,0.033,3.3
2026-06-10T00:57:04.839Z,0.02,0.066,3.3
2026-06-10T00:57:05.039Z,0.02,0.066,3.3
2026-06-10T00:57:05.242Z,0.02,0.066,3.3
2026-06-10T00:57:05.445Z,0.02,0.066,3.3
2026-06-10T00:57:05.644Z,0.02,0.066,3.3
2026-06-10T00:57:05.844Z,0.01,0.033,3.3
2026-06-10T00:57:06.045Z,0.01,0.033,3.3
2026-06-10T00:57:06.245Z,0.01,0.033,3.3
2026-06-10T00:57:06.452Z,0.02,0.066,3.3
2026-06-10T00:57:06.651Z,0.02,0.066,3.3
2026-06-10T00:57:06.854Z,0.02,0.066,3.3
2026-06-10T00:57:07.055Z,0.01,0.033,3.3
2026-06-10T00:57:07.257Z,0.01,0.033,3.3
2026-06-10T00:57:07.459Z,0.01,0.033,3.3
2026-06-10T00:57:07.660Z,0.01,0.033,3.3
2026-06-10T00:57:07.862Z,0.01,0.033,3.3
2026-06-10T00:57:08.064Z,0,0,3.3
2026-06-10T00:57:08.266Z,0,0,3.3
2026-06-10T00:57:08.468Z,0.01,0.033,3.3
2026-06-10T00:57:08.670Z,0.01,0.033,3.3
2026-06-10T00:57:08.871Z,0.01,0.033,3.3
2026-06-10T00:57:09.072Z,0.01,0.033,3.3
2026-06-10T00:57:09.273Z,0.01,0.033,3.3
2026-06-10T00:57:09.476Z,0.01,0.033,3.3
2026-06-10T00:57:09.678Z,0.02,0.066,3.3
2026-06-10T00:57:09.880Z,0.02,0.066,3.3
2026-06-10T00:57:10.082Z,0.02,0.066,3.3
2026-06-10T00:57:10.284Z,0.02,0.066,3.3
2026-06-10T00:57:10.485Z,0.01,0.033,3.3
2026-06-10T00:57:10.687Z,0.02,0.066,3.3
2026-06-10T00:57:10.888Z,0.02,0.066,3.3
2026-06-10T00:57:11.089Z,0.02,0.066,3.3
2026-06-10T00:57:11.291Z,0.02,0.066,3.3
2026-06-10T00:57:11.492Z,0.01,0.033,3.3
2026-06-10T00:57:11.694Z,0.01,0.033,3.3
2026-06-10T00:57:11.895Z,0.02,0.066,3.3
2026-06-10T00:57:12.097Z,0.02,0.066,3.3
2026-06-10T00:57:12.297Z,0.02,0.066,3.3
2026-06-10T00:57:12.498Z,0.03,0.099,3.3
2026-06-10T00:57:12.700Z,0.02,0.066,3.3
2026-06-10T00:57:12.903Z,0.01,0.033,3.3
2026-06-10T00:57:13.102Z,0.01,0.033,3.3
2026-06-10T00:57:13.305Z,0.01,0.033,3.3
2026-06-10T00:57:13.506Z,0.01,0.033,3.3
2026-06-10T00:57:13.707Z,0.02,0.066,3.3
2026-06-10T00:57:13.908Z,0.01,0.033,3.3
2026-06-10T00:57:14.109Z,0.01,0.033,3.3
2026-06-10T00:57:14.310Z,0.02,0.066,3.3
2026-06-10T00:57:14.511Z,0.02,0.066,3.3
2026-06-10T00:57:14.712Z,0.01,0.033,3.3
2026-06-10T00:57:14.913Z,0.02,0.066,3.3
2026-06-10T00:57:15.114Z,0.02,0.066,3.3
2026-06-10T00:57:15.315Z,0.02,0.066,3.3
2026-06-10T00:57:15.518Z,0.02,0.066,3.3
2026-06-10T00:57:15.720Z,0.02,0.066,3.3
2026-06-10T00:57:15.921Z,0.01,0.033,3.3
2026-06-10T00:57:16.121Z,0.01,0.033,3.3
2026-06-10T00:57:16.324Z,0.02,0.066,3.3
2026-06-10T00:57:16.524Z,0.02,0.066,3.3
2026-06-10T00:57:16.727Z,0.02,0.066,3.3
2026-06-10T00:57:16.928Z,0.02,0.066,3.3
2026-06-10T00:57:17.129Z,0.02,0.066,3.3
2026-06-10T00:57:17.330Z,0.01,0.033,3.3
2026-06-10T00:57:17.532Z,0.01,0.033,3.3
2026-06-10T00:57:17.734Z,0.01,0.033,3.3
2026-06-10T00:57:17.935Z,0.02,0.066,3.3
2026-06-10T00:57:18.138Z,0.02,0.066,3.3
2026-06-10T00:57:18.340Z,0.02,0.066,3.3
2026-06-10T00:57:18.540Z,0.01,0.033,3.3
2026-06-10T00:57:18.741Z,0.01,0.033,3.3
2026-06-10T00:57:18.943Z,0.01,0.033,3.3
2026-06-10T00:57:19.145Z,0.01,0.033,3.3
2026-06-10T00:57:19.345Z,0.02,0.066,3.3
2026-06-10T00:57:19.547Z,0.02,0.066,3.3
2026-06-10T00:57:19.749Z,0.02,0.066,3.3
2026-06-10T00:57:19.951Z,0.02,0.066,3.3
2026-06-10T00:57:20.152Z,0.02,0.066,3.3
2026-06-10T00:57:20.354Z,0.02,0.066,3.3
2026-06-10T00:57:20.556Z,0.01,0.033,3.3
2026-06-10T00:57:20.756Z,0.01,0.033,3.3
2026-06-10T00:57:20.958Z,0,0,3.3
2026-06-10T00:57:21.159Z,0,0,3.3
2026-06-10T00:57:21.360Z,0,0,3.3
2026-06-10T00:57:21.562Z,0,0,3.3
2026-06-10T00:57:21.764Z,0,0,3.3
2026-06-10T00:57:21.965Z,0,0,3.3
2026-06-10T00:57:22.168Z,0,0,3.3
2026-06-10T00:57:22.369Z,0,0,3.3
2026-06-10T00:57:22.570Z,0,0,3.3
2026-06-10T00:57:22.774Z,0.01,0.033,3.3
2026-06-10T00:57:22.973Z,0.01,0.033,3.3
2026-06-10T00:57:23.174Z,0.01,0.033,3.3
2026-06-10T00:57:23.375Z,0.01,0.033,3.3
2026-06-10T00:57:23.578Z,0.01,0.033,3.3
2026-06-10T00:57:23.779Z,0.01,0.033,3.3
2026-06-10T00:57:23.980Z,0.01,0.033,3.3
2026-06-10T00:57:24.182Z,0.01,0.033,3.3
2026-06-10T00:57:24.384Z,0.01,0.033,3.3
2026-06-10T00:57:24.585Z,0.01,0.033,3.3
2026-06-10T00:57:24.787Z,0.02,0.066,3.3
2026-06-10T00:57:24.988Z,0.02,0.066,3.3
2026-06-10T00:57:25.188Z,0.02,0.066,3.3
2026-06-10T00:57:25.390Z,0.02,0.066,3.3
2026-06-10T00:57:25.591Z,0.01,0.033,3.3
2026-06-10T00:57:25.793Z,0.01,0.033,3.3
2026-06-10T00:57:25.994Z,0.01,0.033,3.3
2026-06-10T00:57:26.196Z,0.01,0.033,3.3
2026-06-10T00:57:26.398Z,0.01,0.033,3.3
2026-06-10T00:57:26.600Z,0.02,0.066,3.3
2026-06-10T00:57:26.801Z,0.01,0.033,3.3
2026-06-10T00:57:27.001Z,0.01,0.033,3.3
2026-06-10T00:57:27.202Z,0.01,0.033,3.3
2026-06-10T00:57:27.405Z,0.01,0.033,3.3
2026-06-10T00:57:27.606Z,0.02,0.066,3.3
2026-06-10T00:57:27.806Z,0.02,0.066,3.3
2026-06-10T00:57:28.007Z,0.02,0.066,3.3
2026-06-10T00:57:28.209Z,0.01,0.033,3.3
2026-06-10T00:57:28.412Z,0.01,0.033,3.3
2026-06-10T00:57:28.613Z,0.01,0.033,3.3
2026-06-10T00:57:28.814Z,0.01,0.033,3.3
2026-06-10T00:57:29.015Z,0.02,0.066,3.3
2026-06-10T00:57:29.217Z,0.02,0.066,3.3
2026-06-10T00:57:29.425Z,0.02,0.066,3.3
2026-06-10T00:57:29.621Z,0.02,0.066,3.3
2026-06-10T00:57:29.824Z,0.02,0.066,3.3
2026-06-10T00:57:30.026Z,0.02,0.066,3.3
2026-06-10T00:57:30.227Z,0.01,0.033,3.3
2026-06-10T00:57:30.428Z,0.01,0.033,3.3
2026-06-10T00:57:30.630Z,0.01,0.033,3.3
2026-06-10T00:57:30.832Z,0.01,0.033,3.3
2026-06-10T00:57:31.034Z,0.02,0.066,3.3
2026-06-10T00:57:31.234Z,0.02,0.066,3.3
2026-06-10T00:57:31.435Z,0.01,0.033,3.3
2026-06-10T00:57:31.637Z,0.01,0.033,3.3
2026-06-10T00:57:31.839Z,0.01,0.033,3.3
2026-06-10T00:57:32.041Z,0.02,0.066,3.3
2026-06-10T00:57:32.242Z,0.03,0.099,3.3
2026-06-10T00:57:32.444Z,0.02,0.066,3.3
2026-06-10T00:57:32.646Z,0.02,0.066,3.3
2026-06-10T00:57:32.848Z,0.02,0.066,3.3
2026-06-10T00:57:33.048Z,0.02,0.066,3.3
2026-06-10T00:57:33.250Z,0.02,0.066,3.3
2026-06-10T00:57:33.452Z,0.02,0.066,3.3
2026-06-10T00:57:33.652Z,0.01,0.033,3.3
2026-06-10T00:57:33.853Z,0.01,0.033,3.3
2026-06-10T00:57:34.055Z,0.01,0.033,3.3
2026-06-10T00:57:34.256Z,0.01,0.033,3.3
2026-06-10T00:57:34.458Z,0.02,0.066,3.3
2026-06-10T00:57:34.658Z,0.02,0.066,3.3
2026-06-10T00:57:34.860Z,0.02,0.066,3.3
2026-06-10T00:57:35.062Z,0.02,0.066,3.3
2026-06-10T00:57:35.263Z,0.02,0.066,3.3
2026-06-10T00:57:35.467Z,0.02,0.066,3.3
2026-06-10T00:57:35.666Z,0.02,0.066,3.3
2026-06-10T00:57:35.868Z,0.01,0.033,3.3
2026-06-10T00:57:36.069Z,0.01,0.033,3.3
2026-06-10T00:57:36.270Z,0.01,0.033,3.3
2026-06-10T00:57:36.471Z,0.02,0.066,3.3
2026-06-10T00:57:36.673Z,0.02,0.066,3.3
2026-06-10T00:57:36.874Z,0.02,0.066,3.3
2026-06-10T00:57:37.076Z,0.02,0.066,3.3
2026-06-10T00:57:37.277Z,0.01,0.033,3.3
2026-06-10T00:57:37.478Z,0.01,0.033,3.3
2026-06-10T00:57:37.680Z,0.01,0.033,3.3
2026-06-10T00:57:37.880Z,0.02,0.066,3.3
2026-06-10T00:57:38.083Z,0.02,0.066,3.3
2026-06-10T00:57:38.285Z,0.02,0.066,3.3
2026-06-10T00:57:38.486Z,0.02,0.066,3.3
2026-06-10T00:57:38.687Z,0.01,0.033,3.3
2026-06-10T00:57:38.888Z,0.01,0.033,3.3
2026-06-10T00:57:39.090Z,0.02,0.066,3.3
2026-06-10T00:57:39.291Z,0.02,0.066,3.3
2026-06-10T00:57:39.492Z,0.02,0.066,3.3
2026-06-10T00:57:39.693Z,0.02,0.066,3.3
2026-06-10T00:57:39.895Z,0.02,0.066,3.3
2026-06-10T00:57:40.096Z,0.02,0.066,3.3
2026-06-10T00:57:40.296Z,12.37,40.821,3.3
2026-06-10T00:57:40.497Z,53.42,176.286,3.3
2026-06-10T00:57:40.698Z,65.38,215.754,3.3
2026-06-10T00:57:40.900Z,65.23,215.259,3.3
2026-06-10T00:57:41.103Z,70.62,233.046,3.3
2026-06-10T00:57:41.305Z,72.15,238.095,3.3
2026-06-10T00:57:41.505Z,64.49,212.817,3.3
2026-06-10T00:57:41.707Z,56.51,186.483,3.3
2026-06-10T00:57:41.909Z,52.89,174.537,3.3
2026-06-10T00:57:42.110Z,51.67,170.511,3.3
2026-06-10T00:57:42.312Z,56.21,185.493,3.3
2026-06-10T00:57:42.512Z,64.1,211.53,3.3
2026-06-10T00:57:42.713Z,68.48,225.984,3.3
2026-06-10T00:57:42.915Z,66.82,220.506,3.3
2026-06-10T00:57:43.117Z,62.56,206.448,3.3
2026-06-10T00:57:43.319Z,62.64,206.712,3.3
2026-06-10T00:57:43.520Z,61.41,202.653,3.3
2026-06-10T00:57:43.722Z,62.62,206.646,3.3
2026-06-10T00:57:43.924Z,63.41,209.253,3.3
2026-06-10T00:57:44.124Z,63.58,209.814,3.3
2026-06-10T00:57:44.326Z,97.46,321.618,3.3
2026-06-10T00:57:44.528Z,135.4,446.82,3.3
2026-06-10T00:57:44.729Z,109.16,360.228,3.3
2026-06-10T00:57:44.931Z,105.65,348.645,3.3
2026-06-10T00:57:45.133Z,122.08,402.864,3.3
2026-06-10T00:57:45.335Z,120.05,396.165,3.3
2026-06-10T00:57:45.536Z,101.14,333.762,3.3
2026-06-10T00:57:45.738Z,101.96,336.468,3.3
2026-06-10T00:57:45.940Z,100.08,330.264,3.3
2026-06-10T00:57:46.141Z,98.68,325.644,3.3
2026-06-10T00:57:46.342Z,102.63,338.679,3.3
2026-06-10T00:57:46.544Z,112,369.6,3.3
2026-06-10T00:57:46.745Z,117.89,389.037,3.3
2026-06-10T00:57:46.946Z,109.05,359.865,3.3
2026-06-10T00:57:47.148Z,95.19,314.127,3.3
2026-06-10T00:57:47.351Z,92.91,306.603,3.3
2026-06-10T00:57:47.551Z,92.87,306.471,3.3
2026-06-10T00:57:47.753Z,96.47,318.351,3.3
2026-06-10T00:57:47.953Z,95.04,313.632,3.3
2026-06-10T00:57:48.155Z,99,326.7,3.3
2026-06-10T00:57:48.356Z,86.01,283.833,3.3
2026-06-10T00:57:48.556Z,58.54,193.182,3.3
2026-06-10T00:57:48.758Z,37.47,123.651,3.3
2026-06-10T00:57:48.959Z,2.88,9.504,3.3
2026-06-10T00:57:49.160Z,0.73,2.409,3.3
2026-06-10T00:57:49.362Z,0.05,0.165,3.3
2026-06-10T00:57:49.564Z,0.02,0.066,3.3
2026-06-10T00:57:49.766Z,0.02,0.066,3.3
2026-06-10T00:57:49.968Z,0.01,0.033,3.3
2026-06-10T00:57:50.170Z,0.01,0.033,3.3
2026-06-10T00:57:50.371Z,0.01,0.033,3.3
2026-06-10T00:57:50.573Z,0.02,0.066,3.3
2026-06-10T00:57:50.775Z,0.02,0.066,3.3
2026-06-10T00:57:50.975Z,0.02,0.066,3.3
2026-06-10T00:57:51.177Z,0.02,0.066,3.3
2026-06-10T00:57:51.377Z,0.02,0.066,3.3
2026-06-10T00:57:51.577Z,0.02,0.066,3.3
2026-06-10T00:57:51.779Z,0.01,0.033,3.3
2026-06-10T00:57:51.981Z,0.01,0.033,3.3
2026-06-10T00:57:52.182Z,0.01,0.033,3.3
2026-06-10T00:57:52.382Z,0.01,0.033,3.3
2026-06-10T00:57:52.583Z,0.01,0.033,3.3
2026-06-10T00:57:52.784Z,0.01,0.033,3.3
2026-06-10T00:57:52.985Z,0.02,0.066,3.3
2026-06-10T00:57:53.187Z,0.02,0.066,3.3
2026-06-10T00:57:53.388Z,0.02,0.066,3.3
2026-06-10T00:57:53.590Z,0.02,0.066,3.3
2026-06-10T00:57:53.791Z,0.01,0.033,3.3
2026-06-10T00:57:53.994Z,0.01,0.033,3.3
2026-06-10T00:57:54.195Z,0.01,0.033,3.3
2026-06-10T00:57:54.397Z,0.02,0.066,3.3
2026-06-10T00:57:54.599Z,0.02,0.066,3.3
2026-06-10T00:57:54.801Z,0.02,0.066,3.3
2026-06-10T00:57:55.003Z,0.02,0.066,3.3
2026-06-10T00:57:55.205Z,0.01,0.033,3.3
2026-06-10T00:57:55.407Z,0.01,0.033,3.3
2026-06-10T00:57:55.609Z,0.02,0.066,3.3
2026-06-10T00:57:55.811Z,0.02,0.066,3.3
2026-06-10T00:57:56.012Z,0.02,0.066,3.3
2026-06-10T00:57:56.215Z,0.02,0.066,3.3
2026-06-10T00:57:56.421Z,0.02,0.066,3.3
2026-06-10T00:57:56.618Z,0.01,0.033,3.3
2026-06-10T00:57:56.821Z,0.01,0.033,3.3
2026-06-10T00:57:57.023Z,0.01,0.033,3.3
2026-06-10T00:57:57.225Z,0.02,0.066,3.3
2026-06-10T00:57:57.427Z,0.02,0.066,3.3
2026-06-10T00:57:57.627Z,0.02,0.066,3.3
2026-06-10T00:57:57.829Z,0.02,0.066,3.3
2026-06-10T00:57:58.031Z,0.02,0.066,3.3
2026-06-10T00:57:58.232Z,0.02,0.066,3.3
2026-06-10T00:57:58.437Z,0.01,0.033,3.3
2026-06-10T00:57:58.638Z,0.01,0.033,3.3
2026-06-10T00:57:58.840Z,0.01,0.033,3.3
2026-06-10T00:57:59.042Z,0.01,0.033,3.3
2026-06-10T00:57:59.244Z,0.01,0.033,3.3
2026-06-10T00:57:59.452Z,0.02,0.066,3.3
2026-06-10T00:57:59.654Z,0.02,0.066,3.3
2026-06-10T00:57:59.856Z,0.02,0.066,3.3
2026-06-10T00:58:00.057Z,0.01,0.033,3.3
2026-06-10T00:58:00.258Z,0.01,0.033,3.3
2026-06-10T00:58:00.460Z,0.01,0.033,3.3
2026-06-10T00:58:00.661Z,0.01,0.033,3.3
2026-06-10T00:58:00.863Z,0.02,0.066,3.3
2026-06-10T00:58:01.065Z,0.02,0.066,3.3
2026-06-10T00:58:01.266Z,0.02,0.066,3.3
2026-06-10T00:58:01.468Z,0.02,0.066,3.3
2026-06-10T00:58:01.670Z,0.01,0.033,3.3
2026-06-10T00:58:01.872Z,0.01,0.033,3.3
2026-06-10T00:58:02.073Z,0.01,0.033,3.3
2026-06-10T00:58:02.274Z,0.01,0.033,3.3
2026-06-10T00:58:02.478Z,0.01,0.033,3.3
2026-06-10T00:58:02.679Z,0.02,0.066,3.3
2026-06-10T00:58:02.880Z,0.02,0.066,3.3
2026-06-10T00:58:03.081Z,0.02,0.066,3.3
2026-06-10T00:58:03.282Z,0.02,0.066,3.3
2026-06-10T00:58:03.483Z,0.01,0.033,3.3
2026-06-10T00:58:03.684Z,0.01,0.033,3.3
2026-06-10T00:58:03.886Z,0.01,0.033,3.3
2026-06-10T00:58:04.087Z,0.02,0.066,3.3
2026-06-10T00:58:04.288Z,0.02,0.066,3.3
2026-06-10T00:58:04.490Z,0.02,0.066,3.3
2026-06-10T00:58:04.692Z,0.02,0.066,3.3
2026-06-10T00:58:04.893Z,0.02,0.066,3.3
2026-06-10T00:58:05.094Z,0.02,0.066,3.3
2026-06-10T00:58:05.295Z,0.01,0.033,3.3
2026-06-10T00:58:05.497Z,0.01,0.033,3.3
2026-06-10T00:58:05.699Z,0.02,0.066,3.3
2026-06-10T00:58:05.900Z,0.02,0.066,3.3
2026-06-10T00:58:06.101Z,0.02,0.066,3.3
2026-06-10T00:58:06.302Z,0.02,0.066,3.3
2026-06-10T00:58:06.503Z,0.01,0.033,3.3
2026-06-10T00:58:06.704Z,0.01,0.033,3.3
2026-06-10T00:58:06.907Z,0.01,0.033,3.3
2026-06-10T00:58:07.107Z,0.02,0.066,3.3
2026-06-10T00:58:07.309Z,0.02,0.066,3.3
2026-06-10T00:58:07.511Z,0.02,0.066,3.3
2026-06-10T00:58:07.712Z,0.01,0.033,3.3
2026-06-10T00:58:07.915Z,0.01,0.033,3.3
2026-06-10T00:58:08.117Z,0.01,0.033,3.3
2026-06-10T00:58:08.317Z,0.01,0.033,3.3
2026-06-10T00:58:08.519Z,0.01,0.033,3.3
2026-06-10T00:58:08.720Z,0.02,0.066,3.3
2026-06-10T00:58:08.921Z,0.02,0.066,3.3
2026-06-10T00:58:09.122Z,0.02,0.066,3.3
2026-06-10T00:58:09.323Z,0.01,0.033,3.3
2026-06-10T00:58:09.525Z,0.01,0.033,3.3
2026-06-10T00:58:09.727Z,0.02,0.066,3.3
2026-06-10T00:58:09.928Z,0.02,0.066,3.3
2026-06-10T00:58:10.130Z,0.02,0.066,3.3
2026-06-10T00:58:10.332Z,0.02,0.066,3.3
2026-06-10T00:58:10.534Z,0.02,0.066,3.3
2026-06-10T00:58:10.735Z,0.02,0.066,3.3
2026-06-10T00:58:10.936Z,0.01,0.033,3.3
2026-06-10T00:58:11.137Z,0.01,0.033,3.3
2026-06-10T00:58:11.338Z,0.01,0.033,3.3
2026-06-10T00:58:11.539Z,0.02,0.066,3.3
2026-06-10T00:58:11.741Z,0.02,0.066,3.3
2026-06-10T00:58:11.942Z,0.02,0.066,3.3
2026-06-10T00:58:12.143Z,0.02,0.066,3.3
2026-06-10T00:58:12.345Z,0.02,0.066,3.3
2026-06-10T00:58:12.548Z,0.02,0.066,3.3
2026-06-10T00:58:12.749Z,0.02,0.066,3.3
2026-06-10T00:58:12.952Z,0.02,0.066,3.3
2026-06-10T00:58:13.153Z,0.02,0.066,3.3
2026-06-10T00:58:13.355Z,0.01,0.033,3.3
2026-06-10T00:58:13.556Z,0.01,0.033,3.3
2026-06-10T00:58:13.758Z,0.01,0.033,3.3
2026-06-10T00:58:13.960Z,0.01,0.033,3.3
2026-06-10T00:58:14.162Z,0.02,0.066,3.3
2026-06-10T00:58:14.362Z,0.02,0.066,3.3
2026-06-10T00:58:14.564Z,0.02,0.066,3.3
2026-06-10T00:58:14.765Z,0.02,0.066,3.3
2026-06-10T00:58:14.967Z,0.02,0.066,3.3
2026-06-10T00:58:15.169Z,0.02,0.066,3.3
2026-06-10T00:58:15.371Z,0.02,0.066,3.3
2026-06-10T00:58:15.573Z,0.02,0.066,3.3
2026-06-10T00:58:15.775Z,0.02,0.066,3.3
2026-06-10T00:58:15.977Z,0.01,0.033,3.3
2026-06-10T00:58:16.179Z,0.02,0.066,3.3
2026-06-10T00:58:16.381Z,0.02,0.066,3.3
2026-06-10T00:58:16.581Z,0.02,0.066,3.3
2026-06-10T00:58:16.783Z,0.03,0.099,3.3
2026-06-10T00:58:16.985Z,0.02,0.066,3.3
2026-06-10T00:58:17.188Z,0.02,0.066,3.3
2026-06-10T00:58:17.388Z,0.01,0.033,3.3
2026-06-10T00:58:17.591Z,0.01,0.033,3.3
2026-06-10T00:58:17.792Z,0.01,0.033,3.3
2026-06-10T00:58:17.992Z,0.01,0.033,3.3
2026-06-10T00:58:18.194Z,0.02,0.066,3.3
2026-06-10T00:58:18.395Z,0.03,0.099,3.3
2026-06-10T00:58:18.598Z,0.03,0.099,3.3
2026-06-10T00:58:18.799Z,0.02,0.066,3.3
2026-06-10T00:58:19.001Z,0.01,0.033,3.3
2026-06-10T00:58:19.202Z,0.01,0.033,3.3
2026-06-10T00:58:19.405Z,0.02,0.066,3.3
2026-06-10T00:58:19.606Z,0.02,0.066,3.3
2026-06-10T00:58:19.807Z,0.02,0.066,3.3
2026-06-10T00:58:20.009Z,0.02,0.066,3.3
2026-06-10T00:58:20.211Z,0.02,0.066,3.3
2026-06-10T00:58:20.412Z,0.01,0.033,3.3
2026-06-10T00:58:20.613Z,0.01,0.033,3.3
2026-06-10T00:58:20.814Z,0.01,0.033,3.3
2026-06-10T00:58:21.016Z,0.02,0.066,3.3
2026-06-10T00:58:21.217Z,0.02,0.066,3.3
2026-06-10T00:58:21.421Z,0.02,0.066,3.3
2026-06-10T00:58:21.620Z,0.02,0.066,3.3
2026-06-10T00:58:21.820Z,0.01,0.033,3.3
2026-06-10T00:58:22.021Z,0.02,0.066,3.3
2026-06-10T00:58:22.223Z,0.02,0.066,3.3
2026-06-10T00:58:22.428Z,0.02,0.066,3.3
2026-06-10T00:58:22.627Z,0.02,0.066,3.3
2026-06-10T00:58:22.828Z,0.01,0.033,3.3
2026-06-10T00:58:23.028Z,0.01,0.033,3.3
2026-06-10T00:58:23.230Z,0.01,0.033,3.3
2026-06-10T00:58:23.432Z,0.01,0.033,3.3
2026-06-10T00:58:23.633Z,0.02,0.066,3.3
2026-06-10T00:58:23.835Z,0.02,0.066,3.3
2026-06-10T00:58:24.036Z,0.02,0.066,3.3
2026-06-10T00:58:24.237Z,0.01,0.033,3.3
2026-06-10T00:58:24.441Z,0.01,0.033,3.3
2026-06-10T00:58:24.643Z,0.02,0.066,3.3
2026-06-10T00:58:24.844Z,0.02,0.066,3.3
2026-06-10T00:58:25.046Z,0.03,0.099,3.3
2026-06-10T00:58:25.247Z,0.02,0.066,3.3
2026-06-10T00:58:25.452Z,0.01,0.033,3.3
2026-06-10T00:58:25.653Z,0.01,0.033,3.3
2026-06-10T00:58:25.854Z,0.02,0.066,3.3
2026-06-10T00:58:26.056Z,0.02,0.066,3.3
2026-06-10T00:58:26.257Z,0.02,0.066,3.3
2026-06-10T00:58:26.458Z,0.03,0.099,3.3
2026-06-10T00:58:26.660Z,0.02,0.066,3.3
2026-06-10T00:58:26.860Z,0.01,0.033,3.3
2026-06-10T00:58:27.061Z,0.01,0.033,3.3
2026-06-10T00:58:27.263Z,0.01,0.033,3.3
2026-06-10T00:58:27.466Z,0.01,0.033,3.3
2026-06-10T00:58:27.666Z,0.01,0.033,3.3
2026-06-10T00:58:27.867Z,0.01,0.033,3.3
2026-06-10T00:58:28.069Z,0.02,0.066,3.3
2026-06-10T00:58:28.271Z,0.01,0.033,3.3
2026-06-10T00:58:28.472Z,0.02,0.066,3.3
2026-06-10T00:58:28.673Z,0.02,0.066,3.3
2026-06-10T00:58:28.875Z,0.02,0.066,3.3
2026-06-10T00:58:29.077Z,0.02,0.066,3.3
2026-06-10T00:58:29.279Z,0.01,0.033,3.3
2026-06-10T00:58:29.481Z,0.01,0.033,3.3
2026-06-10T00:58:29.682Z,0.01,0.033,3.3
2026-06-10T00:58:29.883Z,0.01,0.033,3.3
2026-06-10T00:58:30.084Z,0.01,0.033,3.3
2026-06-10T00:58:30.284Z,0.01,0.033,3.3
2026-06-10T00:58:30.486Z,0.02,0.066,3.3
2026-06-10T00:58:30.687Z,0.03,0.099,3.3
2026-06-10T00:58:30.889Z,0.02,0.066,3.3
2026-06-10T00:58:31.091Z,0.02,0.066,3.3
2026-06-10T00:58:31.292Z,0.02,0.066,3.3
2026-06-10T00:58:31.494Z,0.02,0.066,3.3
2026-06-10T00:58:31.695Z,0.02,0.066,3.3
2026-06-10T00:58:31.897Z,0.02,0.066,3.3
2026-06-10T00:58:32.098Z,0.02,0.066,3.3
2026-06-10T00:58:32.299Z,0.02,0.066,3.3
2026-06-10T00:58:32.501Z,0.02,0.066,3.3
2026-06-10T00:58:32.702Z,0.01,0.033,3.3
2026-06-10T00:58:32.902Z,0.01,0.033,3.3
2026-06-10T00:58:33.103Z,0.02,0.066,3.3
2026-06-10T00:58:33.304Z,0.02,0.066,3.3
2026-06-10T00:58:33.506Z,0.02,0.066,3.3
2026-06-10T00:58:33.706Z,0.02,0.066,3.3
2026-06-10T00:58:33.908Z,0.02,0.066,3.3
2026-06-10T00:58:34.112Z,0.02,0.066,3.3
2026-06-10T00:58:34.313Z,0.01,0.033,3.3
2026-06-10T00:58:34.515Z,0.01,0.033,3.3
2026-06-10T00:58:34.716Z,0.02,0.066,3.3
2026-06-10T00:58:34.919Z,0.02,0.066,3.3
2026-06-10T00:58:35.120Z,0.02,0.066,3.3
2026-06-10T00:58:35.322Z,0.02,0.066,3.3
2026-06-10T00:58:35.523Z,0.02,0.066,3.3
2026-06-10T00:58:35.726Z,0.02,0.066,3.3
2026-06-10T00:58:35.927Z,0.02,0.066,3.3
2026-06-10T00:58:36.128Z,0.01,0.033,3.3
2026-06-10T00:58:36.329Z,0.02,0.066,3.3
2026-06-10T00:58:36.530Z,0.02,0.066,3.3
2026-06-10T00:58:36.732Z,0.02,0.066,3.3
2026-06-10T00:58:36.933Z,0.02,0.066,3.3
2026-06-10T00:58:37.136Z,0.02,0.066,3.3
2026-06-10T00:58:37.335Z,0.02,0.066,3.3
2026-06-10T00:58:37.536Z,0.02,0.066,3.3
2026-06-10T00:58:37.739Z,0.02,0.066,3.3
2026-06-10T00:58:37.940Z,0.02,0.066,3.3
2026-06-10T00:58:38.141Z,0.01,0.033,3.3
2026-06-10T00:58:38.342Z,0.01,0.033,3.3
2026-06-10T00:58:38.543Z,0.02,0.066,3.3
2026-06-10T00:58:38.745Z,0.02,0.066,3.3
2026-06-10T00:58:38.947Z,0.02,0.066,3.3
2026-06-10T00:58:39.149Z,0.02,0.066,3.3
2026-06-10T00:58:39.350Z,0.02,0.066,3.3
2026-06-10T00:58:39.551Z,0.02,0.066,3.3
2026-06-10T00:58:39.753Z,0.02,0.066,3.3
2026-06-10T00:58:39.954Z,0.01,0.033,3.3
2026-06-10T00:58:40.156Z,1.1,3.63,3.3
2026-06-10T00:58:40.357Z,40.94,135.102,3.3
2026-06-10T00:58:40.559Z,64.05,211.365,3.3
2026-06-10T00:58:40.761Z,65.3,215.49,3.3
2026-06-10T00:58:40.963Z,65.73,216.909,3.3
2026-06-10T00:58:41.165Z,72.45,239.085,3.3
2026-06-10T00:58:41.367Z,69.85,230.505,3.3
2026-06-10T00:58:41.568Z,57.6,190.08,3.3
2026-06-10T00:58:41.770Z,54.6,180.18,3.3
2026-06-10T00:58:41.973Z,51.64,170.412,3.3
2026-06-10T00:58:42.175Z,53.89,177.837,3.3
2026-06-10T00:58:42.376Z,61.68,203.544,3.3
2026-06-10T00:58:42.578Z,68.23,225.159,3.3
2026-06-10T00:58:42.780Z,67.54,222.882,3.3
2026-06-10T00:58:42.982Z,62.39,205.887,3.3
2026-06-10T00:58:43.184Z,63.32,208.956,3.3
2026-06-10T00:58:43.385Z,64.67,213.411,3.3
2026-06-10T00:58:43.586Z,64.85,214.005,3.3
2026-06-10T00:58:43.787Z,63.85,210.705,3.3
2026-06-10T00:58:43.990Z,64.21,211.893,3.3
2026-06-10T00:58:44.191Z,62.87,207.471,3.3
2026-06-10T00:58:44.391Z,117.89,389.037,3.3
2026-06-10T00:58:44.594Z,140.44,463.452,3.3
2026-06-10T00:58:44.795Z,105.15,346.995,3.3
2026-06-10T00:58:44.997Z,105.87,349.371,3.3
2026-06-10T00:58:45.198Z,104.58,345.114,3.3
2026-06-10T00:58:45.399Z,102.06,336.798,3.3
2026-06-10T00:58:45.601Z,103.17,340.461,3.3
2026-06-10T00:58:45.802Z,102.01,336.633,3.3
2026-06-10T00:58:46.004Z,98.43,324.819,3.3
2026-06-10T00:58:46.204Z,99.21,327.393,3.3
2026-06-10T00:58:46.407Z,110.9,365.97,3.3
2026-06-10T00:58:46.609Z,119.55,394.515,3.3
2026-06-10T00:58:46.811Z,109.16,360.228,3.3
2026-06-10T00:58:47.012Z,94.58,312.114,3.3
2026-06-10T00:58:47.213Z,92.57,305.481,3.3
2026-06-10T00:58:47.414Z,92.6,305.58,3.3
2026-06-10T00:58:47.616Z,94.53,311.949,3.3
2026-06-10T00:58:47.818Z,94.74,312.642,3.3
2026-06-10T00:58:48.018Z,97.91,323.103,3.3
2026-06-10T00:58:48.219Z,85.68,282.744,3.3
2026-06-10T00:58:48.421Z,57.84,190.872,3.3
2026-06-10T00:58:48.623Z,35.66,117.678,3.3
2026-06-10T00:58:48.825Z,2.47,8.151,3.3
2026-06-10T00:58:49.027Z,0.68,2.244,3.3
2026-06-10T00:58:49.229Z,0.06,0.198,3.3
2026-06-10T00:58:49.430Z,0.03,0.099,3.3
2026-06-10T00:58:49.632Z,0.02,0.066,3.3
2026-06-10T00:58:49.834Z,0.02,0.066,3.3
2026-06-10T00:58:50.036Z,0.02,0.066,3.3
2026-06-10T00:58:50.239Z,0.02,0.066,3.3
2026-06-10T00:58:50.444Z,0.01,0.033,3.3
2026-06-10T00:58:50.645Z,0.01,0.033,3.3
2026-06-10T00:58:50.846Z,0.01,0.033,3.3
2026-06-10T00:58:51.048Z,0.02,0.066,3.3
2026-06-10T00:58:51.250Z,0.02,0.066,3.3
2026-06-10T00:58:51.453Z,0.02,0.066,3.3
2026-06-10T00:58:51.655Z,0.02,0.066,3.3
2026-06-10T00:58:51.856Z,0.02,0.066,3.3
2026-06-10T00:58:52.056Z,0.01,0.033,3.3
2026-06-10T00:58:52.258Z,0.01,0.033,3.3
2026-06-10T00:58:52.458Z,0.01,0.033,3.3
2026-06-10T00:58:52.660Z,0.01,0.033,3.3
2026-06-10T00:58:52.861Z,0.02,0.066,3.3
2026-06-10T00:58:53.065Z,0.02,0.066,3.3
2026-06-10T00:58:53.267Z,0.02,0.066,3.3
2026-06-10T00:58:53.467Z,0.01,0.033,3.3
2026-06-10T00:58:53.669Z,0.02,0.066,3.3
2026-06-10T00:58:53.870Z,0.02,0.066,3.3
2026-06-10T00:58:54.071Z,0.02,0.066,3.3
2026-06-10T00:58:54.272Z,0.02,0.066,3.3
2026-06-10T00:58:54.473Z,0.03,0.099,3.3
2026-06-10T00:58:54.675Z,0.02,0.066,3.3
2026-06-10T00:58:54.876Z,0.01,0.033,3.3
2026-06-10T00:58:55.078Z,0,0,3.3
2026-06-10T00:58:55.280Z,0,0,3.3
2026-06-10T00:58:55.481Z,0.01,0.033,3.3
2026-06-10T00:58:55.682Z,0.02,0.066,3.3
2026-06-10T00:58:55.882Z,0.01,0.033,3.3
2026-06-10T00:58:56.084Z,0.02,0.066,3.3
2026-06-10T00:58:56.286Z,0.02,0.066,3.3
2026-06-10T00:58:56.486Z,0.02,0.066,3.3
2026-06-10T00:58:56.687Z,0.02,0.066,3.3
2026-06-10T00:58:56.889Z,0.02,0.066,3.3
2026-06-10T00:58:57.090Z,0.01,0.033,3.3
2026-06-10T00:58:57.291Z,0.02,0.066,3.3
2026-06-10T00:58:57.492Z,0.01,0.033,3.3
2026-06-10T00:58:57.694Z,0.01,0.033,3.3
2026-06-10T00:58:57.894Z,0.02,0.066,3.3
2026-06-10T00:58:58.095Z,0.02,0.066,3.3
2026-06-10T00:58:58.296Z,0.02,0.066,3.3
2026-06-10T00:58:58.498Z,0.01,0.033,3.3
2026-06-10T00:58:58.698Z,0.01,0.033,3.3
2026-06-10T00:58:58.900Z,0.02,0.066,3.3
2026-06-10T00:58:59.102Z,0.02,0.066,3.3
2026-06-10T00:58:59.304Z,0.02,0.066,3.3
2026-06-10T00:58:59.506Z,0.02,0.066,3.3
2026-06-10T00:58:59.707Z,0.02,0.066,3.3
2026-06-10T00:58:59.907Z,0.02,0.066,3.3
2026-06-10T00:59:00.108Z,0.02,0.066,3.3
2026-06-10T00:59:00.309Z,0.01,0.033,3.3
2026-06-10T00:59:00.510Z,0.01,0.033,3.3
2026-06-10T00:59:00.713Z,0.01,0.033,3.3
2026-06-10T00:59:00.914Z,0.02,0.066,3.3
2026-06-10T00:59:01.115Z,0.02,0.066,3.3
2026-06-10T00:59:01.317Z,0.01,0.033,3.3
2026-06-10T00:59:01.519Z,0.01,0.033,3.3
2026-06-10T00:59:01.720Z,0.02,0.066,3.3
2026-06-10T00:59:01.921Z,0.02,0.066,3.3
2026-06-10T00:59:02.122Z,0.02,0.066,3.3
2026-06-10T00:59:02.324Z,0.02,0.066,3.3
2026-06-10T00:59:02.526Z,0.01,0.033,3.3
2026-06-10T00:59:02.727Z,0.01,0.033,3.3
2026-06-10T00:59:02.927Z,0.01,0.033,3.3
2026-06-10T00:59:03.130Z,0.02,0.066,3.3
2026-06-10T00:59:03.329Z,0.02,0.066,3.3
2026-06-10T00:59:03.531Z,0.02,0.066,3.3
2026-06-10T00:59:03.732Z,0.02,0.066,3.3
2026-06-10T00:59:03.934Z,0.02,0.066,3.3
2026-06-10T00:59:04.136Z,0.01,0.033,3.3
2026-06-10T00:59:04.337Z,0.01,0.033,3.3
2026-06-10T00:59:04.538Z,0.01,0.033,3.3
2026-06-10T00:59:04.738Z,0,0,3.3
2026-06-10T00:59:04.941Z,0.01,0.033,3.3
2026-06-10T00:59:05.142Z,0.01,0.033,3.3
2026-06-10T00:59:05.344Z,0.01,0.033,3.3
2026-06-10T00:59:05.545Z,0.01,0.033,3.3
2026-06-10T00:59:05.746Z,0.01,0.033,3.3
2026-06-10T00:59:05.949Z,0.01,0.033,3.3
2026-06-10T00:59:06.151Z,0.01,0.033,3.3
2026-06-10T00:59:06.353Z,0.01,0.033,3.3
2026-06-10T00:59:06.554Z,0.01,0.033,3.3
2026-06-10T00:59:06.756Z,0.01,0.033,3.3
2026-06-10T00:59:06.958Z,0.01,0.033,3.3
2026-06-10T00:59:07.160Z,0.01,0.033,3.3
2026-06-10T00:59:07.361Z,0.01,0.033,3.3
2026-06-10T00:59:07.562Z,0.01,0.033,3.3
2026-06-10T00:59:07.762Z,0.01,0.033,3.3
2026-06-10T00:59:07.963Z,0.01,0.033,3.3
2026-06-10T00:59:08.164Z,0.02,0.066,3.3
2026-06-10T00:59:08.366Z,0.02,0.066,3.3
2026-06-10T00:59:08.566Z,0.02,0.066,3.3
2026-06-10T00:59:08.767Z,0.01,0.033,3.3
2026-06-10T00:59:08.968Z,0.01,0.033,3.3
2026-06-10T00:59:09.168Z,0.01,0.033,3.3
2026-06-10T00:59:09.368Z,0.01,0.033,3.3
2026-06-10T00:59:09.571Z,0.01,0.033,3.3
2026-06-10T00:59:09.772Z,0.01,0.033,3.3
2026-06-10T00:59:09.972Z,0.02,0.066,3.3
2026-06-10T00:59:10.174Z,0.02,0.066,3.3
2026-06-10T00:59:10.376Z,0.02,0.066,3.3
2026-06-10T00:59:10.577Z,0.01,0.033,3.3
2026-06-10T00:59:10.779Z,0.01,0.033,3.3
2026-06-10T00:59:10.980Z,0.01,0.033,3.3
2026-06-10T00:59:11.181Z,0,0,3.3
2026-06-10T00:59:11.382Z,0,0,3.3
2026-06-10T00:59:11.584Z,0.01,0.033,3.3
2026-06-10T00:59:11.785Z,0.01,0.033,3.3
2026-06-10T00:59:11.987Z,0.01,0.033,3.3
2026-06-10T00:59:12.188Z,0.01,0.033,3.3
2026-06-10T00:59:12.390Z,0.01,0.033,3.3
2026-06-10T00:59:12.592Z,0.01,0.033,3.3
2026-06-10T00:59:12.793Z,0,0,3.3
2026-06-10T00:59:12.995Z,0,0,3.3
2026-06-10T00:59:13.197Z,0,0,3.3
2026-06-10T00:59:13.399Z,0.01,0.033,3.3
2026-06-10T00:59:13.599Z,0.01,0.033,3.3
2026-06-10T00:59:13.801Z,0.01,0.033,3.3
2026-06-10T00:59:14.002Z,0.01,0.033,3.3
2026-06-10T00:59:14.204Z,0.01,0.033,3.3
2026-06-10T00:59:14.406Z,0.01,0.033,3.3
2026-06-10T00:59:14.608Z,0.02,0.066,3.3
2026-06-10T00:59:14.807Z,0.02,0.066,3.3
2026-06-10T00:59:15.010Z,0.02,0.066,3.3
2026-06-10T00:59:15.211Z,0.02,0.066,3.3
2026-06-10T00:59:15.412Z,0.02,0.066,3.3
2026-06-10T00:59:15.613Z,0.01,0.033,3.3
2026-06-10T00:59:15.815Z,0.01,0.033,3.3
2026-06-10T00:59:16.018Z,0.02,0.066,3.3
2026-06-10T00:59:16.219Z,0.02,0.066,3.3
2026-06-10T00:59:16.421Z,0.02,0.066,3.3
2026-06-10T00:59:16.623Z,0.03,0.099,3.3
2026-06-10T00:59:16.825Z,0.02,0.066,3.3
2026-06-10T00:59:17.026Z,0.01,0.033,3.3
2026-06-10T00:59:17.227Z,0.01,0.033,3.3
2026-06-10T00:59:17.429Z,0.01,0.033,3.3
2026-06-10T00:59:17.631Z,0.02,0.066,3.3
2026-06-10T00:59:17.833Z,0.02,0.066,3.3
2026-06-10T00:59:18.035Z,0.02,0.066,3.3
2026-06-10T00:59:18.236Z,0.02,0.066,3.3
2026-06-10T00:59:18.439Z,0.02,0.066,3.3
2026-06-10T00:59:18.642Z,0.01,0.033,3.3
2026-06-10T00:59:18.844Z,0.01,0.033,3.3
2026-06-10T00:59:19.046Z,0.01,0.033,3.3
2026-06-10T00:59:19.248Z,0.02,0.066,3.3
2026-06-10T00:59:19.453Z,0.02,0.066,3.3
2026-06-10T00:59:19.655Z,0.02,0.066,3.3
2026-06-10T00:59:19.856Z,0.01,0.033,3.3
2026-06-10T00:59:20.058Z,0.01,0.033,3.3
2026-06-10T00:59:20.260Z,0.01,0.033,3.3
2026-06-10T00:59:20.462Z,0.01,0.033,3.3
2026-06-10T00:59:20.664Z,0.02,0.066,3.3
2026-06-10T00:59:20.866Z,0.02,0.066,3.3
2026-06-10T00:59:21.068Z,0.02,0.066,3.3
2026-06-10T00:59:21.270Z,0.02,0.066,3.3
2026-06-10T00:59:21.471Z,0.01,0.033,3.3
2026-06-10T00:59:21.671Z,0.01,0.033,3.3
2026-06-10T00:59:21.872Z,0.01,0.033,3.3
2026-06-10T00:59:22.074Z,0,0,3.3
2026-06-10T00:59:22.274Z,0.01,0.033,3.3
2026-06-10T00:59:22.475Z,0.01,0.033,3.3
2026-06-10T00:59:22.676Z,0.01,0.033,3.3
2026-06-10T00:59:22.878Z,0.01,0.033,3.3
2026-06-10T00:59:23.078Z,0.01,0.033,3.3
2026-06-10T00:59:23.279Z,0.01,0.033,3.3
2026-06-10T00:59:23.481Z,0.01,0.033,3.3
2026-06-10T00:59:23.682Z,0.01,0.033,3.3
2026-06-10T00:59:23.882Z,0.01,0.033,3.3
2026-06-10T00:59:24.083Z,0.01,0.033,3.3
2026-06-10T00:59:24.284Z,0.01,0.033,3.3
2026-06-10T00:59:24.486Z,0.01,0.033,3.3
2026-06-10T00:59:24.687Z,0.01,0.033,3.3
2026-06-10T00:59:24.889Z,0.01,0.033,3.3
2026-06-10T00:59:25.091Z,0.01,0.033,3.3
2026-06-10T00:59:25.293Z,0.01,0.033,3.3
2026-06-10T00:59:25.495Z,0.01,0.033,3.3
2026-06-10T00:59:25.695Z,0.01,0.033,3.3
2026-06-10T00:59:25.896Z,0,0,3.3
2026-06-10T00:59:26.097Z,0.01,0.033,3.3
2026-06-10T00:59:26.298Z,0.01,0.033,3.3
2026-06-10T00:59:26.500Z,0.01,0.033,3.3
2026-06-10T00:59:26.701Z,0,0,3.3
2026-06-10T00:59:26.902Z,0.01,0.033,3.3
2026-06-10T00:59:27.106Z,0.01,0.033,3.3
2026-06-10T00:59:27.306Z,0.01,0.033,3.3
2026-06-10T00:59:27.507Z,0.01,0.033,3.3
2026-06-10T00:59:27.709Z,0.01,0.033,3.3
2026-06-10T00:59:27.911Z,0.01,0.033,3.3
2026-06-10T00:59:28.113Z,0.02,0.066,3.3
2026-06-10T00:59:28.315Z,0.02,0.066,3.3
2026-06-10T00:59:28.517Z,0.02,0.066,3.3
2026-06-10T00:59:28.718Z,0.02,0.066,3.3
2026-06-10T00:59:28.920Z,0.02,0.066,3.3
2026-06-10T00:59:29.120Z,0.02,0.066,3.3
2026-06-10T00:59:29.321Z,0.01,0.033,3.3
2026-06-10T00:59:29.525Z,0.01,0.033,3.3
2026-06-10T00:59:29.724Z,0.01,0.033,3.3
2026-06-10T00:59:29.925Z,0.02,0.066,3.3
2026-06-10T00:59:30.128Z,0.02,0.066,3.3
2026-06-10T00:59:30.329Z,0.02,0.066,3.3
2026-06-10T00:59:30.530Z,0.01,0.033,3.3
2026-06-10T00:59:30.731Z,0.01,0.033,3.3
2026-06-10T00:59:30.932Z,0.01,0.033,3.3
2026-06-10T00:59:31.133Z,0.02,0.066,3.3
2026-06-10T00:59:31.334Z,0.02,0.066,3.3
2026-06-10T00:59:31.536Z,0.02,0.066,3.3
2026-06-10T00:59:31.737Z,0.02,0.066,3.3
2026-06-10T00:59:31.940Z,0.02,0.066,3.3
2026-06-10T00:59:32.142Z,0.01,0.033,3.3
2026-06-10T00:59:32.342Z,0.01,0.033,3.3
2026-06-10T00:59:32.543Z,0.01,0.033,3.3
2026-06-10T00:59:32.745Z,0.01,0.033,3.3
2026-06-10T00:59:32.946Z,0.01,0.033,3.3
2026-06-10T00:59:33.147Z,0.02,0.066,3.3
2026-06-10T00:59:33.348Z,0.02,0.066,3.3
2026-06-10T00:59:33.548Z,0.02,0.066,3.3
2026-06-10T00:59:33.750Z,0.02,0.066,3.3
2026-06-10T00:59:33.952Z,0.02,0.066,3.3
2026-06-10T00:59:34.154Z,0.02,0.066,3.3
2026-06-10T00:59:34.355Z,0.01,0.033,3.3
2026-06-10T00:59:34.557Z,0.01,0.033,3.3
2026-06-10T00:59:34.760Z,0.01,0.033,3.3
2026-06-10T00:59:34.961Z,0,0,3.3
2026-06-10T00:59:35.162Z,0.01,0.033,3.3
2026-06-10T00:59:35.364Z,0.01,0.033,3.3
2026-06-10T00:59:35.565Z,0.01,0.033,3.3
2026-06-10T00:59:35.767Z,0.01,0.033,3.3
2026-06-10T00:59:35.969Z,0.01,0.033,3.3
2026-06-10T00:59:36.171Z,0.01,0.033,3.3
2026-06-10T00:59:36.373Z,0.01,0.033,3.3
2026-06-10T00:59:36.575Z,0.01,0.033,3.3
2026-06-10T00:59:36.778Z,0.01,0.033,3.3
2026-06-10T00:59:36.978Z,0.01,0.033,3.3
2026-06-10T00:59:37.179Z,0.01,0.033,3.3
2026-06-10T00:59:37.380Z,0.01,0.033,3.3
2026-06-10T00:59:37.581Z,0.01,0.033,3.3
2026-06-10T00:59:37.781Z,0.01,0.033,3.3
2026-06-10T00:59:37.983Z,0.01,0.033,3.3
2026-06-10T00:59:38.184Z,0.01,0.033,3.3
2026-06-10T00:59:38.384Z,0.01,0.033,3.3
2026-06-10T00:59:38.586Z,0.01,0.033,3.3
2026-06-10T00:59:38.787Z,0.01,0.033,3.3
2026-06-10T00:59:38.988Z,0.02,0.066,3.3
2026-06-10T00:59:39.188Z,0.02,0.066,3.3
2026-06-10T00:59:39.389Z,0.02,0.066,3.3
2026-06-10T00:59:39.591Z,0.02,0.066,3.3
2026-06-10T00:59:39.793Z,0.02,0.066,3.3
2026-06-10T00:59:39.993Z,0.01,0.033,3.3
2026-06-10T00:59:40.194Z,1.36,4.488,3.3
2026-06-10T00:59:40.396Z,41.57,137.181,3.3
2026-06-10T00:59:40.598Z,64.18,211.794,3.3
2026-06-10T00:59:40.800Z,65.35,215.655,3.3
2026-06-10T00:59:41.001Z,66.13,218.229,3.3
2026-06-10T00:59:41.202Z,72.7,239.91,3.3
2026-06-10T00:59:41.403Z,69.59,229.647,3.3
2026-06-10T00:59:41.607Z,56.64,186.912,3.3
2026-06-10T00:59:41.806Z,54.56,180.048,3.3
2026-06-10T00:59:42.007Z,51.66,170.478,3.3
2026-06-10T00:59:42.210Z,54.64,180.312,3.3
2026-06-10T00:59:42.411Z,62.47,206.151,3.3
2026-06-10T00:59:42.612Z,68.44,225.852,3.3
2026-06-10T00:59:42.811Z,67.84,223.872,3.3
2026-06-10T00:59:43.012Z,62.55,206.415,3.3
2026-06-10T00:59:43.213Z,63.39,209.187,3.3
2026-06-10T00:59:43.417Z,64.89,214.137,3.3
2026-06-10T00:59:43.617Z,65.17,215.061,3.3
2026-06-10T00:59:43.819Z,63.55,209.715,3.3
2026-06-10T00:59:44.020Z,63.59,209.847,3.3
2026-06-10T00:59:44.222Z,67.7,223.41,3.3
2026-06-10T00:59:44.422Z,128.14,422.862,3.3
2026-06-10T00:59:44.624Z,135.77,448.041,3.3
2026-06-10T00:59:44.825Z,128.37,423.621,3.3
2026-06-10T00:59:45.026Z,112.64,371.712,3.3
2026-06-10T00:59:45.227Z,103.75,342.375,3.3
2026-06-10T00:59:45.428Z,102.42,337.986,3.3
2026-06-10T00:59:45.629Z,101.17,333.861,3.3
2026-06-10T00:59:45.830Z,99.14,327.162,3.3
2026-06-10T00:59:46.032Z,103,339.9,3.3
2026-06-10T00:59:46.233Z,112.9,372.57,3.3
2026-06-10T00:59:46.455Z,117.89,389.037,3.3
2026-06-10T00:59:46.657Z,105.95,349.635,3.3
2026-06-10T00:59:46.859Z,96.07,317.031,3.3
2026-06-10T00:59:47.061Z,93.53,308.649,3.3
2026-06-10T00:59:47.262Z,93.26,307.758,3.3
2026-06-10T00:59:47.464Z,94.72,312.576,3.3
2026-06-10T00:59:47.668Z,94.55,312.015,3.3
2026-06-10T00:59:47.868Z,95.85,316.305,3.3
2026-06-10T00:59:48.070Z,79.95,263.835,3.3
2026-06-10T00:59:48.272Z,55.23,182.259,3.3
2026-06-10T00:59:48.474Z,31.38,103.554,3.3
2026-06-10T00:59:48.676Z,2.14,7.062,3.3
2026-06-10T00:59:48.877Z,0.35,1.155,3.3
2026-06-10T00:59:49.077Z,0.05,0.165,3.3
2026-06-10T00:59:49.278Z,0.03,0.099,3.3
2026-06-10T00:59:49.481Z,0.03,0.099,3.3
2026-06-10T00:59:49.683Z,0.02,0.066,3.3
2026-06-10T00:59:49.883Z,0.01,0.033,3.3
2026-06-10T00:59:50.083Z,0.01,0.033,3.3
2026-06-10T00:59:50.284Z,0.01,0.033,3.3
2026-06-10T00:59:50.487Z,0.01,0.033,3.3
2026-06-10T00:59:50.688Z,0,0,3.3
2026-06-10T00:59:50.890Z,0,0,3.3
2026-06-10T00:59:51.092Z,0,0,3.3
2026-06-10T00:59:51.295Z,0,0,3.3
2026-06-10T00:59:51.495Z,0,0,3.3
2026-06-10T00:59:51.699Z,0,0,3.3
2026-06-10T00:59:51.898Z,0,0,3.3
2026-06-10T00:59:52.101Z,0,0,3.3
2026-06-10T00:59:52.302Z,0,0,3.3
2026-06-10T00:59:52.503Z,0,0,3.3
2026-06-10T00:59:52.704Z,0,0,3.3
2026-06-10T00:59:52.905Z,0.01,0.033,3.3
2026-06-10T00:59:53.106Z,0.01,0.033,3.3
2026-06-10T00:59:53.308Z,0.01,0.033,3.3
2026-06-10T00:59:53.510Z,0.01,0.033,3.3
2026-06-10T00:59:53.712Z,0.01,0.033,3.3
2026-06-10T00:59:53.913Z,0,0,3.3
2026-06-10T00:59:54.114Z,0,0,3.3
2026-06-10T00:59:54.316Z,0,0,3.3
2026-06-10T00:59:54.518Z,0,0,3.3
2026-06-10T00:59:54.720Z,0,0,3.3
2026-06-10T00:59:54.921Z,0.01,0.033,3.3
2026-06-10T00:59:55.123Z,0.01,0.033,3.3
2026-06-10T00:59:55.323Z,0.01,0.033,3.3
2026-06-10T00:59:55.525Z,0.01,0.033,3.3
2026-06-10T00:59:55.725Z,0.01,0.033,3.3
2026-06-10T00:59:55.927Z,0.01,0.033,3.3
2026-06-10T00:59:56.129Z,0,0,3.3
2026-06-10T00:59:56.330Z,0.01,0.033,3.3
2026-06-10T00:59:56.532Z,0.01,0.033,3.3
2026-06-10T00:59:56.734Z,0.01,0.033,3.3
2026-06-10T00:59:56.935Z,0,0,3.3
2026-06-10T00:59:57.136Z,0.01,0.033,3.3
2026-06-10T00:59:57.337Z,0.01,0.033,3.3
2026-06-10T00:59:57.538Z,0.01,0.033,3.3
2026-06-10T00:59:57.740Z,0.01,0.033,3.3
2026-06-10T00:59:57.942Z,0.01,0.033,3.3
2026-06-10T00:59:58.144Z,0.01,0.033,3.3
2026-06-10T00:59:58.344Z,0,0,3.3
2026-06-10T00:59:58.546Z,0,0,3.3
2026-06-10T00:59:58.749Z,0.01,0.033,3.3
2026-06-10T00:59:58.950Z,0.01,0.033,3.3
2026-06-10T00:59:59.152Z,0.01,0.033,3.3
2026-06-10T00:59:59.354Z,0.01,0.033,3.3
2026-06-10T00:59:59.555Z,0.01,0.033,3.3
2026-06-10T00:59:59.757Z,0.01,0.033,3.3
2026-06-10T00:59:59.959Z,0.01,0.033,3.3
2026-06-10T01:00:00.162Z,0,0,3.3
2026-06-10T01:00:00.363Z,0.01,0.033,3.3
2026-06-10T01:00:00.564Z,0.01,0.033,3.3
2026-06-10T01:00:00.766Z,0,0,3.3
2026-06-10T01:00:00.967Z,0,0,3.3
2026-06-10T01:00:01.169Z,0,0,3.3
2026-06-10T01:00:01.370Z,0,0,3.3
2026-06-10T01:00:01.572Z,0,0,3.3
2026-06-10T01:00:01.775Z,0.01,0.033,3.3
2026-06-10T01:00:01.976Z,0.01,0.033,3.3
2026-06-10T01:00:02.177Z,0.01,0.033,3.3
2026-06-10T01:00:02.377Z,0.01,0.033,3.3
2026-06-10T01:00:02.579Z,0.01,0.033,3.3
2026-06-10T01:00:02.780Z,0.01,0.033,3.3
2026-06-10T01:00:02.981Z,0.01,0.033,3.3
2026-06-10T01:00:03.181Z,0.01,0.033,3.3
2026-06-10T01:00:03.382Z,0.01,0.033,3.3
2026-06-10T01:00:03.583Z,0.01,0.033,3.3
2026-06-10T01:00:03.784Z,0.01,0.033,3.3
2026-06-10T01:00:03.985Z,0.01,0.033,3.3
2026-06-10T01:00:04.186Z,0.01,0.033,3.3
2026-06-10T01:00:04.388Z,0,0,3.3
2026-06-10T01:00:04.590Z,0,0,3.3
2026-06-10T01:00:04.790Z,0,0,3.3
2026-06-10T01:00:04.992Z,0,0,3.3
2026-06-10T01:00:05.193Z,0.01,0.033,3.3
2026-06-10T01:00:05.395Z,0.01,0.033,3.3
2026-06-10T01:00:05.597Z,0.01,0.033,3.3
2026-06-10T01:00:05.799Z,0.01,0.033,3.3
2026-06-10T01:00:05.999Z,0.01,0.033,3.3
2026-06-10T01:00:06.201Z,0.01,0.033,3.3
2026-06-10T01:00:06.403Z,0.01,0.033,3.3
2026-06-10T01:00:06.604Z,0.01,0.033,3.3
2026-06-10T01:00:06.806Z,0.01,0.033,3.3
2026-06-10T01:00:07.008Z,0.01,0.033,3.3
2026-06-10T01:00:07.210Z,0.01,0.033,3.3
2026-06-10T01:00:07.412Z,0.01,0.033,3.3
2026-06-10T01:00:07.613Z,0.01,0.033,3.3
2026-06-10T01:00:07.814Z,0.01,0.033,3.3
2026-06-10T01:00:08.017Z,0.01,0.033,3.3
2026-06-10T01:00:08.218Z,0.02,0.066,3.3
2026-06-10T01:00:08.421Z,0.02,0.066,3.3
2026-06-10T01:00:08.622Z,0.01,0.033,3.3
2026-06-10T01:00:08.824Z,0.01,0.033,3.3
2026-06-10T01:00:09.025Z,0.01,0.033,3.3
2026-06-10T01:00:09.225Z,0.01,0.033,3.3
2026-06-10T01:00:09.430Z,0.01,0.033,3.3
2026-06-10T01:00:09.628Z,0.01,0.033,3.3
2026-06-10T01:00:09.830Z,0.02,0.066,3.3
2026-06-10T01:00:10.030Z,0.02,0.066,3.3
2026-06-10T01:00:10.233Z,0.01,0.033,3.3
2026-06-10T01:00:10.435Z,0.01,0.033,3.3
2026-06-10T01:00:10.636Z,0.01,0.033,3.3
2026-06-10T01:00:10.836Z,0.01,0.033,3.3
2026-06-10T01:00:11.038Z,0.01,0.033,3.3
2026-06-10T01:00:11.239Z,0.01,0.033,3.3
2026-06-10T01:00:11.440Z,0.02,0.066,3.3
2026-06-10T01:00:11.641Z,0.02,0.066,3.3
2026-06-10T01:00:11.842Z,0.02,0.066,3.3
2026-06-10T01:00:12.043Z,0.01,0.033,3.3
2026-06-10T01:00:12.244Z,0.01,0.033,3.3
2026-06-10T01:00:12.447Z,0.01,0.033,3.3
2026-06-10T01:00:12.647Z,0.01,0.033,3.3
2026-06-10T01:00:12.849Z,0.01,0.033,3.3
2026-06-10T01:00:13.049Z,0.01,0.033,3.3
2026-06-10T01:00:13.250Z,0.01,0.033,3.3
2026-06-10T01:00:13.453Z,0.01,0.033,3.3
2026-06-10T01:00:13.654Z,0.01,0.033,3.3
2026-06-10T01:00:13.856Z,0.01,0.033,3.3
2026-06-10T01:00:14.058Z,0.01,0.033,3.3
2026-06-10T01:00:14.260Z,0,0,3.3
2026-06-10T01:00:14.460Z,0.01,0.033,3.3
2026-06-10T01:00:14.662Z,0.01,0.033,3.3
2026-06-10T01:00:14.862Z,0.01,0.033,3.3
2026-06-10T01:00:15.064Z,0.01,0.033,3.3
2026-06-10T01:00:15.266Z,0.01,0.033,3.3
2026-06-10T01:00:15.467Z,0.01,0.033,3.3
2026-06-10T01:00:15.667Z,0.01,0.033,3.3
2026-06-10T01:00:15.867Z,0.01,0.033,3.3
2026-06-10T01:00:16.068Z,0,0,3.3
2026-06-10T01:00:16.269Z,0,0,3.3
2026-06-10T01:00:16.471Z,0,0,3.3
2026-06-10T01:00:16.672Z,0,0,3.3
2026-06-10T01:00:16.873Z,0,0,3.3
2026-06-10T01:00:17.075Z,0,0,3.3
2026-06-10T01:00:17.277Z,0,0,3.3
2026-06-10T01:00:17.478Z,0,0,3.3
2026-06-10T01:00:17.679Z,0,0,3.3
2026-06-10T01:00:17.881Z,0,0,3.3
2026-06-10T01:00:18.082Z,0.01,0.033,3.3
2026-06-10T01:00:18.282Z,0.01,0.033,3.3
2026-06-10T01:00:18.485Z,0.01,0.033,3.3
2026-06-10T01:00:18.686Z,0.02,0.066,3.3
2026-06-10T01:00:18.887Z,0.02,0.066,3.3
2026-06-10T01:00:19.089Z,0.02,0.066,3.3
2026-06-10T01:00:19.290Z,0.02,0.066,3.3
2026-06-10T01:00:19.491Z,0.02,0.066,3.3
2026-06-10T01:00:19.692Z,0.02,0.066,3.3
2026-06-10T01:00:19.893Z,0.02,0.066,3.3
2026-06-10T01:00:20.094Z,0.02,0.066,3.3
2026-06-10T01:00:20.294Z,0.02,0.066,3.3
2026-06-10T01:00:20.495Z,0.01,0.033,3.3
2026-06-10T01:00:20.697Z,0.01,0.033,3.3
2026-06-10T01:00:20.898Z,0.01,0.033,3.3
2026-06-10T01:00:21.100Z,0.01,0.033,3.3
2026-06-10T01:00:21.302Z,0.01,0.033,3.3
2026-06-10T01:00:21.504Z,0.01,0.033,3.3
2026-06-10T01:00:21.706Z,0.02,0.066,3.3
2026-06-10T01:00:21.908Z,0.02,0.066,3.3
2026-06-10T01:00:22.109Z,0.02,0.066,3.3
2026-06-10T01:00:22.310Z,0.02,0.066,3.3
2026-06-10T01:00:22.510Z,0.01,0.033,3.3
2026-06-10T01:00:22.712Z,0.01,0.033,3.3
2026-06-10T01:00:22.914Z,0.01,0.033,3.3
2026-06-10T01:00:23.116Z,0.01,0.033,3.3
2026-06-10T01:00:23.317Z,0.01,0.033,3.3
2026-06-10T01:00:23.518Z,0.02,0.066,3.3
2026-06-10T01:00:23.720Z,0.02,0.066,3.3
2026-06-10T01:00:23.922Z,0.02,0.066,3.3
2026-06-10T01:00:24.122Z,0.01,0.033,3.3
2026-06-10T01:00:24.323Z,0.01,0.033,3.3
2026-06-10T01:00:24.524Z,0.01,0.033,3.3
2026-06-10T01:00:24.726Z,0.01,0.033,3.3
2026-06-10T01:00:24.927Z,0.01,0.033,3.3
2026-06-10T01:00:25.127Z,0.02,0.066,3.3
2026-06-10T01:00:25.328Z,0.02,0.066,3.3
2026-06-10T01:00:25.528Z,0.02,0.066,3.3
2026-06-10T01:00:25.730Z,0.02,0.066,3.3
2026-06-10T01:00:25.930Z,0.02,0.066,3.3
2026-06-10T01:00:26.133Z,0.01,0.033,3.3
2026-06-10T01:00:26.335Z,0.01,0.033,3.3
2026-06-10T01:00:26.536Z,0.01,0.033,3.3
2026-06-10T01:00:26.738Z,0.02,0.066,3.3
2026-06-10T01:00:26.938Z,0.02,0.066,3.3
2026-06-10T01:00:27.142Z,0.02,0.066,3.3
2026-06-10T01:00:27.342Z,0.02,0.066,3.3
2026-06-10T01:00:27.543Z,0.01,0.033,3.3
2026-06-10T01:00:27.745Z,0.01,0.033,3.3
2026-06-10T01:00:27.947Z,0.01,0.033,3.3
2026-06-10T01:00:28.149Z,0.01,0.033,3.3
2026-06-10T01:00:28.351Z,0.02,0.066,3.3
2026-06-10T01:00:28.551Z,0.02,0.066,3.3
2026-06-10T01:00:28.754Z,0.02,0.066,3.3
2026-06-10T01:00:28.956Z,0.02,0.066,3.3
2026-06-10T01:00:29.157Z,0.01,0.033,3.3
2026-06-10T01:00:29.358Z,0.01,0.033,3.3
2026-06-10T01:00:29.559Z,0.01,0.033,3.3
2026-06-10T01:00:29.762Z,0.01,0.033,3.3
2026-06-10T01:00:29.964Z,0.02,0.066,3.3
2026-06-10T01:00:30.166Z,0.01,0.033,3.3
2026-06-10T01:00:30.367Z,0.01,0.033,3.3
2026-06-10T01:00:30.569Z,0.02,0.066,3.3
2026-06-10T01:00:30.771Z,0.02,0.066,3.3
2026-06-10T01:00:30.973Z,0.02,0.066,3.3
2026-06-10T01:00:31.174Z,0.02,0.066,3.3
2026-06-10T01:00:31.375Z,0.02,0.066,3.3
2026-06-10T01:00:31.577Z,0.01,0.033,3.3
2026-06-10T01:00:31.778Z,0,0,3.3
2026-06-10T01:00:31.981Z,0,0,3.3
2026-06-10T01:00:32.183Z,0,0,3.3
2026-06-10T01:00:32.385Z,0,0,3.3
2026-06-10T01:00:32.586Z,0,0,3.3
2026-06-10T01:00:32.787Z,0,0,3.3
2026-06-10T01:00:32.989Z,0.01,0.033,3.3
2026-06-10T01:00:33.191Z,0,0,3.3
2026-06-10T01:00:33.394Z,0,0,3.3
2026-06-10T01:00:33.595Z,0,0,3.3
2026-06-10T01:00:33.796Z,0,0,3.3
2026-06-10T01:00:33.997Z,0.01,0.033,3.3
2026-06-10T01:00:34.198Z,0.01,0.033,3.3
2026-06-10T01:00:34.399Z,0.01,0.033,3.3
2026-06-10T01:00:34.598Z,0.01,0.033,3.3
2026-06-10T01:00:34.801Z,0.01,0.033,3.3
2026-06-10T01:00:35.002Z,0.01,0.033,3.3
2026-06-10T01:00:35.201Z,0.01,0.033,3.3
2026-06-10T01:00:35.402Z,0,0,3.3
2026-06-10T01:00:35.603Z,0,0,3.3
2026-06-10T01:00:35.806Z,0,0,3.3
2026-06-10T01:00:36.007Z,0.01,0.033,3.3
2026-06-10T01:00:36.208Z,0,0,3.3
2026-06-10T01:00:36.409Z,0,0,3.3
2026-06-10T01:00:36.611Z,0.01,0.033,3.3
2026-06-10T01:00:36.811Z,0.01,0.033,3.3
2026-06-10T01:00:37.012Z,0,0,3.3
2026-06-10T01:00:37.213Z,0,0,3.3
2026-06-10T01:00:37.414Z,0,0,3.3
2026-06-10T01:00:37.616Z,0,0,3.3
2026-06-10T01:00:37.814Z,0,0,3.3
2026-06-10T01:00:38.016Z,0.01,0.033,3.3
2026-06-10T01:00:38.218Z,0,0,3.3
2026-06-10T01:00:38.422Z,0,0,3.3
2026-06-10T01:00:38.621Z,0,0,3.3
2026-06-10T01:00:38.822Z,0,0,3.3
2026-06-10T01:00:39.022Z,0.01,0.033,3.3
2026-06-10T01:00:39.223Z,0.01,0.033,3.3
2026-06-10T01:00:39.428Z,0.01,0.033,3.3
2026-06-10T01:00:39.626Z,0.01,0.033,3.3
2026-06-10T01:00:39.827Z,0.94,3.102,3.3
2026-06-10T01:00:40.029Z,40.68,134.244,3.3
2026-06-10T01:00:40.231Z,64.12,211.596,3.3
2026-06-10T01:00:40.438Z,65.26,215.358,3.3
2026-06-10T01:00:40.639Z,65.46,216.018,3.3
2026-06-10T01:00:40.841Z,72.34,238.722,3.3
2026-06-10T01:00:41.043Z,70.11,231.363,3.3
2026-06-10T01:00:41.245Z,57.78,190.674,3.3
2026-06-10T01:00:41.447Z,54.72,180.576,3.3
2026-06-10T01:00:41.648Z,51.64,170.412,3.3
2026-06-10T01:00:41.849Z,53.87,177.771,3.3
2026-06-10T01:00:42.050Z,61.49,202.917,3.3
2026-06-10T01:00:42.253Z,68.43,225.819,3.3
2026-06-10T01:00:42.456Z,67.69,223.377,3.3
2026-06-10T01:00:42.657Z,62.57,206.481,3.3
2026-06-10T01:00:42.859Z,63.5,209.55,3.3
2026-06-10T01:00:43.060Z,64.51,212.883,3.3
2026-06-10T01:00:43.261Z,64.4,212.52,3.3
2026-06-10T01:00:43.462Z,61.53,203.049,3.3
2026-06-10T01:00:43.664Z,62.5,206.25,3.3
2026-06-10T01:00:43.867Z,63,207.9,3.3
2026-06-10T01:00:44.068Z,127.71,421.443,3.3
2026-06-10T01:00:44.268Z,144.42,476.586,3.3
2026-06-10T01:00:44.470Z,105.85,349.305,3.3
2026-06-10T01:00:44.671Z,104.28,344.124,3.3
2026-06-10T01:00:44.873Z,118.21,390.093,3.3
2026-06-10T01:00:45.075Z,119.09,392.997,3.3
2026-06-10T01:00:45.276Z,101.74,335.742,3.3
2026-06-10T01:00:45.477Z,101.53,335.049,3.3
2026-06-10T01:00:45.678Z,100.11,330.363,3.3
2026-06-10T01:00:45.879Z,101.93,336.369,3.3
2026-06-10T01:00:46.080Z,111.8,368.94,3.3
2026-06-10T01:00:46.282Z,124.54,410.982,3.3
2026-06-10T01:00:46.483Z,116.11,383.163,3.3
2026-06-10T01:00:46.684Z,96.26,317.658,3.3
2026-06-10T01:00:46.884Z,92.81,306.273,3.3
2026-06-10T01:00:47.087Z,92.71,305.943,3.3
2026-06-10T01:00:47.289Z,96.29,317.757,3.3
2026-06-10T01:00:47.489Z,94.94,313.302,3.3
2026-06-10T01:00:47.691Z,97.58,322.014,3.3
2026-06-10T01:00:47.892Z,88.26,291.258,3.3
2026-06-10T01:00:48.097Z,62.64,206.712,3.3
2026-06-10T01:00:48.296Z,41.3,136.29,3.3
2026-06-10T01:00:48.497Z,6.63,21.879,3.3
2026-06-10T01:00:48.699Z,0.97,3.201,3.3
2026-06-10T01:00:48.901Z,0.06,0.198,3.3
2026-06-10T01:00:49.103Z,0.04,0.132,3.3
2026-06-10T01:00:49.304Z,0.04,0.132,3.3
2026-06-10T01:00:49.506Z,0.03,0.099,3.3
2026-06-10T01:00:49.707Z,0.02,0.066,3.3
2026-06-10T01:00:49.909Z,0.02,0.066,3.3
2026-06-10T01:00:50.111Z,0.01,0.033,3.3
2026-06-10T01:00:50.313Z,0.01,0.033,3.3
2026-06-10T01:00:50.513Z,0.01,0.033,3.3
2026-06-10T01:00:50.716Z,0.02,0.066,3.3
2026-06-10T01:00:50.918Z,0.02,0.066,3.3
2026-06-10T01:00:51.119Z,0.02,0.066,3.3
2026-06-10T01:00:51.320Z,0.02,0.066,3.3
2026-06-10T01:00:51.522Z,0.02,0.066,3.3
2026-06-10T01:00:51.724Z,0.02,0.066,3.3
2026-06-10T01:00:51.928Z,0.02,0.066,3.3
2026-06-10T01:00:52.127Z,0.01,0.033,3.3
2026-06-10T01:00:52.330Z,0.01,0.033,3.3
2026-06-10T01:00:52.531Z,0.01,0.033,3.3
2026-06-10T01:00:52.733Z,0.01,0.033,3.3
2026-06-10T01:00:52.934Z,0.01,0.033,3.3
2026-06-10T01:00:53.136Z,0,0,3.3
2026-06-10T01:00:53.337Z,0,0,3.3
2026-06-10T01:00:53.537Z,0,0,3.3
2026-06-10T01:00:53.739Z,0,0,3.3
2026-06-10T01:00:53.940Z,0,0,3.3
2026-06-10T01:00:54.141Z,0.01,0.033,3.3
2026-06-10T01:00:54.341Z,0,0,3.3
2026-06-10T01:00:54.542Z,0,0,3.3
2026-06-10T01:00:54.743Z,0,0,3.3
2026-06-10T01:00:54.945Z,0,0,3.3
2026-06-10T01:00:55.145Z,0,0,3.3
2026-06-10T01:00:55.346Z,0,0,3.3
2026-06-10T01:00:55.548Z,0,0,3.3
2026-06-10T01:00:55.750Z,0.01,0.033,3.3
2026-06-10T01:00:55.952Z,0.01,0.033,3.3
2026-06-10T01:00:56.152Z,0,0,3.3
2026-06-10T01:00:56.354Z,0.01,0.033,3.3
2026-06-10T01:00:56.556Z,0.01,0.033,3.3
2026-06-10T01:00:56.756Z,0.01,0.033,3.3
2026-06-10T01:00:56.958Z,0,0,3.3
2026-06-10T01:00:57.159Z,0,0,3.3
2026-06-10T01:00:57.359Z,0.01,0.033,3.3
2026-06-10T01:00:57.561Z,0.01,0.033,3.3
2026-06-10T01:00:57.761Z,0,0,3.3
2026-06-10T01:00:57.962Z,0,0,3.3
2026-06-10T01:00:58.163Z,0.01,0.033,3.3
2026-06-10T01:00:58.365Z,0.01,0.033,3.3
2026-06-10T01:00:58.567Z,0.01,0.033,3.3
2026-06-10T01:00:58.769Z,0.01,0.033,3.3
2026-06-10T01:00:58.971Z,0.02,0.066,3.3
2026-06-10T01:00:59.172Z,0.02,0.066,3.3
2026-06-10T01:00:59.375Z,0.02,0.066,3.3
2026-06-10T01:00:59.576Z,0.02,0.066,3.3
2026-06-10T01:00:59.778Z,0.01,0.033,3.3
2026-06-10T01:00:59.980Z,0.01,0.033,3.3
2026-06-10T01:01:00.181Z,0.01,0.033,3.3
2026-06-10T01:01:00.383Z,0.02,0.066,3.3
2026-06-10T01:01:00.586Z,0.02,0.066,3.3
2026-06-10T01:01:00.785Z,0.02,0.066,3.3
2026-06-10T01:01:00.986Z,0.01,0.033,3.3
2026-06-10T01:01:01.189Z,0.01,0.033,3.3
2026-06-10T01:01:01.389Z,0.01,0.033,3.3
2026-06-10T01:01:01.591Z,0.02,0.066,3.3
2026-06-10T01:01:01.793Z,0.02,0.066,3.3
2026-06-10T01:01:01.994Z,0.02,0.066,3.3
2026-06-10T01:01:02.194Z,0.01,0.033,3.3
2026-06-10T01:01:02.396Z,0.01,0.033,3.3
2026-06-10T01:01:02.596Z,0.01,0.033,3.3
2026-06-10T01:01:02.799Z,0.02,0.066,3.3
2026-06-10T01:01:03.001Z,0.02,0.066,3.3
2026-06-10T01:01:03.202Z,0.02,0.066,3.3
2026-06-10T01:01:03.405Z,0.02,0.066,3.3
2026-06-10T01:01:03.606Z,0.02,0.066,3.3
2026-06-10T01:01:03.807Z,0.02,0.066,3.3
2026-06-10T01:01:04.008Z,0.01,0.033,3.3
2026-06-10T01:01:04.209Z,0.01,0.033,3.3
2026-06-10T01:01:04.411Z,0.02,0.066,3.3
2026-06-10T01:01:04.612Z,0.02,0.066,3.3
2026-06-10T01:01:04.813Z,0.02,0.066,3.3
2026-06-10T01:01:05.014Z,0.02,0.066,3.3
2026-06-10T01:01:05.214Z,0.02,0.066,3.3
2026-06-10T01:01:05.418Z,0.02,0.066,3.3
2026-06-10T01:01:05.617Z,0.02,0.066,3.3
2026-06-10T01:01:05.819Z,0.01,0.033,3.3
2026-06-10T01:01:06.020Z,0.01,0.033,3.3
2026-06-10T01:01:06.222Z,0.01,0.033,3.3
2026-06-10T01:01:06.423Z,0.01,0.033,3.3
2026-06-10T01:01:06.624Z,0.02,0.066,3.3
2026-06-10T01:01:06.824Z,0.02,0.066,3.3
2026-06-10T01:01:07.026Z,0.02,0.066,3.3
2026-06-10T01:01:07.227Z,0.02,0.066,3.3
2026-06-10T01:01:07.432Z,0.02,0.066,3.3
2026-06-10T01:01:07.631Z,0.02,0.066,3.3
2026-06-10T01:01:07.831Z,0.01,0.033,3.3
2026-06-10T01:01:08.033Z,0.01,0.033,3.3
2026-06-10T01:01:08.234Z,0.01,0.033,3.3
2026-06-10T01:01:08.435Z,0.01,0.033,3.3
2026-06-10T01:01:08.636Z,0.01,0.033,3.3
2026-06-10T01:01:08.837Z,0.02,0.066,3.3
2026-06-10T01:01:09.039Z,0.02,0.066,3.3
2026-06-10T01:01:09.241Z,0.02,0.066,3.3
2026-06-10T01:01:09.443Z,0.02,0.066,3.3
2026-06-10T01:01:09.646Z,0.02,0.066,3.3
2026-06-10T01:01:09.847Z,0.01,0.033,3.3
2026-06-10T01:01:10.046Z,0.01,0.033,3.3
2026-06-10T01:01:10.248Z,0.01,0.033,3.3
2026-06-10T01:01:10.449Z,0.02,0.066,3.3
2026-06-10T01:01:10.651Z,0.02,0.066,3.3
2026-06-10T01:01:10.851Z,0.02,0.066,3.3
2026-06-10T01:01:11.052Z,0.02,0.066,3.3
2026-06-10T01:01:11.252Z,0.02,0.066,3.3
2026-06-10T01:01:11.453Z,0.01,0.033,3.3
2026-06-10T01:01:11.655Z,0.01,0.033,3.3
2026-06-10T01:01:11.856Z,0.01,0.033,3.3
2026-06-10T01:01:12.058Z,0.02,0.066,3.3
2026-06-10T01:01:12.258Z,0.02,0.066,3.3
2026-06-10T01:01:12.459Z,0.01,0.033,3.3
2026-06-10T01:01:12.660Z,0.01,0.033,3.3
2026-06-10T01:01:12.861Z,0.01,0.033,3.3
2026-06-10T01:01:13.062Z,0.02,0.066,3.3
2026-06-10T01:01:13.264Z,0.02,0.066,3.3
2026-06-10T01:01:13.465Z,0.02,0.066,3.3
2026-06-10T01:01:13.666Z,0.02,0.066,3.3
2026-06-10T01:01:13.868Z,0.02,0.066,3.3
2026-06-10T01:01:14.069Z,0.01,0.033,3.3
2026-06-10T01:01:14.271Z,0.01,0.033,3.3
2026-06-10T01:01:14.472Z,0.01,0.033,3.3
2026-06-10T01:01:14.673Z,0.02,0.066,3.3
2026-06-10T01:01:14.873Z,0.02,0.066,3.3
2026-06-10T01:01:15.073Z,0.02,0.066,3.3
2026-06-10T01:01:15.275Z,0.02,0.066,3.3
2026-06-10T01:01:15.476Z,0.02,0.066,3.3
2026-06-10T01:01:15.677Z,0.02,0.066,3.3
2026-06-10T01:01:15.878Z,0.02,0.066,3.3
2026-06-10T01:01:16.080Z,0.01,0.033,3.3
2026-06-10T01:01:16.282Z,0.01,0.033,3.3
2026-06-10T01:01:16.483Z,0.01,0.033,3.3
2026-06-10T01:01:16.685Z,0.02,0.066,3.3
2026-06-10T01:01:16.887Z,0.02,0.066,3.3
2026-06-10T01:01:17.089Z,0.02,0.066,3.3
2026-06-10T01:01:17.291Z,0.01,0.033,3.3
2026-06-10T01:01:17.492Z,0.01,0.033,3.3
2026-06-10T01:01:17.692Z,0.01,0.033,3.3
2026-06-10T01:01:17.893Z,0.01,0.033,3.3
2026-06-10T01:01:18.095Z,0.01,0.033,3.3
2026-06-10T01:01:18.297Z,0.02,0.066,3.3
2026-06-10T01:01:18.498Z,0.02,0.066,3.3
2026-06-10T01:01:18.699Z,0.02,0.066,3.3
2026-06-10T01:01:18.900Z,0.02,0.066,3.3
2026-06-10T01:01:19.102Z,0.01,0.033,3.3
2026-06-10T01:01:19.304Z,0.01,0.033,3.3
2026-06-10T01:01:19.506Z,0.01,0.033,3.3
2026-06-10T01:01:19.706Z,0.02,0.066,3.3
2026-06-10T01:01:19.908Z,0.02,0.066,3.3
2026-06-10T01:01:20.109Z,0.02,0.066,3.3
2026-06-10T01:01:20.309Z,0.02,0.066,3.3
2026-06-10T01:01:20.512Z,0.02,0.066,3.3
2026-06-10T01:01:20.714Z,0.01,0.033,3.3
2026-06-10T01:01:20.916Z,0.01,0.033,3.3
2026-06-10T01:01:21.118Z,0.01,0.033,3.3
2026-06-10T01:01:21.320Z,0.01,0.033,3.3
2026-06-10T01:01:21.521Z,0.01,0.033,3.3
2026-06-10T01:01:21.723Z,0.02,0.066,3.3
2026-06-10T01:01:21.924Z,0.03,0.099,3.3
2026-06-10T01:01:22.126Z,0.02,0.066,3.3
2026-06-10T01:01:22.327Z,0.02,0.066,3.3
2026-06-10T01:01:22.529Z,0.02,0.066,3.3
2026-06-10T01:01:22.731Z,0.01,0.033,3.3
2026-06-10T01:01:22.931Z,0,0,3.3
2026-06-10T01:01:23.132Z,0.01,0.033,3.3
2026-06-10T01:01:23.333Z,0.01,0.033,3.3
2026-06-10T01:01:23.535Z,0.01,0.033,3.3
2026-06-10T01:01:23.736Z,0.01,0.033,3.3
2026-06-10T01:01:23.937Z,0.01,0.033,3.3
2026-06-10T01:01:24.138Z,0.01,0.033,3.3
2026-06-10T01:01:24.338Z,0.01,0.033,3.3
2026-06-10T01:01:24.540Z,0.01,0.033,3.3
2026-06-10T01:01:24.740Z,0.01,0.033,3.3
2026-06-10T01:01:24.943Z,0.01,0.033,3.3
2026-06-10T01:01:25.144Z,0.01,0.033,3.3
2026-06-10T01:01:25.346Z,0.01,0.033,3.3
2026-06-10T01:01:25.549Z,0.01,0.033,3.3
2026-06-10T01:01:25.750Z,0.02,0.066,3.3
2026-06-10T01:01:25.950Z,0.02,0.066,3.3
2026-06-10T01:01:26.154Z,0.02,0.066,3.3
2026-06-10T01:01:26.356Z,0.02,0.066,3.3
2026-06-10T01:01:26.556Z,0.02,0.066,3.3
2026-06-10T01:01:26.758Z,0.01,0.033,3.3
2026-06-10T01:01:26.960Z,0.01,0.033,3.3
2026-06-10T01:01:27.161Z,0.01,0.033,3.3
2026-06-10T01:01:27.363Z,0.02,0.066,3.3
2026-06-10T01:01:27.565Z,0.02,0.066,3.3
2026-06-10T01:01:27.766Z,0.02,0.066,3.3
2026-06-10T01:01:27.968Z,0.01,0.033,3.3
2026-06-10T01:01:28.169Z,0.01,0.033,3.3
2026-06-10T01:01:28.369Z,0.01,0.033,3.3
2026-06-10T01:01:28.570Z,0.01,0.033,3.3
2026-06-10T01:01:28.771Z,0.02,0.066,3.3
2026-06-10T01:01:28.972Z,0.02,0.066,3.3
2026-06-10T01:01:29.173Z,0.02,0.066,3.3
2026-06-10T01:01:29.373Z,0.02,0.066,3.3
2026-06-10T01:01:29.576Z,0.02,0.066,3.3
2026-06-10T01:01:29.778Z,0.01,0.033,3.3
2026-06-10T01:01:29.978Z,0.01,0.033,3.3
2026-06-10T01:01:30.180Z,0.01,0.033,3.3
2026-06-10T01:01:30.381Z,0.01,0.033,3.3
2026-06-10T01:01:30.583Z,0.02,0.066,3.3
2026-06-10T01:01:30.785Z,0.02,0.066,3.3
2026-06-10T01:01:30.987Z,0.02,0.066,3.3
2026-06-10T01:01:31.190Z,0.02,0.066,3.3
2026-06-10T01:01:31.391Z,0.01,0.033,3.3
2026-06-10T01:01:31.592Z,0.01,0.033,3.3
2026-06-10T01:01:31.793Z,0.01,0.033,3.3
2026-06-10T01:01:31.994Z,0.01,0.033,3.3
2026-06-10T01:01:32.194Z,0.01,0.033,3.3
2026-06-10T01:01:32.398Z,0.01,0.033,3.3
2026-06-10T01:01:32.598Z,0.01,0.033,3.3
2026-06-10T01:01:32.799Z,0.01,0.033,3.3
2026-06-10T01:01:33.001Z,0.01,0.033,3.3
2026-06-10T01:01:33.202Z,0.01,0.033,3.3
2026-06-10T01:01:33.410Z,0.01,0.033,3.3
2026-06-10T01:01:33.605Z,0.01,0.033,3.3
2026-06-10T01:01:33.807Z,0.01,0.033,3.3
2026-06-10T01:01:34.009Z,0.01,0.033,3.3
2026-06-10T01:01:34.211Z,0.01,0.033,3.3
2026-06-10T01:01:34.414Z,0.01,0.033,3.3
2026-06-10T01:01:34.615Z,0.01,0.033,3.3
2026-06-10T01:01:34.818Z,0.02,0.066,3.3
2026-06-10T01:01:35.019Z,0.02,0.066,3.3
2026-06-10T01:01:35.221Z,0.02,0.066,3.3
2026-06-10T01:01:35.424Z,0.02,0.066,3.3
2026-06-10T01:01:35.625Z,0.02,0.066,3.3
2026-06-10T01:01:35.827Z,0.02,0.066,3.3
2026-06-10T01:01:36.029Z,0.01,0.033,3.3
2026-06-10T01:01:36.230Z,0.01,0.033,3.3
2026-06-10T01:01:36.435Z,0.01,0.033,3.3
2026-06-10T01:01:36.636Z,0.01,0.033,3.3
2026-06-10T01:01:36.839Z,0.02,0.066,3.3
2026-06-10T01:01:37.040Z,0.02,0.066,3.3
2026-06-10T01:01:37.241Z,0.02,0.066,3.3
2026-06-10T01:01:37.442Z,0.02,0.066,3.3
2026-06-10T01:01:37.641Z,0.02,0.066,3.3
2026-06-10T01:01:37.844Z,0.01,0.033,3.3
2026-06-10T01:01:38.045Z,0.02,0.066,3.3
2026-06-10T01:01:38.246Z,0.02,0.066,3.3
2026-06-10T01:01:38.447Z,0.02,0.066,3.3
2026-06-10T01:01:38.649Z,0.02,0.066,3.3
2026-06-10T01:01:38.849Z,0.02,0.066,3.3
2026-06-10T01:01:39.050Z,0.01,0.033,3.3
2026-06-10T01:01:39.251Z,0.01,0.033,3.3
2026-06-10T01:01:39.453Z,0.01,0.033,3.3
2026-06-10T01:01:39.654Z,0.18,0.594,3.3
2026-06-10T01:01:39.855Z,37.51,123.783,3.3
2026-06-10T01:01:40.056Z,63.69,210.177,3.3
2026-06-10T01:01:40.258Z,65.36,215.688,3.3
2026-06-10T01:01:40.459Z,65.31,215.523,3.3
2026-06-10T01:01:40.659Z,72.26,238.458,3.3
2026-06-10T01:01:40.862Z,70.35,232.155,3.3
2026-06-10T01:01:41.068Z,58.18,191.994,3.3
2026-06-10T01:01:41.266Z,55.12,181.896,3.3
2026-06-10T01:01:41.467Z,51.63,170.379,3.3
2026-06-10T01:01:41.668Z,53.3,175.89,3.3
2026-06-10T01:01:41.869Z,60.87,200.871,3.3
2026-06-10T01:01:42.070Z,68.43,225.819,3.3
2026-06-10T01:01:42.272Z,67.86,223.938,3.3
2026-06-10T01:01:42.474Z,62.61,206.613,3.3
2026-06-10T01:01:42.676Z,62.69,206.877,3.3
2026-06-10T01:01:42.877Z,62.7,206.91,3.3
2026-06-10T01:01:43.079Z,61.47,202.851,3.3
2026-06-10T01:01:43.281Z,62.72,206.976,3.3
2026-06-10T01:01:43.482Z,63.48,209.484,3.3
2026-06-10T01:01:43.685Z,64.52,212.916,3.3
2026-06-10T01:01:43.887Z,101.91,336.303,3.3
2026-06-10T01:01:44.088Z,135.88,448.404,3.3
2026-06-10T01:01:44.289Z,105.73,348.909,3.3
2026-06-10T01:01:44.489Z,100.79,332.607,3.3
2026-06-10T01:01:44.690Z,115.23,380.259,3.3
2026-06-10T01:01:44.891Z,117.54,387.882,3.3
2026-06-10T01:01:45.093Z,102.41,337.953,3.3
2026-06-10T01:01:45.296Z,103.07,340.131,3.3
2026-06-10T01:01:45.497Z,101.71,335.643,3.3
2026-06-10T01:01:45.699Z,100.24,330.792,3.3
2026-06-10T01:01:45.900Z,102.23,337.359,3.3
2026-06-10T01:01:46.101Z,116.95,385.935,3.3
2026-06-10T01:01:46.303Z,122.18,403.194,3.3
2026-06-10T01:01:46.504Z,105.09,346.797,3.3
2026-06-10T01:01:46.706Z,90.56,298.848,3.3
2026-06-10T01:01:46.906Z,90.08,297.264,3.3
2026-06-10T01:01:47.108Z,90.13,297.429,3.3
2026-06-10T01:01:47.309Z,91.09,300.597,3.3
2026-06-10T01:01:47.510Z,92,303.6,3.3
2026-06-10T01:01:47.711Z,95.16,314.028,3.3
2026-06-10T01:01:47.912Z,80,264,3.3
2026-06-10T01:01:48.115Z,55.29,182.457,3.3
2026-06-10T01:01:48.317Z,26.27,86.691,3.3
2026-06-10T01:01:48.518Z,2,6.6,3.3
2026-06-10T01:01:48.719Z,0.18,0.594,3.3
2026-06-10T01:01:48.920Z,0.04,0.132,3.3
2026-06-10T01:01:49.121Z,0.02,0.066,3.3
2026-06-10T01:01:49.322Z,0.01,0.033,3.3
2026-06-10T01:01:49.525Z,0.01,0.033,3.3
2026-06-10T01:01:49.725Z,0,0,3.3
2026-06-10T01:01:49.927Z,0.01,0.033,3.3
2026-06-10T01:01:50.130Z,0.01,0.033,3.3
2026-06-10T01:01:50.331Z,0.01,0.033,3.3
2026-06-10T01:01:50.532Z,0.01,0.033,3.3
2026-06-10T01:01:50.733Z,0.01,0.033,3.3
2026-06-10T01:01:50.935Z,0,0,3.3
2026-06-10T01:01:51.137Z,0,0,3.3
2026-06-10T01:01:51.339Z,0.01,0.033,3.3
2026-06-10T01:01:51.539Z,0.01,0.033,3.3
2026-06-10T01:01:51.740Z,0.01,0.033,3.3
2026-06-10T01:01:51.942Z,0.01,0.033,3.3
2026-06-10T01:01:52.145Z,0.01,0.033,3.3
2026-06-10T01:01:52.346Z,0.01,0.033,3.3
2026-06-10T01:01:52.548Z,0.01,0.033,3.3
2026-06-10T01:01:52.749Z,0.01,0.033,3.3
2026-06-10T01:01:52.950Z,0.01,0.033,3.3
2026-06-10T01:01:53.152Z,0.01,0.033,3.3
2026-06-10T01:01:53.355Z,0.02,0.066,3.3
2026-06-10T01:01:53.557Z,0.02,0.066,3.3
2026-06-10T01:01:53.758Z,0.02,0.066,3.3
2026-06-10T01:01:53.959Z,0.02,0.066,3.3
2026-06-10T01:01:54.161Z,0.02,0.066,3.3
2026-06-10T01:01:54.362Z,0.02,0.066,3.3
2026-06-10T01:01:54.563Z,0.01,0.033,3.3
2026-06-10T01:01:54.765Z,0.01,0.033,3.3
2026-06-10T01:01:54.966Z,0.01,0.033,3.3
2026-06-10T01:01:55.168Z,0.01,0.033,3.3
2026-06-10T01:01:55.369Z,0.01,0.033,3.3
2026-06-10T01:01:55.570Z,0.01,0.033,3.3
2026-06-10T01:01:55.771Z,0.01,0.033,3.3
2026-06-10T01:01:55.972Z,0.01,0.033,3.3
2026-06-10T01:01:56.174Z,0.01,0.033,3.3
2026-06-10T01:01:56.376Z,0.01,0.033,3.3
2026-06-10T01:01:56.578Z,0.02,0.066,3.3
2026-06-10T01:01:56.781Z,0.02,0.066,3.3
2026-06-10T01:01:56.982Z,0.02,0.066,3.3
2026-06-10T01:01:57.183Z,0.02,0.066,3.3
2026-06-10T01:01:57.382Z,0.01,0.033,3.3
2026-06-10T01:01:57.582Z,0.01,0.033,3.3
2026-06-10T01:01:57.783Z,0.01,0.033,3.3
2026-06-10T01:01:57.984Z,0.01,0.033,3.3
2026-06-10T01:01:58.184Z,0.02,0.066,3.3
2026-06-10T01:01:58.386Z,0.02,0.066,3.3
2026-06-10T01:01:58.588Z,0.02,0.066,3.3
2026-06-10T01:01:58.790Z,0.02,0.066,3.3
2026-06-10T01:01:58.992Z,0.02,0.066,3.3
2026-06-10T01:01:59.193Z,0.01,0.033,3.3
2026-06-10T01:01:59.394Z,0.01,0.033,3.3
2026-06-10T01:01:59.595Z,0.02,0.066,3.3
2026-06-10T01:01:59.796Z,0.02,0.066,3.3
2026-06-10T01:01:59.998Z,0.02,0.066,3.3
2026-06-10T01:02:00.199Z,0.01,0.033,3.3
2026-06-10T01:02:00.400Z,0.01,0.033,3.3
2026-06-10T01:02:00.601Z,0.02,0.066,3.3
2026-06-10T01:02:00.803Z,0.02,0.066,3.3
2026-06-10T01:02:01.005Z,0.03,0.099,3.3
2026-06-10T01:02:01.207Z,0.02,0.066,3.3
2026-06-10T01:02:01.409Z,0.02,0.066,3.3
2026-06-10T01:02:01.610Z,0.02,0.066,3.3
2026-06-10T01:02:01.812Z,0.02,0.066,3.3
2026-06-10T01:02:02.013Z,0.02,0.066,3.3
2026-06-10T01:02:02.214Z,0.02,0.066,3.3
2026-06-10T01:02:02.417Z,0.01,0.033,3.3
2026-06-10T01:02:02.619Z,0.01,0.033,3.3
2026-06-10T01:02:02.819Z,0.02,0.066,3.3
2026-06-10T01:02:03.021Z,0.02,0.066,3.3
2026-06-10T01:02:03.222Z,0.02,0.066,3.3
2026-06-10T01:02:03.423Z,0.02,0.066,3.3
2026-06-10T01:02:03.625Z,0.02,0.066,3.3
2026-06-10T01:02:03.827Z,0.02,0.066,3.3
2026-06-10T01:02:04.030Z,0.02,0.066,3.3
2026-06-10T01:02:04.230Z,0.01,0.033,3.3
2026-06-10T01:02:04.433Z,0.02,0.066,3.3
2026-06-10T01:02:04.633Z,0.02,0.066,3.3
2026-06-10T01:02:04.834Z,0.02,0.066,3.3
2026-06-10T01:02:05.034Z,0.02,0.066,3.3
2026-06-10T01:02:05.234Z,0.01,0.033,3.3
2026-06-10T01:02:05.437Z,0.01,0.033,3.3
2026-06-10T01:02:05.638Z,0.01,0.033,3.3
2026-06-10T01:02:05.839Z,0.02,0.066,3.3
2026-06-10T01:02:06.041Z,0.02,0.066,3.3
2026-06-10T01:02:06.242Z,0.02,0.066,3.3
2026-06-10T01:02:06.445Z,0.02,0.066,3.3
2026-06-10T01:02:06.647Z,0.01,0.033,3.3
2026-06-10T01:02:06.847Z,0.02,0.066,3.3
2026-06-10T01:02:07.048Z,0.02,0.066,3.3
2026-06-10T01:02:07.249Z,0.02,0.066,3.3
2026-06-10T01:02:07.450Z,0.02,0.066,3.3
2026-06-10T01:02:07.650Z,0.02,0.066,3.3
2026-06-10T01:02:07.853Z,0.01,0.033,3.3
2026-06-10T01:02:08.053Z,0.02,0.066,3.3
2026-06-10T01:02:08.254Z,0.02,0.066,3.3
2026-06-10T01:02:08.457Z,0.02,0.066,3.3
2026-06-10T01:02:08.658Z,0.02,0.066,3.3
2026-06-10T01:02:08.860Z,0.02,0.066,3.3
2026-06-10T01:02:09.062Z,0.02,0.066,3.3
2026-06-10T01:02:09.265Z,0.01,0.033,3.3
2026-06-10T01:02:09.466Z,0.01,0.033,3.3
2026-06-10T01:02:09.667Z,0.01,0.033,3.3
2026-06-10T01:02:09.868Z,0.02,0.066,3.3
2026-06-10T01:02:10.070Z,0.02,0.066,3.3
2026-06-10T01:02:10.271Z,0.01,0.033,3.3
2026-06-10T01:02:10.472Z,0.01,0.033,3.3
2026-06-10T01:02:10.674Z,0.01,0.033,3.3
2026-06-10T01:02:10.876Z,0.01,0.033,3.3
2026-06-10T01:02:11.078Z,0.02,0.066,3.3
2026-06-10T01:02:11.280Z,0.01,0.033,3.3
2026-06-10T01:02:11.481Z,0.01,0.033,3.3
2026-06-10T01:02:11.682Z,0,0,3.3
2026-06-10T01:02:11.884Z,0.01,0.033,3.3
2026-06-10T01:02:12.085Z,0.01,0.033,3.3
2026-06-10T01:02:12.287Z,0.01,0.033,3.3
2026-06-10T01:02:12.489Z,0.01,0.033,3.3
2026-06-10T01:02:12.691Z,0.01,0.033,3.3
2026-06-10T01:02:12.894Z,0.01,0.033,3.3
2026-06-10T01:02:13.096Z,0,0,3.3
2026-06-10T01:02:13.297Z,0,0,3.3
2026-06-10T01:02:13.499Z,0.01,0.033,3.3
2026-06-10T01:02:13.699Z,0.01,0.033,3.3
2026-06-10T01:02:13.900Z,0.01,0.033,3.3
2026-06-10T01:02:14.100Z,0,0,3.3
2026-06-10T01:02:14.302Z,0,0,3.3
2026-06-10T01:02:14.503Z,0,0,3.3
2026-06-10T01:02:14.705Z,0.01,0.033,3.3
2026-06-10T01:02:14.907Z,0.01,0.033,3.3
2026-06-10T01:02:15.109Z,0.01,0.033,3.3
2026-06-10T01:02:15.311Z,0.01,0.033,3.3
2026-06-10T01:02:15.511Z,0.01,0.033,3.3
2026-06-10T01:02:15.713Z,0.01,0.033,3.3
2026-06-10T01:02:15.915Z,0.01,0.033,3.3
2026-06-10T01:02:16.117Z,0.01,0.033,3.3
2026-06-10T01:02:16.319Z,0,0,3.3
2026-06-10T01:02:16.522Z,0,0,3.3
2026-06-10T01:02:16.723Z,0,0,3.3
2026-06-10T01:02:16.924Z,0.01,0.033,3.3
2026-06-10T01:02:17.125Z,0.01,0.033,3.3
2026-06-10T01:02:17.327Z,0.01,0.033,3.3
2026-06-10T01:02:17.529Z,0.01,0.033,3.3
2026-06-10T01:02:17.730Z,0.01,0.033,3.3
2026-06-10T01:02:17.931Z,0.01,0.033,3.3
2026-06-10T01:02:18.133Z,0,0,3.3
2026-06-10T01:02:18.334Z,0,0,3.3
2026-06-10T01:02:18.536Z,0,0,3.3
2026-06-10T01:02:18.738Z,0,0,3.3
2026-06-10T01:02:18.939Z,0,0,3.3
2026-06-10T01:02:19.140Z,0,0,3.3
2026-06-10T01:02:19.341Z,0,0,3.3
2026-06-10T01:02:19.543Z,0.01,0.033,3.3
2026-06-10T01:02:19.744Z,0.01,0.033,3.3
2026-06-10T01:02:19.945Z,0.01,0.033,3.3
2026-06-10T01:02:20.147Z,0.01,0.033,3.3
2026-06-10T01:02:20.349Z,0.01,0.033,3.3
2026-06-10T01:02:20.551Z,0.01,0.033,3.3
2026-06-10T01:02:20.752Z,0,0,3.3
2026-06-10T01:02:20.954Z,0.01,0.033,3.3
2026-06-10T01:02:21.155Z,0.01,0.033,3.3
2026-06-10T01:02:21.355Z,0.01,0.033,3.3
2026-06-10T01:02:21.557Z,0,0,3.3
2026-06-10T01:02:21.759Z,0.01,0.033,3.3
2026-06-10T01:02:21.962Z,0,0,3.3
2026-06-10T01:02:22.164Z,0,0,3.3
2026-06-10T01:02:22.367Z,0,0,3.3
2026-06-10T01:02:22.567Z,0,0,3.3
2026-06-10T01:02:22.768Z,0.01,0.033,3.3
2026-06-10T01:02:22.969Z,0.01,0.033,3.3
2026-06-10T01:02:23.169Z,0.01,0.033,3.3
2026-06-10T01:02:23.372Z,0.01,0.033,3.3
2026-06-10T01:02:23.574Z,0.01,0.033,3.3
2026-06-10T01:02:23.775Z,0.01,0.033,3.3
2026-06-10T01:02:23.976Z,0.01,0.033,3.3
2026-06-10T01:02:24.176Z,0.01,0.033,3.3
2026-06-10T01:02:24.377Z,0.01,0.033,3.3
2026-06-10T01:02:24.578Z,0.01,0.033,3.3
2026-06-10T01:02:24.781Z,0.01,0.033,3.3
2026-06-10T01:02:24.982Z,0.01,0.033,3.3
2026-06-10T01:02:25.183Z,0.01,0.033,3.3
2026-06-10T01:02:25.384Z,0.01,0.033,3.3
2026-06-10T01:02:25.586Z,0.01,0.033,3.3
2026-06-10T01:02:25.788Z,0,0,3.3
2026-06-10T01:02:25.991Z,0,0,3.3
2026-06-10T01:02:26.192Z,0.01,0.033,3.3
2026-06-10T01:02:26.393Z,0.01,0.033,3.3
2026-06-10T01:02:26.592Z,0.01,0.033,3.3
2026-06-10T01:02:26.795Z,0,0,3.3
2026-06-10T01:02:26.994Z,0,0,3.3
2026-06-10T01:02:27.198Z,0.01,0.033,3.3
2026-06-10T01:02:27.400Z,0.01,0.033,3.3
2026-06-10T01:02:27.599Z,0.01,0.033,3.3
2026-06-10T01:02:27.800Z,0.01,0.033,3.3
2026-06-10T01:02:28.002Z,0.01,0.033,3.3
2026-06-10T01:02:28.206Z,0.01,0.033,3.3
2026-06-10T01:02:28.407Z,0.02,0.066,3.3
2026-06-10T01:02:28.608Z,0.02,0.066,3.3
2026-06-10T01:02:28.810Z,0.02,0.066,3.3
2026-06-10T01:02:29.012Z,0.01,0.033,3.3
2026-06-10T01:02:29.214Z,0.01,0.033,3.3
2026-06-10T01:02:29.415Z,0.02,0.066,3.3
2026-06-10T01:02:29.616Z,0.03,0.099,3.3
2026-06-10T01:02:29.817Z,0.02,0.066,3.3
2026-06-10T01:02:30.018Z,0.02,0.066,3.3
2026-06-10T01:02:30.219Z,0.01,0.033,3.3
2026-06-10T01:02:30.420Z,0.01,0.033,3.3
2026-06-10T01:02:30.622Z,0.01,0.033,3.3
2026-06-10T01:02:30.824Z,0.01,0.033,3.3
2026-06-10T01:02:31.026Z,0.02,0.066,3.3
2026-06-10T01:02:31.228Z,0.03,0.099,3.3
2026-06-10T01:02:31.433Z,0.02,0.066,3.3
2026-06-10T01:02:31.636Z,0.02,0.066,3.3
2026-06-10T01:02:31.836Z,0.02,0.066,3.3
2026-06-10T01:02:32.039Z,0.01,0.033,3.3
2026-06-10T01:02:32.240Z,0.01,0.033,3.3
2026-06-10T01:02:32.441Z,0.01,0.033,3.3
2026-06-10T01:02:32.642Z,0.02,0.066,3.3
2026-06-10T01:02:32.842Z,0.02,0.066,3.3
2026-06-10T01:02:33.043Z,0.02,0.066,3.3
2026-06-10T01:02:33.245Z,0.02,0.066,3.3
2026-06-10T01:02:33.447Z,0.02,0.066,3.3
2026-06-10T01:02:33.650Z,0.01,0.033,3.3
2026-06-10T01:02:33.851Z,0.01,0.033,3.3
2026-06-10T01:02:34.052Z,0.02,0.066,3.3
2026-06-10T01:02:34.253Z,0.02,0.066,3.3
2026-06-10T01:02:34.455Z,0.02,0.066,3.3
2026-06-10T01:02:34.656Z,0.02,0.066,3.3
2026-06-10T01:02:34.857Z,0.01,0.033,3.3
2026-06-10T01:02:35.059Z,0.01,0.033,3.3
2026-06-10T01:02:35.262Z,0.01,0.033,3.3
2026-06-10T01:02:35.463Z,0.02,0.066,3.3
2026-06-10T01:02:35.664Z,0.02,0.066,3.3
2026-06-10T01:02:35.866Z,0.01,0.033,3.3
2026-06-10T01:02:36.067Z,0.01,0.033,3.3
2026-06-10T01:02:36.269Z,0.01,0.033,3.3
2026-06-10T01:02:36.471Z,0.02,0.066,3.3
2026-06-10T01:02:36.672Z,0.02,0.066,3.3
2026-06-10T01:02:36.874Z,0.02,0.066,3.3
2026-06-10T01:02:37.074Z,0.02,0.066,3.3
2026-06-10T01:02:37.274Z,0.01,0.033,3.3
2026-06-10T01:02:37.477Z,0.01,0.033,3.3
2026-06-10T01:02:37.678Z,0.01,0.033,3.3
2026-06-10T01:02:37.881Z,0.01,0.033,3.3
2026-06-10T01:02:38.082Z,0.01,0.033,3.3
2026-06-10T01:02:38.283Z,0.01,0.033,3.3
2026-06-10T01:02:38.485Z,0.01,0.033,3.3
2026-06-10T01:02:38.687Z,0.02,0.066,3.3
2026-06-10T01:02:38.887Z,0.02,0.066,3.3
2026-06-10T01:02:39.088Z,0.02,0.066,3.3
2026-06-10T01:02:39.290Z,0.02,0.066,3.3
2026-06-10T01:02:39.493Z,0.02,0.066,3.3
2026-06-10T01:02:39.694Z,4.14,13.662,3.3
2026-06-10T01:02:39.896Z,44.97,148.401,3.3
2026-06-10T01:02:40.098Z,64.51,212.883,3.3
2026-06-10T01:02:40.299Z,65.18,215.094,3.3
2026-06-10T01:02:40.501Z,67.32,222.156,3.3
2026-06-10T01:02:40.702Z,72.09,237.897,3.3
2026-06-10T01:02:40.903Z,67.75,223.575,3.3
2026-06-10T01:02:41.105Z,56.52,186.516,3.3
2026-06-10T01:02:41.306Z,53.96,178.068,3.3
2026-06-10T01:02:41.508Z,51.64,170.412,3.3
2026-06-10T01:02:41.710Z,54.71,180.543,3.3
2026-06-10T01:02:41.911Z,62.48,206.184,3.3
2026-06-10T01:02:42.111Z,68.19,225.027,3.3
2026-06-10T01:02:42.312Z,67.36,222.288,3.3
2026-06-10T01:02:42.514Z,62.31,205.623,3.3
2026-06-10T01:02:42.715Z,63.56,209.748,3.3
2026-06-10T01:02:42.916Z,64.43,212.619,3.3
2026-06-10T01:02:43.117Z,64.5,212.85,3.3
2026-06-10T01:02:43.318Z,61.39,202.587,3.3
2026-06-10T01:02:43.521Z,61.84,204.072,3.3
2026-06-10T01:02:43.722Z,67.38,222.354,3.3
2026-06-10T01:02:43.923Z,131.12,432.696,3.3
2026-06-10T01:02:44.122Z,142.75,471.075,3.3
2026-06-10T01:02:44.324Z,104.75,345.675,3.3
2026-06-10T01:02:44.526Z,103.52,341.616,3.3
2026-06-10T01:02:44.727Z,126.91,418.803,3.3
2026-06-10T01:02:44.928Z,125.1,412.83,3.3
2026-06-10T01:02:45.129Z,102.13,337.029,3.3
2026-06-10T01:02:45.330Z,101.39,334.587,3.3
2026-06-10T01:02:45.533Z,100.07,330.231,3.3
2026-06-10T01:02:45.733Z,102.32,337.656,3.3
2026-06-10T01:02:45.934Z,117.7,388.41,3.3
2026-06-10T01:02:46.137Z,120.68,398.244,3.3
2026-06-10T01:02:46.337Z,104.87,346.071,3.3
2026-06-10T01:02:46.538Z,93.52,308.616,3.3
2026-06-10T01:02:46.740Z,92.67,305.811,3.3
2026-06-10T01:02:46.942Z,93.5,308.55,3.3
2026-06-10T01:02:47.143Z,95.53,315.249,3.3
2026-06-10T01:02:47.345Z,98.82,326.106,3.3
2026-06-10T01:02:47.547Z,95.53,315.249,3.3
2026-06-10T01:02:47.748Z,76.2,251.46,3.3
2026-06-10T01:02:47.949Z,54.87,181.071,3.3
2026-06-10T01:02:48.151Z,23.46,77.418,3.3
2026-06-10T01:02:48.353Z,1.77,5.841,3.3
2026-06-10T01:02:48.556Z,0.11,0.363,3.3
2026-06-10T01:02:48.757Z,0.03,0.099,3.3
2026-06-10T01:02:48.958Z,0.01,0.033,3.3
2026-06-10T01:02:49.160Z,0.01,0.033,3.3
2026-06-10T01:02:49.360Z,0.01,0.033,3.3
2026-06-10T01:02:49.562Z,0.01,0.033,3.3
2026-06-10T01:02:49.763Z,0.01,0.033,3.3
2026-06-10T01:02:49.965Z,0.01,0.033,3.3
2026-06-10T01:02:50.166Z,0.01,0.033,3.3
2026-06-10T01:02:50.368Z,0.01,0.033,3.3
2026-06-10T01:02:50.570Z,0.02,0.066,3.3
2026-06-10T01:02:50.772Z,0.02,0.066,3.3
2026-06-10T01:02:50.973Z,0.02,0.066,3.3
2026-06-10T01:02:51.175Z,0.02,0.066,3.3
2026-06-10T01:02:51.376Z,0.02,0.066,3.3
2026-06-10T01:02:51.578Z,0.02,0.066,3.3
2026-06-10T01:02:51.780Z,0.01,0.033,3.3
2026-06-10T01:02:51.981Z,0.01,0.033,3.3
2026-06-10T01:02:52.181Z,0.01,0.033,3.3
2026-06-10T01:02:52.382Z,0.01,0.033,3.3
2026-06-10T01:02:52.583Z,0.01,0.033,3.3
2026-06-10T01:02:52.784Z,0.01,0.033,3.3
2026-06-10T01:02:52.986Z,0.01,0.033,3.3
2026-06-10T01:02:53.188Z,0.02,0.066,3.3
2026-06-10T01:02:53.388Z,0.02,0.066,3.3
2026-06-10T01:02:53.590Z,0.02,0.066,3.3
2026-06-10T01:02:53.791Z,0.02,0.066,3.3
2026-06-10T01:02:53.995Z,0.02,0.066,3.3
2026-06-10T01:02:54.194Z,0.01,0.033,3.3
2026-06-10T01:02:54.399Z,0.01,0.033,3.3
2026-06-10T01:02:54.598Z,0.01,0.033,3.3
2026-06-10T01:02:54.799Z,0.01,0.033,3.3
2026-06-10T01:02:55.000Z,0.01,0.033,3.3
2026-06-10T01:02:55.201Z,0.02,0.066,3.3
2026-06-10T01:02:55.408Z,0.02,0.066,3.3
2026-06-10T01:02:55.603Z,0.02,0.066,3.3
2026-06-10T01:02:55.805Z,0.02,0.066,3.3
2026-06-10T01:02:56.005Z,0.02,0.066,3.3
2026-06-10T01:02:56.206Z,0.01,0.033,3.3
2026-06-10T01:02:56.408Z,0.01,0.033,3.3
2026-06-10T01:02:56.608Z,0.01,0.033,3.3
2026-06-10T01:02:56.810Z,0.01,0.033,3.3
2026-06-10T01:02:57.011Z,0.01,0.033,3.3
2026-06-10T01:02:57.213Z,0,0,3.3
2026-06-10T01:02:57.414Z,0,0,3.3
2026-06-10T01:02:57.615Z,0,0,3.3
2026-06-10T01:02:57.817Z,0,0,3.3
2026-06-10T01:02:58.019Z,0,0,3.3
2026-06-10T01:02:58.220Z,0,0,3.3
2026-06-10T01:02:58.424Z,0.01,0.033,3.3
2026-06-10T01:02:58.625Z,0,0,3.3
2026-06-10T01:02:58.827Z,0,0,3.3
2026-06-10T01:02:59.028Z,0,0,3.3
2026-06-10T01:02:59.230Z,0,0,3.3
2026-06-10T01:02:59.433Z,0,0,3.3
2026-06-10T01:02:59.634Z,0.01,0.033,3.3
2026-06-10T01:02:59.835Z,0.01,0.033,3.3
2026-06-10T01:03:00.039Z,0.01,0.033,3.3
2026-06-10T01:03:00.241Z,0.01,0.033,3.3
2026-06-10T01:03:00.443Z,0,0,3.3
2026-06-10T01:03:00.645Z,0.01,0.033,3.3
2026-06-10T01:03:00.846Z,0.01,0.033,3.3
2026-06-10T01:03:01.047Z,0.01,0.033,3.3
2026-06-10T01:03:01.248Z,0.01,0.033,3.3
2026-06-10T01:03:01.449Z,0.01,0.033,3.3
2026-06-10T01:03:01.651Z,0.01,0.033,3.3
2026-06-10T01:03:01.851Z,0.01,0.033,3.3
2026-06-10T01:03:02.053Z,0.01,0.033,3.3
2026-06-10T01:03:02.254Z,0.02,0.066,3.3
2026-06-10T01:03:02.456Z,0.02,0.066,3.3
2026-06-10T01:03:02.658Z,0.02,0.066,3.3
2026-06-10T01:03:02.860Z,0.02,0.066,3.3
2026-06-10T01:03:03.060Z,0.02,0.066,3.3
2026-06-10T01:03:03.262Z,0.01,0.033,3.3
2026-06-10T01:03:03.464Z,0.01,0.033,3.3
2026-06-10T01:03:03.665Z,0.02,0.066,3.3
2026-06-10T01:03:03.866Z,0.02,0.066,3.3
2026-06-10T01:03:04.068Z,0.02,0.066,3.3
2026-06-10T01:03:04.269Z,0.02,0.066,3.3
2026-06-10T01:03:04.470Z,0.01,0.033,3.3
2026-06-10T01:03:04.671Z,0.01,0.033,3.3
2026-06-10T01:03:04.872Z,0.01,0.033,3.3
2026-06-10T01:03:05.073Z,0.01,0.033,3.3
2026-06-10T01:03:05.274Z,0.02,0.066,3.3
2026-06-10T01:03:05.476Z,0.02,0.066,3.3
2026-06-10T01:03:05.678Z,0.02,0.066,3.3
2026-06-10T01:03:05.879Z,0.01,0.033,3.3
2026-06-10T01:03:06.082Z,0.01,0.033,3.3
2026-06-10T01:03:06.283Z,0.02,0.066,3.3
2026-06-10T01:03:06.484Z,0.02,0.066,3.3
2026-06-10T01:03:06.685Z,0.02,0.066,3.3
2026-06-10T01:03:06.886Z,0.02,0.066,3.3
2026-06-10T01:03:07.088Z,0.02,0.066,3.3
2026-06-10T01:03:07.292Z,0.02,0.066,3.3
2026-06-10T01:03:07.494Z,0.01,0.033,3.3
2026-06-10T01:03:07.695Z,0.01,0.033,3.3
2026-06-10T01:03:07.897Z,0.01,0.033,3.3
2026-06-10T01:03:08.097Z,0.01,0.033,3.3
2026-06-10T01:03:08.299Z,0.01,0.033,3.3
2026-06-10T01:03:08.499Z,0.02,0.066,3.3
2026-06-10T01:03:08.701Z,0.02,0.066,3.3
2026-06-10T01:03:08.902Z,0.02,0.066,3.3
2026-06-10T01:03:09.104Z,0.02,0.066,3.3
2026-06-10T01:03:09.306Z,0.02,0.066,3.3
2026-06-10T01:03:09.507Z,0.01,0.033,3.3
2026-06-10T01:03:09.710Z,0.02,0.066,3.3
2026-06-10T01:03:09.912Z,0.02,0.066,3.3
2026-06-10T01:03:10.112Z,0.02,0.066,3.3
2026-06-10T01:03:10.314Z,0.02,0.066,3.3
2026-06-10T01:03:10.516Z,0.02,0.066,3.3
2026-06-10T01:03:10.716Z,0.02,0.066,3.3
2026-06-10T01:03:10.918Z,0.01,0.033,3.3
2026-06-10T01:03:11.120Z,0.01,0.033,3.3
2026-06-10T01:03:11.320Z,0.01,0.033,3.3
2026-06-10T01:03:11.522Z,0.02,0.066,3.3
2026-06-10T01:03:11.723Z,0.02,0.066,3.3
2026-06-10T01:03:11.927Z,0.02,0.066,3.3
2026-06-10T01:03:12.128Z,0.02,0.066,3.3
2026-06-10T01:03:12.330Z,0.01,0.033,3.3
2026-06-10T01:03:12.531Z,0.01,0.033,3.3
2026-06-10T01:03:12.733Z,0.01,0.033,3.3
2026-06-10T01:03:12.935Z,0.01,0.033,3.3
2026-06-10T01:03:13.138Z,0.02,0.066,3.3
2026-06-10T01:03:13.339Z,0.03,0.099,3.3
2026-06-10T01:03:13.540Z,0.03,0.099,3.3
2026-06-10T01:03:13.741Z,0.02,0.066,3.3
2026-06-10T01:03:13.942Z,0.02,0.066,3.3
2026-06-10T01:03:14.144Z,0.02,0.066,3.3
2026-06-10T01:03:14.344Z,0.01,0.033,3.3
2026-06-10T01:03:14.544Z,0.01,0.033,3.3
2026-06-10T01:03:14.746Z,0.01,0.033,3.3
2026-06-10T01:03:14.947Z,0.01,0.033,3.3
2026-06-10T01:03:15.149Z,0.01,0.033,3.3
2026-06-10T01:03:15.351Z,0.02,0.066,3.3
2026-06-10T01:03:15.553Z,0.02,0.066,3.3
2026-06-10T01:03:15.755Z,0.02,0.066,3.3
2026-06-10T01:03:15.957Z,0.02,0.066,3.3
2026-06-10T01:03:16.159Z,0.01,0.033,3.3
2026-06-10T01:03:16.359Z,0.01,0.033,3.3
2026-06-10T01:03:16.560Z,0.02,0.066,3.3
2026-06-10T01:03:16.762Z,0.02,0.066,3.3
2026-06-10T01:03:16.962Z,0.02,0.066,3.3
2026-06-10T01:03:17.163Z,0.02,0.066,3.3
2026-06-10T01:03:17.365Z,0.02,0.066,3.3
2026-06-10T01:03:17.567Z,0.01,0.033,3.3
2026-06-10T01:03:17.769Z,0.01,0.033,3.3
2026-06-10T01:03:17.971Z,0.01,0.033,3.3
2026-06-10T01:03:18.173Z,0.02,0.066,3.3
2026-06-10T01:03:18.374Z,0.03,0.099,3.3
2026-06-10T01:03:18.576Z,0.03,0.099,3.3
2026-06-10T01:03:18.778Z,0.02,0.066,3.3
2026-06-10T01:03:18.980Z,0.02,0.066,3.3
2026-06-10T01:03:19.183Z,0.02,0.066,3.3
2026-06-10T01:03:19.385Z,0.02,0.066,3.3
2026-06-10T01:03:19.585Z,0.01,0.033,3.3
2026-06-10T01:03:19.787Z,0.02,0.066,3.3
2026-06-10T01:03:19.987Z,0.02,0.066,3.3
2026-06-10T01:03:20.189Z,0.02,0.066,3.3
2026-06-10T01:03:20.389Z,0.02,0.066,3.3
2026-06-10T01:03:20.591Z,0.02,0.066,3.3
2026-06-10T01:03:20.792Z,0.02,0.066,3.3
2026-06-10T01:03:20.993Z,0.02,0.066,3.3
2026-06-10T01:03:21.195Z,0.02,0.066,3.3
2026-06-10T01:03:21.396Z,0.01,0.033,3.3
2026-06-10T01:03:21.597Z,0.02,0.066,3.3
2026-06-10T01:03:21.800Z,0.02,0.066,3.3
2026-06-10T01:03:22.000Z,0.02,0.066,3.3
2026-06-10T01:03:22.202Z,0.02,0.066,3.3
2026-06-10T01:03:22.407Z,0.02,0.066,3.3
2026-06-10T01:03:22.605Z,0.01,0.033,3.3
2026-06-10T01:03:22.807Z,0.01,0.033,3.3
2026-06-10T01:03:23.007Z,0.01,0.033,3.3
2026-06-10T01:03:23.209Z,0.02,0.066,3.3
2026-06-10T01:03:23.410Z,0.02,0.066,3.3
2026-06-10T01:03:23.611Z,0.02,0.066,3.3
2026-06-10T01:03:23.811Z,0.01,0.033,3.3
2026-06-10T01:03:24.013Z,0.01,0.033,3.3
2026-06-10T01:03:24.215Z,0.01,0.033,3.3
2026-06-10T01:03:24.416Z,0.01,0.033,3.3
2026-06-10T01:03:24.617Z,0.02,0.066,3.3
2026-06-10T01:03:24.817Z,0.02,0.066,3.3
2026-06-10T01:03:25.019Z,0.02,0.066,3.3
2026-06-10T01:03:25.221Z,0.01,0.033,3.3
2026-06-10T01:03:25.424Z,0.01,0.033,3.3
2026-06-10T01:03:25.625Z,0.01,0.033,3.3
2026-06-10T01:03:25.827Z,0.01,0.033,3.3
2026-06-10T01:03:26.029Z,0.01,0.033,3.3
2026-06-10T01:03:26.230Z,0.02,0.066,3.3
2026-06-10T01:03:26.433Z,0.01,0.033,3.3
2026-06-10T01:03:26.636Z,0.01,0.033,3.3
2026-06-10T01:03:26.838Z,0.02,0.066,3.3
2026-06-10T01:03:27.039Z,0.02,0.066,3.3
2026-06-10T01:03:27.241Z,0.02,0.066,3.3
2026-06-10T01:03:27.442Z,0.01,0.033,3.3
2026-06-10T01:03:27.644Z,0.01,0.033,3.3
2026-06-10T01:03:27.845Z,0,0,3.3
2026-06-10T01:03:28.047Z,0.01,0.033,3.3
2026-06-10T01:03:28.247Z,0,0,3.3
2026-06-10T01:03:28.450Z,0,0,3.3
2026-06-10T01:03:28.652Z,0.01,0.033,3.3
2026-06-10T01:03:28.853Z,0.01,0.033,3.3
2026-06-10T01:03:29.053Z,0.01,0.033,3.3
2026-06-10T01:03:29.254Z,0.01,0.033,3.3
2026-06-10T01:03:29.455Z,0,0,3.3
2026-06-10T01:03:29.658Z,0,0,3.3
2026-06-10T01:03:29.859Z,0,0,3.3
2026-06-10T01:03:30.061Z,0,0,3.3
2026-06-10T01:03:30.263Z,0,0,3.3
2026-06-10T01:03:30.464Z,0,0,3.3
2026-06-10T01:03:30.666Z,0,0,3.3
2026-06-10T01:03:30.867Z,0,0,3.3
2026-06-10T01:03:31.067Z,0,0,3.3
2026-06-10T01:03:31.269Z,0,0,3.3
2026-06-10T01:03:31.470Z,0,0,3.3
2026-06-10T01:03:31.671Z,0.01,0.033,3.3
2026-06-10T01:03:31.873Z,0.01,0.033,3.3
2026-06-10T01:03:32.074Z,0.01,0.033,3.3
2026-06-10T01:03:32.274Z,0.01,0.033,3.3
2026-06-10T01:03:32.476Z,0.01,0.033,3.3
2026-06-10T01:03:32.678Z,0.01,0.033,3.3
2026-06-10T01:03:32.879Z,0.02,0.066,3.3
2026-06-10T01:03:33.080Z,0.02,0.066,3.3
2026-06-10T01:03:33.281Z,0.02,0.066,3.3
2026-06-10T01:03:33.482Z,0.02,0.066,3.3
2026-06-10T01:03:33.684Z,0.01,0.033,3.3
2026-06-10T01:03:33.886Z,0.01,0.033,3.3
2026-06-10T01:03:34.088Z,0.01,0.033,3.3
2026-06-10T01:03:34.288Z,0.01,0.033,3.3
2026-06-10T01:03:34.490Z,0.01,0.033,3.3
2026-06-10T01:03:34.692Z,0.02,0.066,3.3
2026-06-10T01:03:34.893Z,0.02,0.066,3.3
2026-06-10T01:03:35.093Z,0.01,0.033,3.3
2026-06-10T01:03:35.296Z,0.01,0.033,3.3
2026-06-10T01:03:35.496Z,0.02,0.066,3.3
2026-06-10T01:03:35.698Z,0.02,0.066,3.3
2026-06-10T01:03:35.900Z,0.02,0.066,3.3
2026-06-10T01:03:36.101Z,0.02,0.066,3.3
2026-06-10T01:03:36.304Z,0.02,0.066,3.3
2026-06-10T01:03:36.504Z,0.01,0.033,3.3
2026-06-10T01:03:36.705Z,0.01,0.033,3.3
2026-06-10T01:03:36.907Z,0.01,0.033,3.3
2026-06-10T01:03:37.109Z,0.01,0.033,3.3
2026-06-10T01:03:37.309Z,0.01,0.033,3.3
2026-06-10T01:03:37.512Z,0.01,0.033,3.3
2026-06-10T01:03:37.714Z,0.01,0.033,3.3
2026-06-10T01:03:37.915Z,0.01,0.033,3.3
2026-06-10T01:03:38.116Z,0.02,0.066,3.3
2026-06-10T01:03:38.317Z,0.02,0.066,3.3
2026-06-10T01:03:38.519Z,0.02,0.066,3.3
2026-06-10T01:03:38.721Z,0.02,0.066,3.3
2026-06-10T01:03:38.922Z,0.01,0.033,3.3
2026-06-10T01:03:39.123Z,0.01,0.033,3.3
2026-06-10T01:03:39.325Z,0.01,0.033,3.3
2026-06-10T01:03:39.529Z,7.93,26.169,3.3
2026-06-10T01:03:39.727Z,45.12,148.896,3.3
2026-06-10T01:03:39.929Z,64.5,212.85,3.3
2026-06-10T01:03:40.131Z,65.12,214.896,3.3
2026-06-10T01:03:40.332Z,68.47,225.951,3.3
2026-06-10T01:03:40.534Z,71.31,235.323,3.3
2026-06-10T01:03:40.735Z,66.29,218.757,3.3
2026-06-10T01:03:40.936Z,56.52,186.516,3.3
2026-06-10T01:03:41.148Z,53.46,176.418,3.3
2026-06-10T01:03:41.350Z,51.62,170.346,3.3
2026-06-10T01:03:41.552Z,55.27,182.391,3.3
2026-06-10T01:03:41.752Z,63.07,208.131,3.3
2026-06-10T01:03:41.955Z,68.32,225.456,3.3
2026-06-10T01:03:42.156Z,67.3,222.09,3.3
2026-06-10T01:03:42.356Z,62.44,206.052,3.3
2026-06-10T01:03:42.558Z,62.94,207.702,3.3
2026-06-10T01:03:42.759Z,62.41,205.953,3.3
2026-06-10T01:03:42.960Z,61.71,203.643,3.3
2026-06-10T01:03:43.162Z,62.97,207.801,3.3
2026-06-10T01:03:43.363Z,64.08,211.464,3.3
2026-06-10T01:03:43.565Z,66.75,220.275,3.3
2026-06-10T01:03:43.766Z,130.38,430.254,3.3
2026-06-10T01:03:43.966Z,140.78,464.574,3.3
2026-06-10T01:03:44.167Z,104.32,344.256,3.3
2026-06-10T01:03:44.368Z,114.12,376.596,3.3
2026-06-10T01:03:44.568Z,113.7,375.21,3.3
2026-06-10T01:03:44.770Z,101.05,333.465,3.3
2026-06-10T01:03:44.971Z,102.36,337.788,3.3
2026-06-10T01:03:45.172Z,101.55,335.115,3.3
2026-06-10T01:03:45.373Z,98.68,325.644,3.3
2026-06-10T01:03:45.575Z,100.56,331.848,3.3
2026-06-10T01:03:45.778Z,105.61,348.513,3.3
2026-06-10T01:03:45.979Z,116.53,384.549,3.3
2026-06-10T01:03:46.180Z,118.33,390.489,3.3
2026-06-10T01:03:46.381Z,103.75,342.375,3.3
2026-06-10T01:03:46.582Z,93.86,309.738,3.3
2026-06-10T01:03:46.783Z,92.94,306.702,3.3
2026-06-10T01:03:46.984Z,94.06,310.398,3.3
2026-06-10T01:03:47.185Z,94.53,311.949,3.3
2026-06-10T01:03:47.387Z,96.78,319.374,3.3
2026-06-10T01:03:47.589Z,93.5,308.55,3.3
2026-06-10T01:03:47.791Z,72.42,238.986,3.3
2026-06-10T01:03:47.992Z,52.88,174.504,3.3
2026-06-10T01:03:48.194Z,18.13,59.829,3.3
2026-06-10T01:03:48.394Z,1.53,5.049,3.3
2026-06-10T01:03:48.595Z,0.09,0.297,3.3
2026-06-10T01:03:48.796Z,0.03,0.099,3.3
2026-06-10T01:03:48.997Z,0.01,0.033,3.3
2026-06-10T01:03:49.198Z,0.01,0.033,3.3
2026-06-10T01:03:49.400Z,0.01,0.033,3.3
2026-06-10T01:03:49.600Z,0.01,0.033,3.3
2026-06-10T01:03:49.801Z,0.01,0.033,3.3
2026-06-10T01:03:50.002Z,0.01,0.033,3.3
2026-06-10T01:03:50.204Z,0.01,0.033,3.3
2026-06-10T01:03:50.406Z,0.01,0.033,3.3
2026-06-10T01:03:50.607Z,0.01,0.033,3.3
2026-06-10T01:03:50.809Z,0.01,0.033,3.3
2026-06-10T01:03:51.011Z,0.01,0.033,3.3
2026-06-10T01:03:51.211Z,0.01,0.033,3.3
2026-06-10T01:03:51.412Z,0.01,0.033,3.3
2026-06-10T01:03:51.614Z,0.01,0.033,3.3
2026-06-10T01:03:51.815Z,0.01,0.033,3.3
2026-06-10T01:03:52.017Z,0.01,0.033,3.3
2026-06-10T01:03:52.219Z,0.01,0.033,3.3
2026-06-10T01:03:52.421Z,0.01,0.033,3.3
2026-06-10T01:03:52.622Z,0.01,0.033,3.3
2026-06-10T01:03:52.824Z,0.01,0.033,3.3
2026-06-10T01:03:53.025Z,0.01,0.033,3.3
2026-06-10T01:03:53.226Z,0.01,0.033,3.3
2026-06-10T01:03:53.429Z,0.01,0.033,3.3
2026-06-10T01:03:53.629Z,0.01,0.033,3.3
2026-06-10T01:03:53.830Z,0.01,0.033,3.3
2026-06-10T01:03:54.032Z,0.02,0.066,3.3
2026-06-10T01:03:54.234Z,0.02,0.066,3.3
2026-06-10T01:03:54.435Z,0.02,0.066,3.3
2026-06-10T01:03:54.637Z,0.03,0.099,3.3
2026-06-10T01:03:54.838Z,0.02,0.066,3.3
2026-06-10T01:03:55.040Z,0.02,0.066,3.3
2026-06-10T01:03:55.240Z,0.01,0.033,3.3
2026-06-10T01:03:55.442Z,0.01,0.033,3.3
2026-06-10T01:03:55.644Z,0.01,0.033,3.3
2026-06-10T01:03:55.844Z,0.01,0.033,3.3
2026-06-10T01:03:56.045Z,0.01,0.033,3.3
2026-06-10T01:03:56.248Z,0.01,0.033,3.3
2026-06-10T01:03:56.450Z,0.01,0.033,3.3
2026-06-10T01:03:56.651Z,0.01,0.033,3.3
2026-06-10T01:03:56.851Z,0.01,0.033,3.3
2026-06-10T01:03:57.054Z,0.01,0.033,3.3
2026-06-10T01:03:57.254Z,0.01,0.033,3.3
2026-06-10T01:03:57.455Z,0,0,3.3
2026-06-10T01:03:57.656Z,0,0,3.3
2026-06-10T01:03:57.857Z,0,0,3.3
2026-06-10T01:03:58.058Z,0,0,3.3
2026-06-10T01:03:58.259Z,0,0,3.3
2026-06-10T01:03:58.462Z,0.01,0.033,3.3
2026-06-10T01:03:58.663Z,0.01,0.033,3.3
2026-06-10T01:03:58.864Z,0.01,0.033,3.3
2026-06-10T01:03:59.065Z,0.01,0.033,3.3
2026-06-10T01:03:59.267Z,0.01,0.033,3.3
2026-06-10T01:03:59.471Z,0.01,0.033,3.3
2026-06-10T01:03:59.672Z,0.01,0.033,3.3
2026-06-10T01:03:59.873Z,0.01,0.033,3.3
2026-06-10T01:04:00.075Z,0.01,0.033,3.3
2026-06-10T01:04:00.277Z,0.01,0.033,3.3
2026-06-10T01:04:00.479Z,0.01,0.033,3.3
2026-06-10T01:04:00.681Z,0.01,0.033,3.3
2026-06-10T01:04:00.882Z,0.02,0.066,3.3
2026-06-10T01:04:01.084Z,0.03,0.099,3.3
2026-06-10T01:04:01.285Z,0.03,0.099,3.3
2026-06-10T01:04:01.486Z,0.02,0.066,3.3
2026-06-10T01:04:01.688Z,0.01,0.033,3.3
2026-06-10T01:04:01.890Z,0.01,0.033,3.3
2026-06-10T01:04:02.092Z,0.01,0.033,3.3
2026-06-10T01:04:02.293Z,0.01,0.033,3.3
2026-06-10T01:04:02.496Z,0.02,0.066,3.3
2026-06-10T01:04:02.697Z,0.02,0.066,3.3
2026-06-10T01:04:02.899Z,0.02,0.066,3.3
2026-06-10T01:04:03.101Z,0.02,0.066,3.3
2026-06-10T01:04:03.303Z,0.01,0.033,3.3
2026-06-10T01:04:03.503Z,0.01,0.033,3.3
2026-06-10T01:04:03.706Z,0.01,0.033,3.3
2026-06-10T01:04:03.906Z,0.02,0.066,3.3
2026-06-10T01:04:04.110Z,0.02,0.066,3.3
2026-06-10T01:04:04.311Z,0.02,0.066,3.3
2026-06-10T01:04:04.513Z,0.02,0.066,3.3
2026-06-10T01:04:04.714Z,0.02,0.066,3.3
2026-06-10T01:04:04.916Z,0.02,0.066,3.3
2026-06-10T01:04:05.118Z,0.02,0.066,3.3
2026-06-10T01:04:05.321Z,0.02,0.066,3.3
2026-06-10T01:04:05.522Z,0.01,0.033,3.3
2026-06-10T01:04:05.723Z,0.02,0.066,3.3
2026-06-10T01:04:05.924Z,0.02,0.066,3.3
2026-06-10T01:04:06.125Z,0.02,0.066,3.3
2026-06-10T01:04:06.326Z,0.02,0.066,3.3
2026-06-10T01:04:06.528Z,0.02,0.066,3.3
2026-06-10T01:04:06.729Z,0.02,0.066,3.3
2026-06-10T01:04:06.929Z,0.02,0.066,3.3
2026-06-10T01:04:07.130Z,0.01,0.033,3.3
2026-06-10T01:04:07.331Z,0.01,0.033,3.3
2026-06-10T01:04:07.532Z,0.01,0.033,3.3
2026-06-10T01:04:07.733Z,0.02,0.066,3.3
2026-06-10T01:04:07.935Z,0.02,0.066,3.3
2026-06-10T01:04:08.136Z,0.02,0.066,3.3
2026-06-10T01:04:08.338Z,0.02,0.066,3.3
2026-06-10T01:04:08.539Z,0.02,0.066,3.3
2026-06-10T01:04:08.739Z,0.02,0.066,3.3
2026-06-10T01:04:08.940Z,0.02,0.066,3.3
2026-06-10T01:04:09.142Z,0.02,0.066,3.3
2026-06-10T01:04:09.343Z,0.02,0.066,3.3
2026-06-10T01:04:09.544Z,0.02,0.066,3.3
2026-06-10T01:04:09.745Z,0.01,0.033,3.3
2026-06-10T01:04:09.947Z,0.01,0.033,3.3
2026-06-10T01:04:10.149Z,0.01,0.033,3.3
2026-06-10T01:04:10.351Z,0.01,0.033,3.3
2026-06-10T01:04:10.551Z,0.01,0.033,3.3
2026-06-10T01:04:10.752Z,0.01,0.033,3.3
2026-06-10T01:04:10.953Z,0.01,0.033,3.3
2026-06-10T01:04:11.153Z,0.01,0.033,3.3
2026-06-10T01:04:11.355Z,0.01,0.033,3.3
2026-06-10T01:04:11.557Z,0.01,0.033,3.3
2026-06-10T01:04:11.759Z,0,0,3.3
2026-06-10T01:04:11.959Z,0,0,3.3
2026-06-10T01:04:12.161Z,0,0,3.3
2026-06-10T01:04:12.363Z,0,0,3.3
2026-06-10T01:04:12.565Z,0.01,0.033,3.3
2026-06-10T01:04:12.809Z,0.01,0.033,3.3
2026-06-10T01:04:12.973Z,0.01,0.033,3.3
2026-06-10T01:04:13.185Z,0.01,0.033,3.3
2026-06-10T01:04:13.401Z,0.01,0.033,3.3
2026-06-10T01:04:13.590Z,0.01,0.033,3.3
2026-06-10T01:04:13.792Z,0.02,0.066,3.3
2026-06-10T01:04:13.997Z,0.02,0.066,3.3
2026-06-10T01:04:14.201Z,0.02,0.066,3.3
2026-06-10T01:04:14.415Z,0.02,0.066,3.3
2026-06-10T01:04:14.607Z,0.02,0.066,3.3
2026-06-10T01:04:14.810Z,0.01,0.033,3.3
2026-06-10T01:04:15.011Z,0.01,0.033,3.3
2026-06-10T01:04:15.214Z,0.02,0.066,3.3
2026-06-10T01:04:15.416Z,0.02,0.066,3.3
2026-06-10T01:04:15.615Z,0.02,0.066,3.3
2026-06-10T01:04:15.817Z,0.02,0.066,3.3
2026-06-10T01:04:16.019Z,0.01,0.033,3.3
2026-06-10T01:04:16.221Z,0.01,0.033,3.3
2026-06-10T01:04:16.426Z,0.01,0.033,3.3
2026-06-10T01:04:16.629Z,0.02,0.066,3.3
2026-06-10T01:04:16.830Z,0.02,0.066,3.3
2026-06-10T01:04:17.032Z,0.02,0.066,3.3
2026-06-10T01:04:17.234Z,0.02,0.066,3.3
2026-06-10T01:04:17.436Z,0.01,0.033,3.3
2026-06-10T01:04:17.638Z,0.01,0.033,3.3
2026-06-10T01:04:17.839Z,0.01,0.033,3.3
2026-06-10T01:04:18.043Z,0.02,0.066,3.3
2026-06-10T01:04:18.247Z,0.02,0.066,3.3
2026-06-10T01:04:18.449Z,0.02,0.066,3.3
2026-06-10T01:04:18.650Z,0.02,0.066,3.3
2026-06-10T01:04:18.852Z,0.01,0.033,3.3
2026-06-10T01:04:19.055Z,0.01,0.033,3.3
2026-06-10T01:04:19.256Z,0.01,0.033,3.3
2026-06-10T01:04:19.458Z,0.01,0.033,3.3
2026-06-10T01:04:19.660Z,0.02,0.066,3.3
2026-06-10T01:04:19.863Z,0.02,0.066,3.3
2026-06-10T01:04:20.064Z,0.02,0.066,3.3
2026-06-10T01:04:20.265Z,0.02,0.066,3.3
2026-06-10T01:04:20.467Z,0.01,0.033,3.3
2026-06-10T01:04:20.671Z,0.01,0.033,3.3
2026-06-10T01:04:20.871Z,0.01,0.033,3.3
2026-06-10T01:04:21.074Z,0.01,0.033,3.3
2026-06-10T01:04:21.274Z,0.02,0.066,3.3
2026-06-10T01:04:21.476Z,0.02,0.066,3.3
2026-06-10T01:04:21.677Z,0.02,0.066,3.3
2026-06-10T01:04:21.879Z,0.02,0.066,3.3
2026-06-10T01:04:22.081Z,0.01,0.033,3.3
2026-06-10T01:04:22.283Z,0.01,0.033,3.3
2026-06-10T01:04:22.485Z,0.02,0.066,3.3
2026-06-10T01:04:22.688Z,0.02,0.066,3.3
2026-06-10T01:04:22.889Z,0.02,0.066,3.3
2026-06-10T01:04:23.090Z,0.02,0.066,3.3
2026-06-10T01:04:23.291Z,0.02,0.066,3.3
2026-06-10T01:04:23.492Z,0.02,0.066,3.3
2026-06-10T01:04:23.693Z,0.02,0.066,3.3
2026-06-10T01:04:23.897Z,0.01,0.033,3.3
2026-06-10T01:04:24.098Z,0.01,0.033,3.3
2026-06-10T01:04:24.301Z,0,0,3.3
2026-06-10T01:04:24.501Z,0,0,3.3
2026-06-10T01:04:24.702Z,0,0,3.3
2026-06-10T01:04:24.904Z,0,0,3.3
2026-06-10T01:04:25.106Z,0,0,3.3
2026-06-10T01:04:25.307Z,0,0,3.3
2026-06-10T01:04:25.509Z,0,0,3.3
2026-06-10T01:04:25.709Z,0,0,3.3
2026-06-10T01:04:25.913Z,0,0,3.3
2026-06-10T01:04:26.115Z,0.01,0.033,3.3
2026-06-10T01:04:26.315Z,0.01,0.033,3.3
2026-06-10T01:04:26.518Z,0.01,0.033,3.3
2026-06-10T01:04:26.718Z,0.01,0.033,3.3
2026-06-10T01:04:26.920Z,0.01,0.033,3.3
2026-06-10T01:04:27.122Z,0.01,0.033,3.3
2026-06-10T01:04:27.323Z,0.01,0.033,3.3
2026-06-10T01:04:27.524Z,0.01,0.033,3.3
2026-06-10T01:04:27.725Z,0.01,0.033,3.3
2026-06-10T01:04:27.927Z,0,0,3.3
2026-06-10T01:04:28.129Z,0,0,3.3
2026-06-10T01:04:28.329Z,0.01,0.033,3.3
2026-06-10T01:04:28.530Z,0.01,0.033,3.3
2026-06-10T01:04:28.731Z,0.01,0.033,3.3
2026-06-10T01:04:28.933Z,0.01,0.033,3.3
2026-06-10T01:04:29.135Z,0.01,0.033,3.3
2026-06-10T01:04:29.338Z,0.01,0.033,3.3
2026-06-10T01:04:29.539Z,0.01,0.033,3.3
2026-06-10T01:04:29.741Z,0.01,0.033,3.3
2026-06-10T01:04:29.942Z,0.02,0.066,3.3
2026-06-10T01:04:30.143Z,0.02,0.066,3.3
2026-06-10T01:04:30.345Z,0.02,0.066,3.3
2026-06-10T01:04:30.546Z,0.02,0.066,3.3
2026-06-10T01:04:30.748Z,0.01,0.033,3.3
2026-06-10T01:04:30.950Z,0.01,0.033,3.3
2026-06-10T01:04:31.152Z,0.02,0.066,3.3
2026-06-10T01:04:31.355Z,0.01,0.033,3.3
2026-06-10T01:04:31.556Z,0.02,0.066,3.3
2026-06-10T01:04:31.757Z,0.02,0.066,3.3
2026-06-10T01:04:31.958Z,0.02,0.066,3.3
2026-06-10T01:04:32.159Z,0.02,0.066,3.3
2026-06-10T01:04:32.360Z,0.01,0.033,3.3
2026-06-10T01:04:32.561Z,0.01,0.033,3.3
2026-06-10T01:04:32.763Z,0.01,0.033,3.3
2026-06-10T01:04:32.965Z,0.01,0.033,3.3
2026-06-10T01:04:33.167Z,0.02,0.066,3.3
2026-06-10T01:04:33.369Z,0.02,0.066,3.3
2026-06-10T01:04:33.571Z,0.01,0.033,3.3
2026-06-10T01:04:33.772Z,0.02,0.066,3.3
2026-06-10T01:04:33.973Z,0.02,0.066,3.3
2026-06-10T01:04:34.175Z,0.02,0.066,3.3
2026-06-10T01:04:34.376Z,0.02,0.066,3.3
2026-06-10T01:04:34.579Z,0.02,0.066,3.3
2026-06-10T01:04:34.780Z,0.01,0.033,3.3
2026-06-10T01:04:34.982Z,0.01,0.033,3.3
2026-06-10T01:04:35.184Z,0.01,0.033,3.3
2026-06-10T01:04:35.386Z,0.02,0.066,3.3
2026-06-10T01:04:35.588Z,0.02,0.066,3.3
2026-06-10T01:04:35.789Z,0.02,0.066,3.3
2026-06-10T01:04:35.990Z,0.02,0.066,3.3
2026-06-10T01:04:36.192Z,0.01,0.033,3.3
2026-06-10T01:04:36.393Z,0.01,0.033,3.3
2026-06-10T01:04:36.596Z,0.01,0.033,3.3
2026-06-10T01:04:36.797Z,0.02,0.066,3.3
2026-06-10T01:04:37.000Z,0.03,0.099,3.3
2026-06-10T01:04:37.200Z,0.03,0.099,3.3
2026-06-10T01:04:37.402Z,0.03,0.099,3.3
2026-06-10T01:04:37.603Z,0.02,0.066,3.3
2026-06-10T01:04:37.805Z,0.02,0.066,3.3
2026-06-10T01:04:38.007Z,0.02,0.066,3.3
2026-06-10T01:04:38.208Z,0.01,0.033,3.3
2026-06-10T01:04:38.410Z,0.01,0.033,3.3
2026-06-10T01:04:38.613Z,0.02,0.066,3.3
2026-06-10T01:04:38.813Z,0.02,0.066,3.3
2026-06-10T01:04:39.014Z,0.02,0.066,3.3
2026-06-10T01:04:39.215Z,0.01,0.033,3.3
2026-06-10T01:04:39.416Z,0.01,0.033,3.3
2026-06-10T01:04:39.617Z,26.22,86.526,3.3
2026-06-10T01:04:39.819Z,61.99,204.567,3.3
2026-06-10T01:04:40.020Z,65.59,216.447,3.3
2026-06-10T01:04:40.222Z,65.21,215.193,3.3
2026-06-10T01:04:40.436Z,72.66,239.778,3.3
2026-06-10T01:04:40.638Z,71.54,236.082,3.3
2026-06-10T01:04:40.839Z,60.9,200.97,3.3
2026-06-10T01:04:41.043Z,56.57,186.681,3.3
2026-06-10T01:04:41.246Z,51.72,170.676,3.3
2026-06-10T01:04:41.448Z,52.29,172.557,3.3
2026-06-10T01:04:41.648Z,59.13,195.129,3.3
2026-06-10T01:04:41.851Z,68.2,225.06,3.3
2026-06-10T01:04:42.051Z,67.92,224.136,3.3
2026-06-10T01:04:42.252Z,62.5,206.25,3.3
2026-06-10T01:04:42.456Z,62.75,207.075,3.3
2026-06-10T01:04:42.658Z,64.77,213.741,3.3
2026-06-10T01:04:42.859Z,64.65,213.345,3.3
2026-06-10T01:04:43.062Z,65.02,214.566,3.3
2026-06-10T01:04:43.264Z,63.73,210.309,3.3
2026-06-10T01:04:43.467Z,62.77,207.141,3.3
2026-06-10T01:04:43.669Z,93.59,308.847,3.3
2026-06-10T01:04:43.873Z,142.12,468.996,3.3
2026-06-10T01:04:44.074Z,110.93,366.069,3.3
2026-06-10T01:04:44.275Z,102.8,339.24,3.3
2026-06-10T01:04:44.477Z,122.15,403.095,3.3
2026-06-10T01:04:44.678Z,125.01,412.533,3.3
2026-06-10T01:04:44.890Z,102.53,338.349,3.3
2026-06-10T01:04:45.091Z,102.74,339.042,3.3
2026-06-10T01:04:45.292Z,101.27,334.191,3.3
2026-06-10T01:04:45.494Z,100.81,332.673,3.3
2026-06-10T01:04:45.695Z,106.61,351.813,3.3
2026-06-10T01:04:45.896Z,118.15,389.895,3.3
2026-06-10T01:04:46.098Z,117.58,388.014,3.3
2026-06-10T01:04:46.300Z,100.79,332.607,3.3
2026-06-10T01:04:46.501Z,93.26,307.758,3.3
2026-06-10T01:04:46.703Z,92.76,306.108,3.3
2026-06-10T01:04:46.905Z,94.05,310.365,3.3
2026-06-10T01:04:47.106Z,95.24,314.292,3.3
2026-06-10T01:04:47.307Z,103.37,341.121,3.3
2026-06-10T01:04:47.508Z,93.76,309.408,3.3
2026-06-10T01:04:47.709Z,69.16,228.228,3.3
2026-06-10T01:04:47.912Z,48.39,159.687,3.3
2026-06-10T01:04:48.114Z,13.59,44.847,3.3
2026-06-10T01:04:48.315Z,1.84,6.072,3.3
2026-06-10T01:04:48.515Z,0.08,0.264,3.3
2026-06-10T01:04:48.717Z,0.03,0.099,3.3
2026-06-10T01:04:48.918Z,0.02,0.066,3.3
2026-06-10T01:04:49.120Z,0.02,0.066,3.3
2026-06-10T01:04:49.321Z,0.02,0.066,3.3
2026-06-10T01:04:49.523Z,0.02,0.066,3.3
2026-06-10T01:04:49.724Z,0.01,0.033,3.3
2026-06-10T01:04:49.925Z,0,0,3.3
2026-06-10T01:04:50.127Z,0.01,0.033,3.3
2026-06-10T01:04:50.330Z,0.02,0.066,3.3
2026-06-10T01:04:50.531Z,0.02,0.066,3.3
2026-06-10T01:04:50.732Z,0.02,0.066,3.3
2026-06-10T01:04:50.934Z,0.02,0.066,3.3
2026-06-10T01:04:51.137Z,0.02,0.066,3.3
2026-06-10T01:04:51.337Z,0.02,0.066,3.3
2026-06-10T01:04:51.539Z,0.02,0.066,3.3
2026-06-10T01:04:51.741Z,0.02,0.066,3.3
2026-06-10T01:04:51.942Z,0.02,0.066,3.3
2026-06-10T01:04:52.144Z,0.01,0.033,3.3
2026-06-10T01:04:52.345Z,0.02,0.066,3.3
2026-06-10T01:04:52.547Z,0.02,0.066,3.3
2026-06-10T01:04:52.747Z,0.02,0.066,3.3
2026-06-10T01:04:52.948Z,0.01,0.033,3.3
2026-06-10T01:04:53.149Z,0.01,0.033,3.3
2026-06-10T01:04:53.350Z,0,0,3.3
2026-06-10T01:04:53.552Z,0,0,3.3
2026-06-10T01:04:53.754Z,0.01,0.033,3.3
2026-06-10T01:04:53.955Z,0.01,0.033,3.3
2026-06-10T01:04:54.157Z,0.01,0.033,3.3
2026-06-10T01:04:54.358Z,0.01,0.033,3.3
2026-06-10T01:04:54.559Z,0.01,0.033,3.3
2026-06-10T01:04:54.760Z,0.02,0.066,3.3
2026-06-10T01:04:54.961Z,0.02,0.066,3.3
2026-06-10T01:04:55.163Z,0.02,0.066,3.3
2026-06-10T01:04:55.365Z,0.02,0.066,3.3
2026-06-10T01:04:55.566Z,0.01,0.033,3.3
2026-06-10T01:04:55.768Z,0.01,0.033,3.3
2026-06-10T01:04:55.970Z,0.01,0.033,3.3
2026-06-10T01:04:56.170Z,0.01,0.033,3.3
2026-06-10T01:04:56.373Z,0.02,0.066,3.3
2026-06-10T01:04:56.575Z,0.02,0.066,3.3
2026-06-10T01:04:56.776Z,0.02,0.066,3.3
2026-06-10T01:04:56.976Z,0.02,0.066,3.3
2026-06-10T01:04:57.178Z,0.02,0.066,3.3
2026-06-10T01:04:57.379Z,0.01,0.033,3.3
2026-06-10T01:04:57.580Z,0.01,0.033,3.3
2026-06-10T01:04:57.781Z,0.02,0.066,3.3
2026-06-10T01:04:57.983Z,0.02,0.066,3.3
2026-06-10T01:04:58.185Z,0.02,0.066,3.3
2026-06-10T01:04:58.387Z,0.02,0.066,3.3
2026-06-10T01:04:58.588Z,0.02,0.066,3.3
2026-06-10T01:04:58.791Z,0.01,0.033,3.3
2026-06-10T01:04:58.993Z,0.01,0.033,3.3
2026-06-10T01:04:59.194Z,0.01,0.033,3.3
2026-06-10T01:04:59.395Z,0.02,0.066,3.3
2026-06-10T01:04:59.597Z,0.02,0.066,3.3
2026-06-10T01:04:59.797Z,0.02,0.066,3.3
2026-06-10T01:04:59.998Z,0.02,0.066,3.3
2026-06-10T01:05:00.199Z,0.01,0.033,3.3
2026-06-10T01:05:00.400Z,0.01,0.033,3.3
2026-06-10T01:05:00.601Z,0.01,0.033,3.3
2026-06-10T01:05:00.803Z,0.02,0.066,3.3
2026-06-10T01:05:01.004Z,0.02,0.066,3.3
2026-06-10T01:05:01.205Z,0.02,0.066,3.3
2026-06-10T01:05:01.409Z,0.02,0.066,3.3
2026-06-10T01:05:01.608Z,0.02,0.066,3.3
2026-06-10T01:05:01.809Z,0.01,0.033,3.3
2026-06-10T01:05:02.010Z,0.01,0.033,3.3
2026-06-10T01:05:02.212Z,0.01,0.033,3.3
2026-06-10T01:05:02.414Z,0.02,0.066,3.3
2026-06-10T01:05:02.615Z,0.02,0.066,3.3
2026-06-10T01:05:02.815Z,0.02,0.066,3.3
2026-06-10T01:05:03.017Z,0.02,0.066,3.3
2026-06-10T01:05:03.218Z,0.01,0.033,3.3
2026-06-10T01:05:03.419Z,0.01,0.033,3.3
2026-06-10T01:05:03.622Z,0.02,0.066,3.3
2026-06-10T01:05:03.823Z,0.02,0.066,3.3
2026-06-10T01:05:04.024Z,0.02,0.066,3.3
2026-06-10T01:05:04.225Z,0.02,0.066,3.3
2026-06-10T01:05:04.429Z,0.01,0.033,3.3
2026-06-10T01:05:04.631Z,0.01,0.033,3.3
2026-06-10T01:05:04.833Z,0.01,0.033,3.3
2026-06-10T01:05:05.035Z,0.01,0.033,3.3
2026-06-10T01:05:05.236Z,0.01,0.033,3.3
2026-06-10T01:05:05.438Z,0.01,0.033,3.3
2026-06-10T01:05:05.639Z,0.01,0.033,3.3
2026-06-10T01:05:05.841Z,0.02,0.066,3.3
2026-06-10T01:05:06.042Z,0.02,0.066,3.3
2026-06-10T01:05:06.243Z,0.02,0.066,3.3
2026-06-10T01:05:06.445Z,0.01,0.033,3.3
2026-06-10T01:05:06.646Z,0.01,0.033,3.3
2026-06-10T01:05:06.847Z,0.01,0.033,3.3
2026-06-10T01:05:07.048Z,0.01,0.033,3.3
2026-06-10T01:05:07.249Z,0.01,0.033,3.3
2026-06-10T01:05:07.450Z,0.01,0.033,3.3
2026-06-10T01:05:07.651Z,0.01,0.033,3.3
2026-06-10T01:05:07.853Z,0.02,0.066,3.3
2026-06-10T01:05:08.055Z,0.02,0.066,3.3
2026-06-10T01:05:08.255Z,0.02,0.066,3.3
2026-06-10T01:05:08.457Z,0.02,0.066,3.3
2026-06-10T01:05:08.659Z,0.01,0.033,3.3
2026-06-10T01:05:08.860Z,0.02,0.066,3.3
2026-06-10T01:05:09.062Z,0.02,0.066,3.3
2026-06-10T01:05:09.264Z,0.02,0.066,3.3
2026-06-10T01:05:09.467Z,0.03,0.099,3.3
2026-06-10T01:05:09.669Z,0.03,0.099,3.3
2026-06-10T01:05:09.870Z,0.02,0.066,3.3
2026-06-10T01:05:10.071Z,0.02,0.066,3.3
2026-06-10T01:05:10.273Z,0.02,0.066,3.3
2026-06-10T01:05:10.474Z,0.02,0.066,3.3
2026-06-10T01:05:10.675Z,0.02,0.066,3.3
2026-06-10T01:05:10.877Z,0.02,0.066,3.3
2026-06-10T01:05:11.080Z,0.02,0.066,3.3
2026-06-10T01:05:11.281Z,0.02,0.066,3.3
2026-06-10T01:05:11.482Z,0.02,0.066,3.3
2026-06-10T01:05:11.684Z,0.01,0.033,3.3
2026-06-10T01:05:11.886Z,0.01,0.033,3.3
2026-06-10T01:05:12.087Z,0.01,0.033,3.3
2026-06-10T01:05:12.289Z,0.02,0.066,3.3
2026-06-10T01:05:12.490Z,0.02,0.066,3.3
2026-06-10T01:05:12.691Z,0.02,0.066,3.3
2026-06-10T01:05:12.893Z,0.02,0.066,3.3
2026-06-10T01:05:13.094Z,0.01,0.033,3.3
2026-06-10T01:05:13.294Z,0.01,0.033,3.3
2026-06-10T01:05:13.497Z,0.01,0.033,3.3
2026-06-10T01:05:13.698Z,0.01,0.033,3.3
2026-06-10T01:05:13.899Z,0.02,0.066,3.3
2026-06-10T01:05:14.100Z,0.02,0.066,3.3
2026-06-10T01:05:14.302Z,0.02,0.066,3.3
2026-06-10T01:05:14.505Z,0.01,0.033,3.3
2026-06-10T01:05:14.706Z,0.01,0.033,3.3
2026-06-10T01:05:14.907Z,0.01,0.033,3.3
2026-06-10T01:05:15.109Z,0.01,0.033,3.3
2026-06-10T01:05:15.309Z,0.01,0.033,3.3
2026-06-10T01:05:15.510Z,0.01,0.033,3.3
2026-06-10T01:05:15.710Z,0.02,0.066,3.3
2026-06-10T01:05:15.913Z,0.02,0.066,3.3
2026-06-10T01:05:16.114Z,0.02,0.066,3.3
2026-06-10T01:05:16.316Z,0.02,0.066,3.3
2026-06-10T01:05:16.517Z,0.01,0.033,3.3
2026-06-10T01:05:16.720Z,0.01,0.033,3.3
2026-06-10T01:05:16.920Z,0.01,0.033,3.3
2026-06-10T01:05:17.121Z,0.01,0.033,3.3
2026-06-10T01:05:17.322Z,0.02,0.066,3.3
2026-06-10T01:05:17.524Z,0.02,0.066,3.3
2026-06-10T01:05:17.726Z,0.02,0.066,3.3
2026-06-10T01:05:17.927Z,0.01,0.033,3.3
2026-06-10T01:05:18.130Z,0.01,0.033,3.3
2026-06-10T01:05:18.331Z,0.01,0.033,3.3
2026-06-10T01:05:18.532Z,0.01,0.033,3.3
2026-06-10T01:05:18.734Z,0.01,0.033,3.3
2026-06-10T01:05:18.936Z,0.01,0.033,3.3
2026-06-10T01:05:19.137Z,0.01,0.033,3.3
2026-06-10T01:05:19.338Z,0.01,0.033,3.3
2026-06-10T01:05:19.538Z,0.01,0.033,3.3
2026-06-10T01:05:19.739Z,0.01,0.033,3.3
2026-06-10T01:05:19.940Z,0.02,0.066,3.3
2026-06-10T01:05:20.142Z,0.02,0.066,3.3
2026-06-10T01:05:20.343Z,0.02,0.066,3.3
2026-06-10T01:05:20.545Z,0.02,0.066,3.3
2026-06-10T01:05:20.747Z,0.01,0.033,3.3
2026-06-10T01:05:20.950Z,0.01,0.033,3.3
2026-06-10T01:05:21.150Z,0,0,3.3
2026-06-10T01:05:21.351Z,0.01,0.033,3.3
2026-06-10T01:05:21.555Z,0.01,0.033,3.3
2026-06-10T01:05:21.755Z,0.01,0.033,3.3
2026-06-10T01:05:21.956Z,0.01,0.033,3.3
2026-06-10T01:05:22.157Z,0,0,3.3
2026-06-10T01:05:22.358Z,0,0,3.3
2026-06-10T01:05:22.560Z,0.01,0.033,3.3
2026-06-10T01:05:22.760Z,0.01,0.033,3.3
2026-06-10T01:05:22.961Z,0,0,3.3
2026-06-10T01:05:23.164Z,0,0,3.3
2026-06-10T01:05:23.364Z,0,0,3.3
2026-06-10T01:05:23.566Z,0,0,3.3
2026-06-10T01:05:23.768Z,0,0,3.3
2026-06-10T01:05:23.968Z,0,0,3.3
2026-06-10T01:05:24.168Z,0.01,0.033,3.3
2026-06-10T01:05:24.371Z,0.01,0.033,3.3
2026-06-10T01:05:24.573Z,0.01,0.033,3.3
2026-06-10T01:05:24.775Z,0.01,0.033,3.3
2026-06-10T01:05:24.977Z,0.02,0.066,3.3
2026-06-10T01:05:25.178Z,0.02,0.066,3.3
2026-06-10T01:05:25.380Z,0.02,0.066,3.3
2026-06-10T01:05:25.580Z,0.02,0.066,3.3
2026-06-10T01:05:25.781Z,0.01,0.033,3.3
2026-06-10T01:05:25.983Z,0.02,0.066,3.3
2026-06-10T01:05:26.184Z,0.02,0.066,3.3
2026-06-10T01:05:26.385Z,0.01,0.033,3.3
2026-06-10T01:05:26.586Z,0.01,0.033,3.3
2026-06-10T01:05:26.788Z,0.01,0.033,3.3
2026-06-10T01:05:26.990Z,0.01,0.033,3.3
2026-06-10T01:05:27.192Z,0.02,0.066,3.3
2026-06-10T01:05:27.394Z,0.02,0.066,3.3
2026-06-10T01:05:27.595Z,0.02,0.066,3.3
2026-06-10T01:05:27.796Z,0.02,0.066,3.3
2026-06-10T01:05:27.998Z,0.01,0.033,3.3
2026-06-10T01:05:28.201Z,0.01,0.033,3.3
2026-06-10T01:05:28.404Z,0.01,0.033,3.3
2026-06-10T01:05:28.605Z,0.01,0.033,3.3
2026-06-10T01:05:28.805Z,0.01,0.033,3.3
2026-06-10T01:05:29.008Z,0.01,0.033,3.3
2026-06-10T01:05:29.208Z,0.02,0.066,3.3
2026-06-10T01:05:29.410Z,0.02,0.066,3.3
2026-06-10T01:05:29.612Z,0.02,0.066,3.3
2026-06-10T01:05:29.813Z,0.02,0.066,3.3
2026-06-10T01:05:30.016Z,0.01,0.033,3.3
2026-06-10T01:05:30.217Z,0.01,0.033,3.3
2026-06-10T01:05:30.417Z,0.02,0.066,3.3
2026-06-10T01:05:30.619Z,0.02,0.066,3.3
2026-06-10T01:05:30.821Z,0.02,0.066,3.3
2026-06-10T01:05:31.023Z,0.01,0.033,3.3
2026-06-10T01:05:31.223Z,0.02,0.066,3.3
2026-06-10T01:05:31.427Z,0.03,0.099,3.3
2026-06-10T01:05:31.629Z,0.03,0.099,3.3
2026-06-10T01:05:31.830Z,0.02,0.066,3.3
2026-06-10T01:05:32.031Z,0.02,0.066,3.3
2026-06-10T01:05:32.232Z,0.02,0.066,3.3
2026-06-10T01:05:32.434Z,0.02,0.066,3.3
2026-06-10T01:05:32.636Z,0.02,0.066,3.3
2026-06-10T01:05:32.839Z,0.02,0.066,3.3
2026-06-10T01:05:33.041Z,0.02,0.066,3.3
2026-06-10T01:05:33.243Z,0.02,0.066,3.3
2026-06-10T01:05:33.446Z,0.01,0.033,3.3
2026-06-10T01:05:33.647Z,0.01,0.033,3.3
2026-06-10T01:05:33.848Z,0.02,0.066,3.3
2026-06-10T01:05:34.050Z,0.02,0.066,3.3
2026-06-10T01:05:34.251Z,0.02,0.066,3.3
2026-06-10T01:05:34.453Z,0.02,0.066,3.3
2026-06-10T01:05:34.656Z,0.01,0.033,3.3
2026-06-10T01:05:34.857Z,0.01,0.033,3.3
2026-06-10T01:05:35.058Z,0.01,0.033,3.3
2026-06-10T01:05:35.261Z,0.01,0.033,3.3
2026-06-10T01:05:35.463Z,0.01,0.033,3.3
2026-06-10T01:05:35.665Z,0.01,0.033,3.3
2026-06-10T01:05:35.865Z,0.01,0.033,3.3
2026-06-10T01:05:36.066Z,0.02,0.066,3.3
2026-06-10T01:05:36.267Z,0.02,0.066,3.3
2026-06-10T01:05:36.469Z,0.02,0.066,3.3
2026-06-10T01:05:36.672Z,0.02,0.066,3.3
2026-06-10T01:05:36.873Z,0.02,0.066,3.3
2026-06-10T01:05:37.074Z,0.01,0.033,3.3
2026-06-10T01:05:37.276Z,0.01,0.033,3.3
2026-06-10T01:05:37.478Z,0.01,0.033,3.3
2026-06-10T01:05:37.680Z,0.01,0.033,3.3
2026-06-10T01:05:37.880Z,0.01,0.033,3.3
2026-06-10T01:05:38.081Z,0,0,3.3
2026-06-10T01:05:38.282Z,0,0,3.3
2026-06-10T01:05:38.483Z,0,0,3.3
2026-06-10T01:05:38.683Z,0.01,0.033,3.3
2026-06-10T01:05:38.884Z,0.01,0.033,3.3
2026-06-10T01:05:39.085Z,0.01,0.033,3.3
2026-06-10T01:05:39.287Z,0.01,0.033,3.3
2026-06-10T01:05:39.489Z,0.62,2.046,3.3
2026-06-10T01:05:39.690Z,39.59,130.647,3.3
2026-06-10T01:05:39.893Z,63.89,210.837,3.3
2026-06-10T01:05:40.093Z,65.3,215.49,3.3
2026-06-10T01:05:40.294Z,65.54,216.282,3.3
2026-06-10T01:05:40.497Z,72.79,240.207,3.3
2026-06-10T01:05:40.697Z,70.37,232.221,3.3
2026-06-10T01:05:40.902Z,57.85,190.905,3.3
2026-06-10T01:05:41.105Z,54.79,180.807,3.3
2026-06-10T01:05:41.306Z,51.65,170.445,3.3
2026-06-10T01:05:41.509Z,53.86,177.738,3.3
2026-06-10T01:05:41.710Z,61.39,202.587,3.3
2026-06-10T01:05:41.912Z,68.17,224.961,3.3
2026-06-10T01:05:42.114Z,67.46,222.618,3.3
2026-06-10T01:05:42.316Z,62.41,205.953,3.3
2026-06-10T01:05:42.517Z,62.87,207.471,3.3
2026-06-10T01:05:42.717Z,62.16,205.128,3.3
2026-06-10T01:05:42.919Z,61.77,203.841,3.3
2026-06-10T01:05:43.121Z,63.02,207.966,3.3
2026-06-10T01:05:43.321Z,65.23,215.259,3.3
2026-06-10T01:05:43.523Z,97.92,323.136,3.3
2026-06-10T01:05:43.725Z,143.65,474.045,3.3
2026-06-10T01:05:43.929Z,107.61,355.113,3.3
2026-06-10T01:05:44.129Z,104.53,344.949,3.3
2026-06-10T01:05:44.331Z,104.5,344.85,3.3
2026-06-10T01:05:44.532Z,104.13,343.629,3.3
2026-06-10T01:05:44.733Z,105.34,347.622,3.3
2026-06-10T01:05:44.935Z,103.75,342.375,3.3
2026-06-10T01:05:45.135Z,100.82,332.706,3.3
2026-06-10T01:05:45.337Z,104.55,345.015,3.3
2026-06-10T01:05:45.537Z,116.41,384.153,3.3
2026-06-10T01:05:45.742Z,123.31,406.923,3.3
2026-06-10T01:05:45.944Z,108.82,359.106,3.3
2026-06-10T01:05:46.146Z,95.33,314.589,3.3
2026-06-10T01:05:46.347Z,93.33,307.989,3.3
2026-06-10T01:05:46.547Z,93.3,307.89,3.3
2026-06-10T01:05:46.748Z,95.77,316.041,3.3
2026-06-10T01:05:46.950Z,96.53,318.549,3.3
2026-06-10T01:05:47.151Z,97.45,321.585,3.3
2026-06-10T01:05:47.352Z,80.06,264.198,3.3
2026-06-10T01:05:47.553Z,55.02,181.566,3.3
2026-06-10T01:05:47.755Z,31.03,102.399,3.3
2026-06-10T01:05:47.955Z,2.13,7.029,3.3
2026-06-10T01:05:48.158Z,0.34,1.122,3.3
2026-06-10T01:05:48.359Z,0.04,0.132,3.3
2026-06-10T01:05:48.560Z,0.02,0.066,3.3
2026-06-10T01:05:48.762Z,0.02,0.066,3.3
2026-06-10T01:05:48.965Z,0.02,0.066,3.3
2026-06-10T01:05:49.165Z,0.02,0.066,3.3
2026-06-10T01:05:49.371Z,0.01,0.033,3.3
2026-06-10T01:05:49.574Z,0.01,0.033,3.3
2026-06-10T01:05:49.775Z,0.02,0.066,3.3
2026-06-10T01:05:49.977Z,0.02,0.066,3.3
2026-06-10T01:05:50.179Z,0.03,0.099,3.3
2026-06-10T01:05:50.382Z,0.02,0.066,3.3
2026-06-10T01:05:50.581Z,0.02,0.066,3.3
2026-06-10T01:05:50.784Z,0.02,0.066,3.3
2026-06-10T01:05:50.985Z,0.01,0.033,3.3
2026-06-10T01:05:51.186Z,0.02,0.066,3.3
2026-06-10T01:05:51.387Z,0.01,0.033,3.3
2026-06-10T01:05:51.602Z,0.01,0.033,3.3
2026-06-10T01:05:51.804Z,0.01,0.033,3.3
2026-06-10T01:05:52.007Z,0.02,0.066,3.3
2026-06-10T01:05:52.208Z,0.03,0.099,3.3
2026-06-10T01:05:52.415Z,0.02,0.066,3.3
2026-06-10T01:05:52.615Z,0.02,0.066,3.3
2026-06-10T01:05:52.815Z,0.02,0.066,3.3
2026-06-10T01:05:53.017Z,0.02,0.066,3.3
2026-06-10T01:05:53.219Z,0.02,0.066,3.3
2026-06-10T01:05:53.423Z,0.02,0.066,3.3
2026-06-10T01:05:53.624Z,0.01,0.033,3.3
2026-06-10T01:05:53.825Z,0.01,0.033,3.3
2026-06-10T01:05:54.025Z,0.02,0.066,3.3
2026-06-10T01:05:54.227Z,0.02,0.066,3.3
2026-06-10T01:05:54.434Z,0.01,0.033,3.3
2026-06-10T01:05:54.633Z,0.01,0.033,3.3
2026-06-10T01:05:54.835Z,0.01,0.033,3.3
2026-06-10T01:05:55.037Z,0.02,0.066,3.3
2026-06-10T01:05:55.239Z,0.02,0.066,3.3
2026-06-10T01:05:55.444Z,0.02,0.066,3.3
2026-06-10T01:05:55.644Z,0.02,0.066,3.3
2026-06-10T01:05:55.846Z,0.01,0.033,3.3
2026-06-10T01:05:56.048Z,0.01,0.033,3.3
2026-06-10T01:05:56.251Z,0.01,0.033,3.3
2026-06-10T01:05:56.451Z,0.02,0.066,3.3
2026-06-10T01:05:56.652Z,0.02,0.066,3.3
2026-06-10T01:05:56.856Z,0.02,0.066,3.3
2026-06-10T01:05:57.056Z,0.02,0.066,3.3
2026-06-10T01:05:57.257Z,0.02,0.066,3.3
2026-06-10T01:05:57.458Z,0.02,0.066,3.3
2026-06-10T01:05:57.661Z,0.02,0.066,3.3
2026-06-10T01:05:57.865Z,0.02,0.066,3.3
2026-06-10T01:05:58.064Z,0.02,0.066,3.3
2026-06-10T01:05:58.266Z,0.01,0.033,3.3
2026-06-10T01:05:58.467Z,0.01,0.033,3.3
2026-06-10T01:05:58.669Z,0.01,0.033,3.3
2026-06-10T01:05:58.873Z,0.02,0.066,3.3
2026-06-10T01:05:59.075Z,0.02,0.066,3.3
2026-06-10T01:05:59.275Z,0.03,0.099,3.3
2026-06-10T01:05:59.477Z,0.02,0.066,3.3
2026-06-10T01:05:59.679Z,0.02,0.066,3.3
2026-06-10T01:05:59.882Z,0.02,0.066,3.3
2026-06-10T01:06:00.084Z,0.02,0.066,3.3
2026-06-10T01:06:00.285Z,0.02,0.066,3.3
2026-06-10T01:06:00.486Z,0.02,0.066,3.3
2026-06-10T01:06:00.693Z,0.02,0.066,3.3
2026-06-10T01:06:00.892Z,0.02,0.066,3.3
2026-06-10T01:06:01.093Z,0.02,0.066,3.3
2026-06-10T01:06:01.294Z,0.02,0.066,3.3
2026-06-10T01:06:01.495Z,0.02,0.066,3.3
2026-06-10T01:06:01.698Z,0.02,0.066,3.3
2026-06-10T01:06:01.901Z,0.02,0.066,3.3
2026-06-10T01:06:02.102Z,0.02,0.066,3.3
2026-06-10T01:06:02.303Z,0.02,0.066,3.3
2026-06-10T01:06:02.506Z,0.02,0.066,3.3
2026-06-10T01:06:02.707Z,0.02,0.066,3.3
2026-06-10T01:06:02.909Z,0.02,0.066,3.3
2026-06-10T01:06:03.110Z,0.02,0.066,3.3
2026-06-10T01:06:03.315Z,0.01,0.033,3.3
2026-06-10T01:06:03.517Z,0.01,0.033,3.3
2026-06-10T01:06:03.718Z,0.01,0.033,3.3
2026-06-10T01:06:03.919Z,0.01,0.033,3.3
2026-06-10T01:06:04.123Z,0.01,0.033,3.3
2026-06-10T01:06:04.325Z,0.02,0.066,3.3
2026-06-10T01:06:04.526Z,0.02,0.066,3.3
2026-06-10T01:06:04.728Z,0.02,0.066,3.3
2026-06-10T01:06:04.928Z,0.02,0.066,3.3
2026-06-10T01:06:05.129Z,0.01,0.033,3.3
2026-06-10T01:06:05.331Z,0.01,0.033,3.3
2026-06-10T01:06:05.533Z,0.02,0.066,3.3
2026-06-10T01:06:05.734Z,0.02,0.066,3.3
2026-06-10T01:06:05.934Z,0.02,0.066,3.3
2026-06-10T01:06:06.135Z,0.02,0.066,3.3
2026-06-10T01:06:06.339Z,0.02,0.066,3.3
2026-06-10T01:06:06.540Z,0.02,0.066,3.3
2026-06-10T01:06:06.741Z,0.01,0.033,3.3
2026-06-10T01:06:06.943Z,0.01,0.033,3.3
2026-06-10T01:06:07.145Z,0.02,0.066,3.3
2026-06-10T01:06:07.349Z,0.02,0.066,3.3
2026-06-10T01:06:07.548Z,0.02,0.066,3.3
2026-06-10T01:06:07.750Z,0.02,0.066,3.3
2026-06-10T01:06:07.952Z,0.02,0.066,3.3
2026-06-10T01:06:08.153Z,0.02,0.066,3.3
2026-06-10T01:06:08.353Z,0.01,0.033,3.3
2026-06-10T01:06:08.553Z,0.01,0.033,3.3
2026-06-10T01:06:08.754Z,0.01,0.033,3.3
2026-06-10T01:06:08.957Z,0.01,0.033,3.3
2026-06-10T01:06:09.158Z,0.02,0.066,3.3
2026-06-10T01:06:09.360Z,0.02,0.066,3.3
2026-06-10T01:06:09.564Z,0.02,0.066,3.3
2026-06-10T01:06:09.765Z,0.02,0.066,3.3
2026-06-10T01:06:09.967Z,0.02,0.066,3.3
2026-06-10T01:06:10.168Z,0.02,0.066,3.3
2026-06-10T01:06:10.370Z,0.01,0.033,3.3
2026-06-10T01:06:10.570Z,0.01,0.033,3.3
2026-06-10T01:06:10.773Z,0.01,0.033,3.3
2026-06-10T01:06:10.973Z,0.01,0.033,3.3
2026-06-10T01:06:11.173Z,0.02,0.066,3.3
2026-06-10T01:06:11.375Z,0.02,0.066,3.3
2026-06-10T01:06:11.576Z,0.01,0.033,3.3
2026-06-10T01:06:11.777Z,0.01,0.033,3.3
2026-06-10T01:06:11.981Z,0.01,0.033,3.3
2026-06-10T01:06:12.181Z,0.02,0.066,3.3
2026-06-10T01:06:12.382Z,0.02,0.066,3.3
2026-06-10T01:06:12.585Z,0.02,0.066,3.3
2026-06-10T01:06:12.788Z,0.02,0.066,3.3
2026-06-10T01:06:12.989Z,0.01,0.033,3.3
2026-06-10T01:06:13.192Z,0.01,0.033,3.3
2026-06-10T01:06:13.392Z,0.02,0.066,3.3
2026-06-10T01:06:13.594Z,0.02,0.066,3.3
2026-06-10T01:06:13.795Z,0.02,0.066,3.3
2026-06-10T01:06:13.998Z,0.02,0.066,3.3
2026-06-10T01:06:14.199Z,0.01,0.033,3.3
2026-06-10T01:06:14.401Z,0.01,0.033,3.3
2026-06-10T01:06:14.601Z,0.02,0.066,3.3
2026-06-10T01:06:14.803Z,0.02,0.066,3.3
2026-06-10T01:06:15.004Z,0.02,0.066,3.3
2026-06-10T01:06:15.208Z,0.02,0.066,3.3
2026-06-10T01:06:15.412Z,0.02,0.066,3.3
2026-06-10T01:06:15.611Z,0.02,0.066,3.3
2026-06-10T01:06:15.814Z,0.02,0.066,3.3
2026-06-10T01:06:16.016Z,0.01,0.033,3.3
2026-06-10T01:06:16.217Z,0.01,0.033,3.3
2026-06-10T01:06:16.419Z,0.01,0.033,3.3
2026-06-10T01:06:16.621Z,0.02,0.066,3.3
2026-06-10T01:06:16.823Z,0.02,0.066,3.3
2026-06-10T01:06:17.024Z,0.02,0.066,3.3
2026-06-10T01:06:17.225Z,0.02,0.066,3.3
2026-06-10T01:06:17.427Z,0.02,0.066,3.3
2026-06-10T01:06:17.631Z,0.01,0.033,3.3
2026-06-10T01:06:17.831Z,0.02,0.066,3.3
2026-06-10T01:06:18.033Z,0.02,0.066,3.3
2026-06-10T01:06:18.234Z,0.01,0.033,3.3
2026-06-10T01:06:18.437Z,0.02,0.066,3.3
2026-06-10T01:06:18.639Z,0.02,0.066,3.3
2026-06-10T01:06:18.841Z,0.02,0.066,3.3
2026-06-10T01:06:19.043Z,0.02,0.066,3.3
2026-06-10T01:06:19.245Z,0.02,0.066,3.3
2026-06-10T01:06:19.449Z,0.01,0.033,3.3
2026-06-10T01:06:19.649Z,0.01,0.033,3.3
2026-06-10T01:06:19.851Z,0.01,0.033,3.3
2026-06-10T01:06:20.051Z,0.01,0.033,3.3
2026-06-10T01:06:20.253Z,0.02,0.066,3.3
2026-06-10T01:06:20.453Z,0.02,0.066,3.3
2026-06-10T01:06:20.655Z,0.02,0.066,3.3
2026-06-10T01:06:20.857Z,0.03,0.099,3.3
2026-06-10T01:06:21.059Z,0.02,0.066,3.3
2026-06-10T01:06:21.260Z,0.02,0.066,3.3
2026-06-10T01:06:21.465Z,0.01,0.033,3.3
2026-06-10T01:06:21.667Z,0.01,0.033,3.3
2026-06-10T01:06:21.869Z,0.01,0.033,3.3
2026-06-10T01:06:22.070Z,0.02,0.066,3.3
2026-06-10T01:06:22.272Z,0.02,0.066,3.3
2026-06-10T01:06:22.474Z,0.02,0.066,3.3
2026-06-10T01:06:22.676Z,0.02,0.066,3.3
2026-06-10T01:06:22.877Z,0.02,0.066,3.3
2026-06-10T01:06:23.079Z,0.02,0.066,3.3
2026-06-10T01:06:23.280Z,0.02,0.066,3.3
2026-06-10T01:06:23.482Z,0.02,0.066,3.3
2026-06-10T01:06:23.683Z,0.02,0.066,3.3
2026-06-10T01:06:23.884Z,0.02,0.066,3.3
2026-06-10T01:06:24.087Z,0.02,0.066,3.3
2026-06-10T01:06:24.287Z,0.02,0.066,3.3
2026-06-10T01:06:24.489Z,0.01,0.033,3.3
2026-06-10T01:06:24.690Z,0.01,0.033,3.3
2026-06-10T01:06:24.891Z,0.02,0.066,3.3
2026-06-10T01:06:25.091Z,0.02,0.066,3.3
2026-06-10T01:06:25.293Z,0.02,0.066,3.3
2026-06-10T01:06:25.495Z,0.02,0.066,3.3
2026-06-10T01:06:25.696Z,0.01,0.033,3.3
2026-06-10T01:06:25.898Z,0.01,0.033,3.3
2026-06-10T01:06:26.100Z,0.02,0.066,3.3
2026-06-10T01:06:26.301Z,0.02,0.066,3.3
2026-06-10T01:06:26.502Z,0.02,0.066,3.3
2026-06-10T01:06:26.703Z,0.01,0.033,3.3
2026-06-10T01:06:26.905Z,0.01,0.033,3.3
2026-06-10T01:06:27.107Z,0.01,0.033,3.3
2026-06-10T01:06:27.309Z,0.01,0.033,3.3
2026-06-10T01:06:27.512Z,0.01,0.033,3.3
2026-06-10T01:06:27.713Z,0.01,0.033,3.3
2026-06-10T01:06:27.914Z,0.02,0.066,3.3
2026-06-10T01:06:28.115Z,0.02,0.066,3.3
2026-06-10T01:06:28.316Z,0.02,0.066,3.3
2026-06-10T01:06:28.518Z,0.02,0.066,3.3
2026-06-10T01:06:28.719Z,0.02,0.066,3.3
2026-06-10T01:06:28.922Z,0.01,0.033,3.3
2026-06-10T01:06:29.120Z,0.01,0.033,3.3
2026-06-10T01:06:29.321Z,0.01,0.033,3.3
2026-06-10T01:06:29.522Z,0.02,0.066,3.3
2026-06-10T01:06:29.723Z,0.02,0.066,3.3
2026-06-10T01:06:29.925Z,0.02,0.066,3.3
2026-06-10T01:06:30.126Z,0.02,0.066,3.3
2026-06-10T01:06:30.328Z,0.02,0.066,3.3
2026-06-10T01:06:30.528Z,0.02,0.066,3.3
2026-06-10T01:06:30.729Z,0.01,0.033,3.3
2026-06-10T01:06:30.931Z,0.01,0.033,3.3
2026-06-10T01:06:31.132Z,0.02,0.066,3.3
2026-06-10T01:06:31.334Z,0.02,0.066,3.3
2026-06-10T01:06:31.536Z,0.02,0.066,3.3
2026-06-10T01:06:31.736Z,0.02,0.066,3.3
2026-06-10T01:06:31.938Z,0.01,0.033,3.3
2026-06-10T01:06:32.140Z,0.01,0.033,3.3
2026-06-10T01:06:32.342Z,0.01,0.033,3.3
2026-06-10T01:06:32.544Z,0.02,0.066,3.3
2026-06-10T01:06:32.746Z,0.02,0.066,3.3
2026-06-10T01:06:32.947Z,0.02,0.066,3.3
2026-06-10T01:06:33.148Z,0.02,0.066,3.3
2026-06-10T01:06:33.349Z,0.02,0.066,3.3
2026-06-10T01:06:33.551Z,0.02,0.066,3.3
2026-06-10T01:06:33.752Z,0.02,0.066,3.3
2026-06-10T01:06:33.954Z,0.02,0.066,3.3
2026-06-10T01:06:34.156Z,0.01,0.033,3.3
2026-06-10T01:06:34.356Z,0.01,0.033,3.3
2026-06-10T01:06:34.557Z,0.01,0.033,3.3
2026-06-10T01:06:34.759Z,0.02,0.066,3.3
2026-06-10T01:06:34.959Z,0.02,0.066,3.3
2026-06-10T01:06:35.161Z,0.02,0.066,3.3
2026-06-10T01:06:35.363Z,0.02,0.066,3.3
2026-06-10T01:06:35.563Z,0.02,0.066,3.3
2026-06-10T01:06:35.765Z,0.02,0.066,3.3
2026-06-10T01:06:35.966Z,0.02,0.066,3.3
2026-06-10T01:06:36.168Z,0.01,0.033,3.3
2026-06-10T01:06:36.369Z,0.01,0.033,3.3
2026-06-10T01:06:36.570Z,0.02,0.066,3.3
2026-06-10T01:06:36.770Z,0.02,0.066,3.3
2026-06-10T01:06:36.972Z,0.02,0.066,3.3
2026-06-10T01:06:37.173Z,0.02,0.066,3.3
2026-06-10T01:06:37.375Z,0.01,0.033,3.3
2026-06-10T01:06:37.578Z,0.01,0.033,3.3
2026-06-10T01:06:37.779Z,0.01,0.033,3.3
2026-06-10T01:06:37.980Z,0.01,0.033,3.3
2026-06-10T01:06:38.181Z,0.02,0.066,3.3
2026-06-10T01:06:38.380Z,0.02,0.066,3.3
2026-06-10T01:06:38.583Z,0.02,0.066,3.3
2026-06-10T01:06:38.785Z,0.01,0.033,3.3
2026-06-10T01:06:38.988Z,0.01,0.033,3.3
2026-06-10T01:06:39.189Z,0.01,0.033,3.3
2026-06-10T01:06:39.391Z,0.02,0.066,3.3
2026-06-10T01:06:39.594Z,0.02,0.066,3.3
2026-06-10T01:06:39.793Z,0.02,0.066,3.3
2026-06-10T01:06:39.996Z,0.02,0.066,3.3
2026-06-10T01:06:40.197Z,13.13,43.329,3.3
2026-06-10T01:06:40.398Z,54.18,178.794,3.3
2026-06-10T01:06:40.600Z,65.4,215.82,3.3
2026-06-10T01:06:40.801Z,64.97,214.401,3.3
2026-06-10T01:06:41.002Z,70.33,232.089,3.3
2026-06-10T01:06:41.204Z,71.73,236.709,3.3
2026-06-10T01:06:41.410Z,64.3,212.19,3.3
2026-06-10T01:06:41.605Z,56.53,186.549,3.3
2026-06-10T01:06:41.806Z,52.84,174.372,3.3
2026-06-10T01:06:42.008Z,51.69,170.577,3.3
2026-06-10T01:06:42.210Z,56.35,185.955,3.3
2026-06-10T01:06:42.413Z,64.24,211.992,3.3
2026-06-10T01:06:42.613Z,68.19,225.027,3.3
2026-06-10T01:06:42.814Z,66.57,219.681,3.3
2026-06-10T01:06:43.016Z,62.49,206.217,3.3
2026-06-10T01:06:43.217Z,64.06,211.398,3.3
2026-06-10T01:06:43.419Z,64.68,213.444,3.3
2026-06-10T01:06:43.619Z,65.29,215.457,3.3
2026-06-10T01:06:43.821Z,62.77,207.141,3.3
2026-06-10T01:06:44.023Z,63.02,207.966,3.3
2026-06-10T01:06:44.225Z,69.78,230.274,3.3
2026-06-10T01:06:44.428Z,124.19,409.827,3.3
2026-06-10T01:06:44.630Z,125.66,414.678,3.3
2026-06-10T01:06:44.831Z,140.49,463.617,3.3
2026-06-10T01:06:45.031Z,122.09,402.897,3.3
2026-06-10T01:06:45.232Z,106.45,351.285,3.3
2026-06-10T01:06:45.436Z,103.84,342.672,3.3
2026-06-10T01:06:45.636Z,104.33,344.289,3.3
2026-06-10T01:06:45.838Z,105.08,346.764,3.3
2026-06-10T01:06:46.039Z,109.38,360.954,3.3
2026-06-10T01:06:46.241Z,121.44,400.752,3.3
2026-06-10T01:06:46.442Z,116.24,383.592,3.3
2026-06-10T01:06:46.642Z,98.04,323.532,3.3
2026-06-10T01:06:46.845Z,93.37,308.121,3.3
2026-06-10T01:06:47.047Z,93.08,307.164,3.3
2026-06-10T01:06:47.249Z,94.56,312.048,3.3
2026-06-10T01:06:47.451Z,98.07,323.631,3.3
2026-06-10T01:06:47.652Z,105.23,347.259,3.3
2026-06-10T01:06:47.854Z,92.01,303.633,3.3
2026-06-10T01:06:48.055Z,62.37,205.821,3.3
2026-06-10T01:06:48.258Z,41.41,136.653,3.3
2026-06-10T01:06:48.457Z,10.25,33.825,3.3
2026-06-10T01:06:48.658Z,0.95,3.135,3.3
2026-06-10T01:06:48.859Z,0.07,0.231,3.3
2026-06-10T01:06:49.060Z,0.04,0.132,3.3
2026-06-10T01:06:49.261Z,0.03,0.099,3.3
2026-06-10T01:06:49.464Z,0.02,0.066,3.3
2026-06-10T01:06:49.664Z,0.02,0.066,3.3
2026-06-10T01:06:49.866Z,0.02,0.066,3.3
2026-06-10T01:06:50.067Z,0.02,0.066,3.3
2026-06-10T01:06:50.268Z,0.02,0.066,3.3
2026-06-10T01:06:50.470Z,0.02,0.066,3.3
2026-06-10T01:06:50.672Z,0.01,0.033,3.3
2026-06-10T01:06:50.874Z,0.01,0.033,3.3
2026-06-10T01:06:51.077Z,0.02,0.066,3.3
2026-06-10T01:06:51.279Z,0.02,0.066,3.3
2026-06-10T01:06:51.480Z,0.03,0.099,3.3
2026-06-10T01:06:51.682Z,0.03,0.099,3.3
2026-06-10T01:06:51.883Z,0.02,0.066,3.3
2026-06-10T01:06:52.085Z,0.02,0.066,3.3
2026-06-10T01:06:52.286Z,0.01,0.033,3.3
2026-06-10T01:06:52.487Z,0.01,0.033,3.3
2026-06-10T01:06:52.690Z,0.02,0.066,3.3
2026-06-10T01:06:52.890Z,0.02,0.066,3.3
2026-06-10T01:06:53.091Z,0.02,0.066,3.3
2026-06-10T01:06:53.294Z,0.02,0.066,3.3
2026-06-10T01:06:53.495Z,0.01,0.033,3.3
2026-06-10T01:06:53.696Z,0.01,0.033,3.3
2026-06-10T01:06:53.898Z,0.01,0.033,3.3
2026-06-10T01:06:54.100Z,0.02,0.066,3.3
2026-06-10T01:06:54.302Z,0.02,0.066,3.3
2026-06-10T01:06:54.504Z,0.03,0.099,3.3
2026-06-10T01:06:54.706Z,0.02,0.066,3.3
2026-06-10T01:06:54.907Z,0.02,0.066,3.3
2026-06-10T01:06:55.108Z,0.02,0.066,3.3
2026-06-10T01:06:55.309Z,0.02,0.066,3.3
2026-06-10T01:06:55.510Z,0.02,0.066,3.3
2026-06-10T01:06:55.712Z,0.02,0.066,3.3
2026-06-10T01:06:55.914Z,0.02,0.066,3.3
2026-06-10T01:06:56.115Z,0.02,0.066,3.3
2026-06-10T01:06:56.316Z,0.01,0.033,3.3
2026-06-10T01:06:56.517Z,0.01,0.033,3.3
2026-06-10T01:06:56.718Z,0.02,0.066,3.3
2026-06-10T01:06:56.920Z,0.02,0.066,3.3
2026-06-10T01:06:57.121Z,0.02,0.066,3.3
2026-06-10T01:06:57.324Z,0.02,0.066,3.3
2026-06-10T01:06:57.525Z,0.02,0.066,3.3
2026-06-10T01:06:57.726Z,0.02,0.066,3.3
2026-06-10T01:06:57.927Z,0.02,0.066,3.3
2026-06-10T01:06:58.127Z,0.02,0.066,3.3
2026-06-10T01:06:58.328Z,0.02,0.066,3.3
2026-06-10T01:06:58.528Z,0.02,0.066,3.3
2026-06-10T01:06:58.729Z,0.02,0.066,3.3
2026-06-10T01:06:58.932Z,0.02,0.066,3.3
2026-06-10T01:06:59.133Z,0.01,0.033,3.3
2026-06-10T01:06:59.334Z,0.02,0.066,3.3
2026-06-10T01:06:59.535Z,0.02,0.066,3.3
2026-06-10T01:06:59.736Z,0.02,0.066,3.3
2026-06-10T01:06:59.938Z,0.02,0.066,3.3
2026-06-10T01:07:00.140Z,0.02,0.066,3.3
2026-06-10T01:07:00.342Z,0.01,0.033,3.3
2026-06-10T01:07:00.543Z,0.01,0.033,3.3
2026-06-10T01:07:00.745Z,0.02,0.066,3.3
2026-06-10T01:07:00.947Z,0.02,0.066,3.3
2026-06-10T01:07:01.150Z,0.02,0.066,3.3
2026-06-10T01:07:01.350Z,0.02,0.066,3.3
2026-06-10T01:07:01.552Z,0.01,0.033,3.3
2026-06-10T01:07:01.755Z,0.01,0.033,3.3
2026-06-10T01:07:01.957Z,0.02,0.066,3.3
2026-06-10T01:07:02.158Z,0.02,0.066,3.3
2026-06-10T01:07:02.360Z,0.02,0.066,3.3
2026-06-10T01:07:02.560Z,0.02,0.066,3.3
2026-06-10T01:07:02.762Z,0.02,0.066,3.3
2026-06-10T01:07:02.963Z,0.01,0.033,3.3
2026-06-10T01:07:03.164Z,0,0,3.3
2026-06-10T01:07:03.364Z,0,0,3.3
2026-06-10T01:07:03.565Z,0.01,0.033,3.3
2026-06-10T01:07:03.767Z,0,0,3.3
2026-06-10T01:07:03.969Z,0,0,3.3
2026-06-10T01:07:04.171Z,0,0,3.3
2026-06-10T01:07:04.372Z,0.01,0.033,3.3
2026-06-10T01:07:04.573Z,0.01,0.033,3.3
2026-06-10T01:07:04.774Z,0.01,0.033,3.3
2026-06-10T01:07:04.976Z,0.01,0.033,3.3
2026-06-10T01:07:05.176Z,0.01,0.033,3.3
2026-06-10T01:07:05.378Z,0.02,0.066,3.3
2026-06-10T01:07:05.580Z,0.02,0.066,3.3
2026-06-10T01:07:05.780Z,0.02,0.066,3.3
2026-06-10T01:07:05.982Z,0.02,0.066,3.3
2026-06-10T01:07:06.184Z,0.02,0.066,3.3
2026-06-10T01:07:06.386Z,0.02,0.066,3.3
2026-06-10T01:07:06.586Z,0.01,0.033,3.3
2026-06-10T01:07:06.787Z,0.01,0.033,3.3
2026-06-10T01:07:06.988Z,0.01,0.033,3.3
2026-06-10T01:07:07.189Z,0.01,0.033,3.3
2026-06-10T01:07:07.389Z,0.02,0.066,3.3
2026-06-10T01:07:07.592Z,0.02,0.066,3.3
2026-06-10T01:07:07.793Z,0.02,0.066,3.3
2026-06-10T01:07:07.994Z,0.01,0.033,3.3
2026-06-10T01:07:08.195Z,0.01,0.033,3.3
2026-06-10T01:07:08.398Z,0.02,0.066,3.3
2026-06-10T01:07:08.596Z,0.02,0.066,3.3
2026-06-10T01:07:08.797Z,0.02,0.066,3.3
2026-06-10T01:07:09.000Z,0.02,0.066,3.3
2026-06-10T01:07:09.201Z,0.01,0.033,3.3
2026-06-10T01:07:09.404Z,0.01,0.033,3.3
2026-06-10T01:07:09.604Z,0.01,0.033,3.3
2026-06-10T01:07:09.807Z,0.02,0.066,3.3
2026-06-10T01:07:10.008Z,0.02,0.066,3.3
2026-06-10T01:07:10.210Z,0.02,0.066,3.3
2026-06-10T01:07:10.411Z,0.01,0.033,3.3
2026-06-10T01:07:10.612Z,0.01,0.033,3.3
2026-06-10T01:07:10.813Z,0.01,0.033,3.3
2026-06-10T01:07:11.014Z,0.01,0.033,3.3
2026-06-10T01:07:11.215Z,0.01,0.033,3.3
2026-06-10T01:07:11.416Z,0.02,0.066,3.3
2026-06-10T01:07:11.618Z,0.02,0.066,3.3
2026-06-10T01:07:11.820Z,0.02,0.066,3.3
2026-06-10T01:07:12.021Z,0.02,0.066,3.3
2026-06-10T01:07:12.222Z,0.02,0.066,3.3
2026-06-10T01:07:12.422Z,0.02,0.066,3.3
2026-06-10T01:07:12.624Z,0.01,0.033,3.3
2026-06-10T01:07:12.824Z,0.02,0.066,3.3
2026-06-10T01:07:13.025Z,0.02,0.066,3.3
2026-06-10T01:07:13.228Z,0.02,0.066,3.3
2026-06-10T01:07:13.435Z,0.02,0.066,3.3
2026-06-10T01:07:13.636Z,0.01,0.033,3.3
2026-06-10T01:07:13.837Z,0.01,0.033,3.3
2026-06-10T01:07:14.039Z,0.01,0.033,3.3
2026-06-10T01:07:14.240Z,0.01,0.033,3.3
2026-06-10T01:07:14.441Z,0.02,0.066,3.3
2026-06-10T01:07:14.643Z,0.02,0.066,3.3
2026-06-10T01:07:14.845Z,0.02,0.066,3.3
2026-06-10T01:07:15.046Z,0.02,0.066,3.3
2026-06-10T01:07:15.247Z,0.02,0.066,3.3
2026-06-10T01:07:15.450Z,0.02,0.066,3.3
2026-06-10T01:07:15.652Z,0.01,0.033,3.3
2026-06-10T01:07:15.855Z,0.01,0.033,3.3
2026-06-10T01:07:16.056Z,0.01,0.033,3.3
2026-06-10T01:07:16.258Z,0.02,0.066,3.3
2026-06-10T01:07:16.461Z,0.02,0.066,3.3
2026-06-10T01:07:16.662Z,0.03,0.099,3.3
2026-06-10T01:07:16.863Z,0.03,0.099,3.3
2026-06-10T01:07:17.065Z,0.02,0.066,3.3
2026-06-10T01:07:17.267Z,0.01,0.033,3.3
2026-06-10T01:07:17.469Z,0.01,0.033,3.3
2026-06-10T01:07:17.671Z,0.01,0.033,3.3
2026-06-10T01:07:17.872Z,0.01,0.033,3.3
2026-06-10T01:07:18.073Z,0.02,0.066,3.3
2026-06-10T01:07:18.275Z,0.02,0.066,3.3
2026-06-10T01:07:18.476Z,0.02,0.066,3.3
2026-06-10T01:07:18.677Z,0.02,0.066,3.3
2026-06-10T01:07:18.880Z,0.02,0.066,3.3
2026-06-10T01:07:19.080Z,0.02,0.066,3.3
2026-06-10T01:07:19.281Z,0.02,0.066,3.3
2026-06-10T01:07:19.482Z,0.02,0.066,3.3
2026-06-10T01:07:19.683Z,0.02,0.066,3.3
2026-06-10T01:07:19.886Z,0.02,0.066,3.3
2026-06-10T01:07:20.088Z,0.01,0.033,3.3
2026-06-10T01:07:20.290Z,0.02,0.066,3.3
2026-06-10T01:07:20.490Z,0.02,0.066,3.3
2026-06-10T01:07:20.692Z,0.02,0.066,3.3
2026-06-10T01:07:20.893Z,0.02,0.066,3.3
2026-06-10T01:07:21.093Z,0.02,0.066,3.3
2026-06-10T01:07:21.295Z,0.02,0.066,3.3
2026-06-10T01:07:21.495Z,0.02,0.066,3.3
2026-06-10T01:07:21.696Z,0.02,0.066,3.3
2026-06-10T01:07:21.897Z,0.02,0.066,3.3
2026-06-10T01:07:22.099Z,0.02,0.066,3.3
2026-06-10T01:07:22.301Z,0.02,0.066,3.3
2026-06-10T01:07:22.503Z,0.01,0.033,3.3
2026-06-10T01:07:22.704Z,0.01,0.033,3.3
2026-06-10T01:07:22.906Z,0.02,0.066,3.3
2026-06-10T01:07:23.107Z,0.02,0.066,3.3
2026-06-10T01:07:23.309Z,0.02,0.066,3.3
2026-06-10T01:07:23.510Z,0.02,0.066,3.3
2026-06-10T01:07:23.710Z,0.02,0.066,3.3
2026-06-10T01:07:23.912Z,0.02,0.066,3.3
2026-06-10T01:07:24.113Z,0.02,0.066,3.3
2026-06-10T01:07:24.314Z,0.02,0.066,3.3
2026-06-10T01:07:24.516Z,0.02,0.066,3.3
2026-06-10T01:07:24.716Z,0.02,0.066,3.3
2026-06-10T01:07:24.918Z,0.02,0.066,3.3
2026-06-10T01:07:25.119Z,0.01,0.033,3.3
2026-06-10T01:07:25.319Z,0.01,0.033,3.3
2026-06-10T01:07:25.521Z,0.01,0.033,3.3
2026-06-10T01:07:25.723Z,0.02,0.066,3.3
2026-06-10T01:07:25.924Z,0.02,0.066,3.3
2026-06-10T01:07:26.125Z,0.02,0.066,3.3
2026-06-10T01:07:26.326Z,0.02,0.066,3.3
2026-06-10T01:07:26.527Z,0.02,0.066,3.3
2026-06-10T01:07:26.728Z,0.01,0.033,3.3
2026-06-10T01:07:26.930Z,0.01,0.033,3.3
2026-06-10T01:07:27.132Z,0.01,0.033,3.3
2026-06-10T01:07:27.334Z,0.01,0.033,3.3
2026-06-10T01:07:27.535Z,0.02,0.066,3.3
2026-06-10T01:07:27.736Z,0.02,0.066,3.3
2026-06-10T01:07:27.938Z,0.02,0.066,3.3
2026-06-10T01:07:28.138Z,0.02,0.066,3.3
2026-06-10T01:07:28.339Z,0.02,0.066,3.3
2026-06-10T01:07:28.540Z,0.01,0.033,3.3
2026-06-10T01:07:28.742Z,0.01,0.033,3.3
2026-06-10T01:07:28.945Z,0.02,0.066,3.3
2026-06-10T01:07:29.146Z,0.02,0.066,3.3
2026-06-10T01:07:29.345Z,0.02,0.066,3.3
2026-06-10T01:07:29.548Z,0.02,0.066,3.3
2026-06-10T01:07:29.749Z,0.01,0.033,3.3
2026-06-10T01:07:29.950Z,0.01,0.033,3.3
2026-06-10T01:07:30.151Z,0.01,0.033,3.3
2026-06-10T01:07:30.352Z,0.02,0.066,3.3
2026-06-10T01:07:30.553Z,0.02,0.066,3.3
2026-06-10T01:07:30.755Z,0.02,0.066,3.3
2026-06-10T01:07:30.957Z,0.02,0.066,3.3
2026-06-10T01:07:31.158Z,0.02,0.066,3.3
2026-06-10T01:07:31.359Z,0.01,0.033,3.3
2026-06-10T01:07:31.561Z,0.02,0.066,3.3
2026-06-10T01:07:31.761Z,0.02,0.066,3.3
2026-06-10T01:07:31.963Z,0.02,0.066,3.3
2026-06-10T01:07:32.164Z,0.02,0.066,3.3
2026-06-10T01:07:32.365Z,0.02,0.066,3.3
2026-06-10T01:07:32.567Z,0.02,0.066,3.3
2026-06-10T01:07:32.769Z,0.01,0.033,3.3
2026-06-10T01:07:32.972Z,0.02,0.066,3.3
2026-06-10T01:07:33.173Z,0.02,0.066,3.3
2026-06-10T01:07:33.374Z,0.01,0.033,3.3
2026-06-10T01:07:33.575Z,0.02,0.066,3.3
2026-06-10T01:07:33.776Z,0.01,0.033,3.3
2026-06-10T01:07:33.977Z,0.01,0.033,3.3
2026-06-10T01:07:34.178Z,0.01,0.033,3.3
2026-06-10T01:07:34.379Z,0.02,0.066,3.3
2026-06-10T01:07:34.580Z,0.02,0.066,3.3
2026-06-10T01:07:34.783Z,0.02,0.066,3.3
2026-06-10T01:07:34.985Z,0.01,0.033,3.3
2026-06-10T01:07:35.186Z,0.01,0.033,3.3
2026-06-10T01:07:35.387Z,0.01,0.033,3.3
2026-06-10T01:07:35.588Z,0.01,0.033,3.3
2026-06-10T01:07:35.791Z,0.01,0.033,3.3
2026-06-10T01:07:35.992Z,0.01,0.033,3.3
2026-06-10T01:07:36.194Z,0.02,0.066,3.3
2026-06-10T01:07:36.394Z,0.02,0.066,3.3
2026-06-10T01:07:36.596Z,0.02,0.066,3.3
2026-06-10T01:07:36.799Z,0.02,0.066,3.3
2026-06-10T01:07:37.000Z,0.02,0.066,3.3
2026-06-10T01:07:37.202Z,0.01,0.033,3.3
2026-06-10T01:07:37.405Z,0.01,0.033,3.3
2026-06-10T01:07:37.606Z,0.01,0.033,3.3
2026-06-10T01:07:37.807Z,0.01,0.033,3.3
2026-06-10T01:07:38.009Z,0.01,0.033,3.3
2026-06-10T01:07:38.209Z,0.01,0.033,3.3
2026-06-10T01:07:38.413Z,0.01,0.033,3.3
2026-06-10T01:07:38.614Z,0.01,0.033,3.3
2026-06-10T01:07:38.815Z,0.01,0.033,3.3
2026-06-10T01:07:39.016Z,0.02,0.066,3.3
2026-06-10T01:07:39.218Z,0.02,0.066,3.3
2026-06-10T01:07:39.420Z,0.01,0.033,3.3
2026-06-10T01:07:39.620Z,0.01,0.033,3.3
2026-06-10T01:07:39.822Z,2.4,7.92,3.3
2026-06-10T01:07:40.023Z,43.16,142.428,3.3
2026-06-10T01:07:40.224Z,64.32,212.256,3.3
2026-06-10T01:07:40.439Z,65.16,215.028,3.3
2026-06-10T01:07:40.639Z,66.6,219.78,3.3
2026-06-10T01:07:40.840Z,72.48,239.184,3.3
2026-06-10T01:07:41.042Z,68.93,227.469,3.3
2026-06-10T01:07:41.244Z,57.13,188.529,3.3
2026-06-10T01:07:41.447Z,54.33,179.289,3.3
2026-06-10T01:07:41.649Z,51.67,170.511,3.3
2026-06-10T01:07:41.850Z,55.16,182.028,3.3
2026-06-10T01:07:42.050Z,62.21,205.293,3.3
2026-06-10T01:07:42.252Z,68.42,225.786,3.3
2026-06-10T01:07:42.453Z,67.71,223.443,3.3
2026-06-10T01:07:42.655Z,62.46,206.118,3.3
2026-06-10T01:07:42.857Z,63.67,210.111,3.3
2026-06-10T01:07:43.060Z,64.85,214.005,3.3
2026-06-10T01:07:43.261Z,65.26,215.358,3.3
2026-06-10T01:07:43.463Z,63.31,208.923,3.3
2026-06-10T01:07:43.664Z,63.24,208.692,3.3
2026-06-10T01:07:43.865Z,63.49,209.517,3.3
2026-06-10T01:07:44.066Z,126.04,415.932,3.3
2026-06-10T01:07:44.268Z,142.12,468.996,3.3
2026-06-10T01:07:44.470Z,105.9,349.47,3.3
2026-06-10T01:07:44.672Z,117.48,387.684,3.3
2026-06-10T01:07:44.873Z,116,382.8,3.3
2026-06-10T01:07:45.075Z,102.44,338.052,3.3
2026-06-10T01:07:45.278Z,103.23,340.659,3.3
2026-06-10T01:07:45.480Z,101.57,335.181,3.3
2026-06-10T01:07:45.691Z,98.99,326.667,3.3
2026-06-10T01:07:45.884Z,102.18,337.194,3.3
2026-06-10T01:07:46.086Z,110.63,365.079,3.3
2026-06-10T01:07:46.287Z,120.8,398.64,3.3
2026-06-10T01:07:46.489Z,120.12,396.396,3.3
2026-06-10T01:07:46.689Z,99.04,326.832,3.3
2026-06-10T01:07:46.890Z,93.57,308.781,3.3
2026-06-10T01:07:47.091Z,93.51,308.583,3.3
2026-06-10T01:07:47.294Z,94.51,311.883,3.3
2026-06-10T01:07:47.494Z,97.02,320.166,3.3
2026-06-10T01:07:47.695Z,104.84,345.972,3.3
2026-06-10T01:07:47.897Z,94.81,312.873,3.3
2026-06-10T01:07:48.098Z,67.41,222.453,3.3
2026-06-10T01:07:48.298Z,48.46,159.918,3.3
2026-06-10T01:07:48.498Z,13.85,45.705,3.3
2026-06-10T01:07:48.699Z,1.11,3.663,3.3
2026-06-10T01:07:48.900Z,0.08,0.264,3.3
2026-06-10T01:07:49.101Z,0.04,0.132,3.3
2026-06-10T01:07:49.303Z,0.03,0.099,3.3
2026-06-10T01:07:49.504Z,0.01,0.033,3.3
2026-06-10T01:07:49.706Z,0,0,3.3
2026-06-10T01:07:49.907Z,0,0,3.3
2026-06-10T01:07:50.108Z,0.01,0.033,3.3
2026-06-10T01:07:50.310Z,0.01,0.033,3.3
2026-06-10T01:07:50.512Z,0.01,0.033,3.3
2026-06-10T01:07:50.714Z,0,0,3.3
2026-06-10T01:07:50.916Z,0,0,3.3
2026-06-10T01:07:51.117Z,0,0,3.3
2026-06-10T01:07:51.319Z,0,0,3.3
2026-06-10T01:07:51.520Z,0,0,3.3
2026-06-10T01:07:51.720Z,0,0,3.3
2026-06-10T01:07:51.922Z,0,0,3.3
2026-06-10T01:07:52.121Z,0,0,3.3
2026-06-10T01:07:52.324Z,0,0,3.3
2026-06-10T01:07:52.525Z,0.01,0.033,3.3
2026-06-10T01:07:52.726Z,0.01,0.033,3.3
2026-06-10T01:07:52.927Z,0.01,0.033,3.3
2026-06-10T01:07:53.128Z,0.01,0.033,3.3
2026-06-10T01:07:53.330Z,0.01,0.033,3.3
2026-06-10T01:07:53.532Z,0.01,0.033,3.3
2026-06-10T01:07:53.733Z,0.01,0.033,3.3
2026-06-10T01:07:53.934Z,0.01,0.033,3.3
2026-06-10T01:07:54.135Z,0.01,0.033,3.3
2026-06-10T01:07:54.337Z,0,0,3.3
2026-06-10T01:07:54.537Z,0,0,3.3
2026-06-10T01:07:54.740Z,0,0,3.3
2026-06-10T01:07:54.940Z,0,0,3.3
2026-06-10T01:07:55.141Z,0,0,3.3
2026-06-10T01:07:55.343Z,0,0,3.3
2026-06-10T01:07:55.544Z,0,0,3.3
2026-06-10T01:07:55.746Z,0,0,3.3
2026-06-10T01:07:55.948Z,0.01,0.033,3.3
2026-06-10T01:07:56.149Z,0.01,0.033,3.3
2026-06-10T01:07:56.351Z,0,0,3.3
2026-06-10T01:07:56.551Z,0,0,3.3
2026-06-10T01:07:56.753Z,0,0,3.3
2026-06-10T01:07:56.955Z,0,0,3.3
2026-06-10T01:07:57.157Z,0.01,0.033,3.3
2026-06-10T01:07:57.358Z,0.01,0.033,3.3
2026-06-10T01:07:57.560Z,0.01,0.033,3.3
2026-06-10T01:07:57.762Z,0.01,0.033,3.3
2026-06-10T01:07:57.965Z,0.01,0.033,3.3
2026-06-10T01:07:58.167Z,0.02,0.066,3.3
2026-06-10T01:07:58.369Z,0.02,0.066,3.3
2026-06-10T01:07:58.569Z,0.02,0.066,3.3
2026-06-10T01:07:58.770Z,0.02,0.066,3.3
2026-06-10T01:07:58.972Z,0.02,0.066,3.3
2026-06-10T01:07:59.173Z,0.02,0.066,3.3
2026-06-10T01:07:59.374Z,0.01,0.033,3.3
2026-06-10T01:07:59.575Z,0.02,0.066,3.3
2026-06-10T01:07:59.776Z,0.02,0.066,3.3
2026-06-10T01:07:59.978Z,0.02,0.066,3.3
2026-06-10T01:08:00.180Z,0.02,0.066,3.3
2026-06-10T01:08:00.381Z,0.02,0.066,3.3
2026-06-10T01:08:00.583Z,0.01,0.033,3.3
2026-06-10T01:08:00.785Z,0.01,0.033,3.3
2026-06-10T01:08:00.986Z,0.01,0.033,3.3
2026-06-10T01:08:01.187Z,0.02,0.066,3.3
2026-06-10T01:08:01.390Z,0.02,0.066,3.3
2026-06-10T01:08:01.591Z,0.02,0.066,3.3
2026-06-10T01:08:01.793Z,0.01,0.033,3.3
2026-06-10T01:08:01.993Z,0.01,0.033,3.3
2026-06-10T01:08:02.195Z,0.01,0.033,3.3
2026-06-10T01:08:02.397Z,0.02,0.066,3.3
2026-06-10T01:08:02.598Z,0.02,0.066,3.3
2026-06-10T01:08:02.800Z,0.02,0.066,3.3
2026-06-10T01:08:03.001Z,0.02,0.066,3.3
2026-06-10T01:08:03.203Z,0.02,0.066,3.3
2026-06-10T01:08:03.410Z,0.01,0.033,3.3
2026-06-10T01:08:03.604Z,0.02,0.066,3.3
2026-06-10T01:08:03.806Z,0.01,0.033,3.3
2026-06-10T01:08:04.007Z,0.02,0.066,3.3
2026-06-10T01:08:04.208Z,0.02,0.066,3.3
2026-06-10T01:08:04.412Z,0.02,0.066,3.3
2026-06-10T01:08:04.612Z,0.02,0.066,3.3
2026-06-10T01:08:04.813Z,0.02,0.066,3.3
2026-06-10T01:08:05.016Z,0.02,0.066,3.3
2026-06-10T01:08:05.218Z,0.02,0.066,3.3
2026-06-10T01:08:05.420Z,0.01,0.033,3.3
2026-06-10T01:08:05.621Z,0.02,0.066,3.3
2026-06-10T01:08:05.822Z,0.02,0.066,3.3
2026-06-10T01:08:06.024Z,0.02,0.066,3.3
2026-06-10T01:08:06.225Z,0.02,0.066,3.3
2026-06-10T01:08:06.427Z,0.02,0.066,3.3
2026-06-10T01:08:06.630Z,0.02,0.066,3.3
2026-06-10T01:08:06.830Z,0.02,0.066,3.3
2026-06-10T01:08:07.030Z,0.01,0.033,3.3
2026-06-10T01:08:07.231Z,0.01,0.033,3.3
2026-06-10T01:08:07.435Z,0.01,0.033,3.3
2026-06-10T01:08:07.638Z,0.02,0.066,3.3
2026-06-10T01:08:07.840Z,0.02,0.066,3.3
2026-06-10T01:08:08.040Z,0.02,0.066,3.3
2026-06-10T01:08:08.242Z,0.01,0.033,3.3
2026-06-10T01:08:08.444Z,0.02,0.066,3.3
2026-06-10T01:08:08.645Z,0.02,0.066,3.3
2026-06-10T01:08:08.848Z,0.01,0.033,3.3
2026-06-10T01:08:09.049Z,0.01,0.033,3.3
2026-06-10T01:08:09.250Z,0.02,0.066,3.3
2026-06-10T01:08:09.451Z,0.02,0.066,3.3
2026-06-10T01:08:09.652Z,0.02,0.066,3.3
2026-06-10T01:08:09.853Z,0.02,0.066,3.3
2026-06-10T01:08:10.055Z,0.02,0.066,3.3
2026-06-10T01:08:10.256Z,0.01,0.033,3.3
2026-06-10T01:08:10.458Z,0.01,0.033,3.3
2026-06-10T01:08:10.659Z,0.01,0.033,3.3
2026-06-10T01:08:10.859Z,0.01,0.033,3.3
2026-06-10T01:08:11.061Z,0.01,0.033,3.3
2026-06-10T01:08:11.262Z,0.01,0.033,3.3
2026-06-10T01:08:11.463Z,0.01,0.033,3.3
2026-06-10T01:08:11.664Z,0.01,0.033,3.3
2026-06-10T01:08:11.865Z,0.02,0.066,3.3
2026-06-10T01:08:12.066Z,0.02,0.066,3.3
2026-06-10T01:08:12.268Z,0.02,0.066,3.3
2026-06-10T01:08:12.470Z,0.02,0.066,3.3
2026-06-10T01:08:12.672Z,0.02,0.066,3.3
2026-06-10T01:08:12.872Z,0.01,0.033,3.3
2026-06-10T01:08:13.073Z,0.01,0.033,3.3
2026-06-10T01:08:13.276Z,0.01,0.033,3.3
2026-06-10T01:08:13.476Z,0.02,0.066,3.3
2026-06-10T01:08:13.677Z,0.02,0.066,3.3
2026-06-10T01:08:13.879Z,0.02,0.066,3.3
2026-06-10T01:08:14.080Z,0.02,0.066,3.3
2026-06-10T01:08:14.282Z,0.02,0.066,3.3
2026-06-10T01:08:14.483Z,0.01,0.033,3.3
2026-06-10T01:08:14.685Z,0.01,0.033,3.3
2026-06-10T01:08:14.887Z,0.01,0.033,3.3
2026-06-10T01:08:15.089Z,0.01,0.033,3.3
2026-06-10T01:08:15.291Z,0.01,0.033,3.3
2026-06-10T01:08:15.493Z,0.02,0.066,3.3
2026-06-10T01:08:15.695Z,0.02,0.066,3.3
2026-06-10T01:08:15.896Z,0.02,0.066,3.3
2026-06-10T01:08:16.099Z,0.02,0.066,3.3
2026-06-10T01:08:16.300Z,0.01,0.033,3.3
2026-06-10T01:08:16.503Z,0.01,0.033,3.3
2026-06-10T01:08:16.705Z,0.01,0.033,3.3
2026-06-10T01:08:16.906Z,0.02,0.066,3.3
2026-06-10T01:08:17.107Z,0.02,0.066,3.3
2026-06-10T01:08:17.308Z,0.02,0.066,3.3
2026-06-10T01:08:17.510Z,0.02,0.066,3.3
2026-06-10T01:08:17.713Z,0.01,0.033,3.3
2026-06-10T01:08:17.914Z,0.01,0.033,3.3
2026-06-10T01:08:18.115Z,0.01,0.033,3.3
2026-06-10T01:08:18.316Z,0.02,0.066,3.3
2026-06-10T01:08:18.517Z,0.02,0.066,3.3
2026-06-10T01:08:18.718Z,0.02,0.066,3.3
2026-06-10T01:08:18.919Z,0.02,0.066,3.3
2026-06-10T01:08:19.120Z,0.02,0.066,3.3
2026-06-10T01:08:19.321Z,0.01,0.033,3.3
2026-06-10T01:08:19.522Z,0.02,0.066,3.3
2026-06-10T01:08:19.724Z,0.02,0.066,3.3
2026-06-10T01:08:19.925Z,0.01,0.033,3.3
2026-06-10T01:08:20.127Z,0.01,0.033,3.3
2026-06-10T01:08:20.328Z,0.01,0.033,3.3
2026-06-10T01:08:20.528Z,0.01,0.033,3.3
2026-06-10T01:08:20.730Z,0.01,0.033,3.3
2026-06-10T01:08:20.931Z,0.02,0.066,3.3
2026-06-10T01:08:21.133Z,0.02,0.066,3.3
2026-06-10T01:08:21.335Z,0.01,0.033,3.3
2026-06-10T01:08:21.537Z,0.02,0.066,3.3
2026-06-10T01:08:21.739Z,0.02,0.066,3.3
2026-06-10T01:08:21.941Z,0.02,0.066,3.3
2026-06-10T01:08:22.143Z,0.01,0.033,3.3
2026-06-10T01:08:22.344Z,0.01,0.033,3.3
2026-06-10T01:08:22.547Z,0.01,0.033,3.3
2026-06-10T01:08:22.749Z,0.02,0.066,3.3
2026-06-10T01:08:22.951Z,0.02,0.066,3.3
2026-06-10T01:08:23.153Z,0.02,0.066,3.3
2026-06-10T01:08:23.354Z,0.02,0.066,3.3
2026-06-10T01:08:23.555Z,0.01,0.033,3.3
2026-06-10T01:08:23.755Z,0.01,0.033,3.3
2026-06-10T01:08:23.956Z,0.01,0.033,3.3
2026-06-10T01:08:24.158Z,0.01,0.033,3.3
2026-06-10T01:08:24.358Z,0.02,0.066,3.3
2026-06-10T01:08:24.560Z,0.02,0.066,3.3
2026-06-10T01:08:24.760Z,0.02,0.066,3.3
2026-06-10T01:08:24.962Z,0.01,0.033,3.3
2026-06-10T01:08:25.163Z,0.01,0.033,3.3
2026-06-10T01:08:25.366Z,0.01,0.033,3.3
2026-06-10T01:08:25.568Z,0.01,0.033,3.3
2026-06-10T01:08:25.769Z,0.02,0.066,3.3
2026-06-10T01:08:25.971Z,0.02,0.066,3.3
2026-06-10T01:08:26.172Z,0.03,0.099,3.3
2026-06-10T01:08:26.373Z,0.02,0.066,3.3
2026-06-10T01:08:26.574Z,0.02,0.066,3.3
2026-06-10T01:08:26.776Z,0.01,0.033,3.3
2026-06-10T01:08:26.976Z,0.01,0.033,3.3
2026-06-10T01:08:27.181Z,0.01,0.033,3.3
2026-06-10T01:08:27.380Z,0.02,0.066,3.3
2026-06-10T01:08:27.580Z,0.02,0.066,3.3
2026-06-10T01:08:27.782Z,0.02,0.066,3.3
2026-06-10T01:08:27.985Z,0.02,0.066,3.3
2026-06-10T01:08:28.186Z,0.02,0.066,3.3
2026-06-10T01:08:28.387Z,0.02,0.066,3.3
2026-06-10T01:08:28.588Z,0.02,0.066,3.3
2026-06-10T01:08:28.789Z,0.01,0.033,3.3
2026-06-10T01:08:28.991Z,0.01,0.033,3.3
2026-06-10T01:08:29.191Z,0.02,0.066,3.3
2026-06-10T01:08:29.392Z,0.03,0.099,3.3
2026-06-10T01:08:29.595Z,0.03,0.099,3.3
2026-06-10T01:08:29.795Z,0.02,0.066,3.3
2026-06-10T01:08:29.997Z,0.02,0.066,3.3
2026-06-10T01:08:30.197Z,0.02,0.066,3.3
2026-06-10T01:08:30.400Z,0.01,0.033,3.3
2026-06-10T01:08:30.601Z,0.02,0.066,3.3
2026-06-10T01:08:30.803Z,0.02,0.066,3.3
2026-06-10T01:08:31.005Z,0.02,0.066,3.3
2026-06-10T01:08:31.206Z,0.02,0.066,3.3
2026-06-10T01:08:31.411Z,0.02,0.066,3.3
2026-06-10T01:08:31.610Z,0.02,0.066,3.3
2026-06-10T01:08:31.811Z,0.02,0.066,3.3
2026-06-10T01:08:32.012Z,0.02,0.066,3.3
2026-06-10T01:08:32.213Z,0.01,0.033,3.3
2026-06-10T01:08:32.415Z,0.01,0.033,3.3
2026-06-10T01:08:32.617Z,0.01,0.033,3.3
2026-06-10T01:08:32.819Z,0.02,0.066,3.3
2026-06-10T01:08:33.020Z,0.02,0.066,3.3
2026-06-10T01:08:33.221Z,0.02,0.066,3.3
2026-06-10T01:08:33.426Z,0.02,0.066,3.3
2026-06-10T01:08:33.626Z,0.02,0.066,3.3
2026-06-10T01:08:33.827Z,0.02,0.066,3.3
2026-06-10T01:08:34.028Z,0.01,0.033,3.3
2026-06-10T01:08:34.228Z,0.02,0.066,3.3
2026-06-10T01:08:34.438Z,0.02,0.066,3.3
2026-06-10T01:08:34.639Z,0.02,0.066,3.3
2026-06-10T01:08:34.840Z,0.01,0.033,3.3
2026-06-10T01:08:35.041Z,0.01,0.033,3.3
2026-06-10T01:08:35.242Z,0.01,0.033,3.3
2026-06-10T01:08:35.444Z,0.01,0.033,3.3
2026-06-10T01:08:35.646Z,0.01,0.033,3.3
2026-06-10T01:08:35.847Z,0.02,0.066,3.3
2026-06-10T01:08:36.049Z,0.02,0.066,3.3
2026-06-10T01:08:36.251Z,0.02,0.066,3.3
2026-06-10T01:08:36.453Z,0.01,0.033,3.3
2026-06-10T01:08:36.653Z,0.02,0.066,3.3
2026-06-10T01:08:36.855Z,0.02,0.066,3.3
2026-06-10T01:08:37.057Z,0.02,0.066,3.3
2026-06-10T01:08:37.258Z,0.01,0.033,3.3
2026-06-10T01:08:37.459Z,0.01,0.033,3.3
2026-06-10T01:08:37.661Z,0.01,0.033,3.3
2026-06-10T01:08:37.861Z,0.02,0.066,3.3
2026-06-10T01:08:38.063Z,0.02,0.066,3.3
2026-06-10T01:08:38.264Z,0.02,0.066,3.3
2026-06-10T01:08:38.466Z,0.02,0.066,3.3
2026-06-10T01:08:38.668Z,0.02,0.066,3.3
2026-06-10T01:08:38.869Z,0.02,0.066,3.3
2026-06-10T01:08:39.069Z,0.02,0.066,3.3
2026-06-10T01:08:39.270Z,0.01,0.033,3.3
2026-06-10T01:08:39.471Z,0.01,0.033,3.3
2026-06-10T01:08:39.672Z,0.02,0.066,3.3
2026-06-10T01:08:39.873Z,20.22,66.726,3.3
2026-06-10T01:08:40.076Z,60.41,199.353,3.3
2026-06-10T01:08:40.276Z,65.62,216.546,3.3
2026-06-10T01:08:40.478Z,65.04,214.632,3.3
2026-06-10T01:08:40.678Z,72.53,239.349,3.3
2026-06-10T01:08:40.879Z,71.7,236.61,3.3
2026-06-10T01:08:41.081Z,61.95,204.435,3.3
2026-06-10T01:08:41.282Z,56.48,186.384,3.3
2026-06-10T01:08:41.483Z,51.82,171.006,3.3
2026-06-10T01:08:41.685Z,51.62,170.346,3.3
2026-06-10T01:08:41.887Z,57.52,189.816,3.3
2026-06-10T01:08:42.088Z,67.83,223.839,3.3
2026-06-10T01:08:42.289Z,68.27,225.291,3.3
2026-06-10T01:08:42.490Z,63.14,208.362,3.3
2026-06-10T01:08:42.692Z,62.58,206.514,3.3
2026-06-10T01:08:42.893Z,64.64,213.312,3.3
2026-06-10T01:08:43.096Z,64.09,211.497,3.3
2026-06-10T01:08:43.297Z,63.2,208.56,3.3
2026-06-10T01:08:43.498Z,61.73,203.709,3.3
2026-06-10T01:08:43.700Z,63.12,208.296,3.3
2026-06-10T01:08:43.901Z,106.55,351.615,3.3
2026-06-10T01:08:44.103Z,139.89,461.637,3.3
2026-06-10T01:08:44.304Z,107.34,354.222,3.3
2026-06-10T01:08:44.506Z,103.97,343.101,3.3
2026-06-10T01:08:44.710Z,119.83,395.439,3.3
2026-06-10T01:08:44.911Z,116.9,385.77,3.3
2026-06-10T01:08:45.112Z,102.57,338.481,3.3
2026-06-10T01:08:45.314Z,103.61,341.913,3.3
2026-06-10T01:08:45.516Z,101.83,336.039,3.3
2026-06-10T01:08:45.718Z,100.26,330.858,3.3
2026-06-10T01:08:45.919Z,106.95,352.935,3.3
2026-06-10T01:08:46.120Z,119.67,394.911,3.3
2026-06-10T01:08:46.321Z,118.23,390.159,3.3
2026-06-10T01:08:46.522Z,100.73,332.409,3.3
2026-06-10T01:08:46.722Z,93.25,307.725,3.3
2026-06-10T01:08:46.924Z,92.67,305.811,3.3
2026-06-10T01:08:47.124Z,94.88,313.104,3.3
2026-06-10T01:08:47.326Z,95.46,315.018,3.3
2026-06-10T01:08:47.528Z,100.1,330.33,3.3
2026-06-10T01:08:47.728Z,95.27,314.391,3.3
2026-06-10T01:08:47.929Z,72.04,237.732,3.3
2026-06-10T01:08:48.132Z,51.5,169.95,3.3
2026-06-10T01:08:48.333Z,16.93,55.869,3.3
2026-06-10T01:08:48.535Z,1.55,5.115,3.3
2026-06-10T01:08:48.736Z,0.1,0.33,3.3
2026-06-10T01:08:48.937Z,0.04,0.132,3.3
2026-06-10T01:08:49.137Z,0.03,0.099,3.3
2026-06-10T01:08:49.338Z,0.03,0.099,3.3
2026-06-10T01:08:49.539Z,0.03,0.099,3.3
2026-06-10T01:08:49.741Z,0.02,0.066,3.3
2026-06-10T01:08:49.942Z,0.01,0.033,3.3
2026-06-10T01:08:50.143Z,0.01,0.033,3.3
2026-06-10T01:08:50.344Z,0.01,0.033,3.3
2026-06-10T01:08:50.545Z,0.02,0.066,3.3
2026-06-10T01:08:50.747Z,0.02,0.066,3.3
2026-06-10T01:08:50.947Z,0.02,0.066,3.3
2026-06-10T01:08:51.149Z,0.02,0.066,3.3
2026-06-10T01:08:51.350Z,0.02,0.066,3.3
2026-06-10T01:08:51.552Z,0.02,0.066,3.3
2026-06-10T01:08:51.752Z,0.01,0.033,3.3
2026-06-10T01:08:51.954Z,0.01,0.033,3.3
2026-06-10T01:08:52.156Z,0.01,0.033,3.3
2026-06-10T01:08:52.357Z,0.01,0.033,3.3
2026-06-10T01:08:52.557Z,0.01,0.033,3.3
2026-06-10T01:08:52.759Z,0.01,0.033,3.3
2026-06-10T01:08:52.962Z,0.01,0.033,3.3
2026-06-10T01:08:53.162Z,0.01,0.033,3.3
2026-06-10T01:08:53.364Z,0.01,0.033,3.3
2026-06-10T01:08:53.565Z,0.01,0.033,3.3
2026-06-10T01:08:53.767Z,0.01,0.033,3.3
2026-06-10T01:08:53.967Z,0.02,0.066,3.3
2026-06-10T01:08:54.169Z,0.02,0.066,3.3
2026-06-10T01:08:54.370Z,0.02,0.066,3.3
2026-06-10T01:08:54.572Z,0.03,0.099,3.3
2026-06-10T01:08:54.773Z,0.02,0.066,3.3
2026-06-10T01:08:54.974Z,0.02,0.066,3.3
2026-06-10T01:08:55.176Z,0.02,0.066,3.3
2026-06-10T01:08:55.376Z,0.01,0.033,3.3
2026-06-10T01:08:55.577Z,0.01,0.033,3.3
2026-06-10T01:08:55.779Z,0.02,0.066,3.3
2026-06-10T01:08:55.981Z,0.03,0.099,3.3
2026-06-10T01:08:56.183Z,0.03,0.099,3.3
2026-06-10T01:08:56.385Z,0.02,0.066,3.3
2026-06-10T01:08:56.585Z,0.02,0.066,3.3
2026-06-10T01:08:56.786Z,0.02,0.066,3.3
2026-06-10T01:08:56.988Z,0.02,0.066,3.3
2026-06-10T01:08:57.190Z,0.02,0.066,3.3
2026-06-10T01:08:57.389Z,0.02,0.066,3.3
2026-06-10T01:08:57.591Z,0.02,0.066,3.3
2026-06-10T01:08:57.793Z,0.01,0.033,3.3
2026-06-10T01:08:57.994Z,0.01,0.033,3.3
2026-06-10T01:08:58.194Z,0.01,0.033,3.3
2026-06-10T01:08:58.396Z,0.01,0.033,3.3
2026-06-10T01:08:58.598Z,0.02,0.066,3.3
2026-06-10T01:08:58.798Z,0.02,0.066,3.3
2026-06-10T01:08:59.000Z,0.02,0.066,3.3
2026-06-10T01:08:59.202Z,0.02,0.066,3.3
2026-06-10T01:08:59.404Z,0.03,0.099,3.3
2026-06-10T01:08:59.605Z,0.02,0.066,3.3
2026-06-10T01:08:59.806Z,0.02,0.066,3.3
2026-06-10T01:09:00.015Z,0.02,0.066,3.3
2026-06-10T01:09:00.210Z,0.01,0.033,3.3
2026-06-10T01:09:00.411Z,0.02,0.066,3.3
2026-06-10T01:09:00.614Z,0.02,0.066,3.3
2026-06-10T01:09:00.816Z,0.01,0.033,3.3
2026-06-10T01:09:01.018Z,0.01,0.033,3.3
2026-06-10T01:09:01.220Z,0.01,0.033,3.3
2026-06-10T01:09:01.423Z,0.01,0.033,3.3
2026-06-10T01:09:01.625Z,0.01,0.033,3.3
2026-06-10T01:09:01.827Z,0.02,0.066,3.3
2026-06-10T01:09:02.028Z,0.02,0.066,3.3
2026-06-10T01:09:02.229Z,0.03,0.099,3.3
2026-06-10T01:09:02.437Z,0.02,0.066,3.3
2026-06-10T01:09:02.639Z,0.02,0.066,3.3
2026-06-10T01:09:02.842Z,0.01,0.033,3.3
2026-06-10T01:09:03.041Z,0.01,0.033,3.3
2026-06-10T01:09:03.242Z,0.02,0.066,3.3
2026-06-10T01:09:03.444Z,0.02,0.066,3.3
2026-06-10T01:09:03.646Z,0.03,0.099,3.3
2026-06-10T01:09:03.847Z,0.02,0.066,3.3
2026-06-10T01:09:04.050Z,0.01,0.033,3.3
2026-06-10T01:09:04.252Z,0.01,0.033,3.3
2026-06-10T01:09:04.454Z,0.01,0.033,3.3
2026-06-10T01:09:04.656Z,0.02,0.066,3.3
2026-06-10T01:09:04.857Z,0.02,0.066,3.3
2026-06-10T01:09:05.059Z,0.02,0.066,3.3
2026-06-10T01:09:05.261Z,0.02,0.066,3.3
2026-06-10T01:09:05.464Z,0.02,0.066,3.3
2026-06-10T01:09:05.667Z,0.02,0.066,3.3
2026-06-10T01:09:05.868Z,0.01,0.033,3.3
2026-06-10T01:09:06.071Z,0.02,0.066,3.3
2026-06-10T01:09:06.273Z,0.02,0.066,3.3
2026-06-10T01:09:06.474Z,0.02,0.066,3.3
2026-06-10T01:09:06.675Z,0.01,0.033,3.3
2026-06-10T01:09:06.877Z,0.01,0.033,3.3
2026-06-10T01:09:07.079Z,0.01,0.033,3.3
2026-06-10T01:09:07.280Z,0.01,0.033,3.3
2026-06-10T01:09:07.482Z,0.01,0.033,3.3
2026-06-10T01:09:07.682Z,0.01,0.033,3.3
2026-06-10T01:09:07.883Z,0.01,0.033,3.3
2026-06-10T01:09:08.085Z,0.01,0.033,3.3
2026-06-10T01:09:08.287Z,0.02,0.066,3.3
2026-06-10T01:09:08.489Z,0.02,0.066,3.3
2026-06-10T01:09:08.691Z,0.02,0.066,3.3
2026-06-10T01:09:08.892Z,0.02,0.066,3.3
2026-06-10T01:09:09.094Z,0.02,0.066,3.3
2026-06-10T01:09:09.295Z,0.01,0.033,3.3
2026-06-10T01:09:09.496Z,0.01,0.033,3.3
2026-06-10T01:09:09.698Z,0.02,0.066,3.3
2026-06-10T01:09:09.898Z,0.02,0.066,3.3
2026-06-10T01:09:10.100Z,0.02,0.066,3.3
2026-06-10T01:09:10.302Z,0.02,0.066,3.3
2026-06-10T01:09:10.504Z,0.01,0.033,3.3
2026-06-10T01:09:10.705Z,0.02,0.066,3.3
2026-06-10T01:09:10.907Z,0.02,0.066,3.3
2026-06-10T01:09:11.109Z,0.02,0.066,3.3
2026-06-10T01:09:11.310Z,0.02,0.066,3.3
2026-06-10T01:09:11.512Z,0.02,0.066,3.3
2026-06-10T01:09:11.712Z,0.02,0.066,3.3
2026-06-10T01:09:11.914Z,0.02,0.066,3.3
2026-06-10T01:09:12.116Z,0.01,0.033,3.3
2026-06-10T01:09:12.317Z,0.01,0.033,3.3
2026-06-10T01:09:12.518Z,0.01,0.033,3.3
2026-06-10T01:09:12.720Z,0.02,0.066,3.3
2026-06-10T01:09:12.920Z,0.03,0.099,3.3
2026-06-10T01:09:13.121Z,0.03,0.099,3.3
2026-06-10T01:09:13.322Z,0.03,0.099,3.3
2026-06-10T01:09:13.524Z,0.03,0.099,3.3
2026-06-10T01:09:13.725Z,0.02,0.066,3.3
2026-06-10T01:09:13.927Z,0.01,0.033,3.3
2026-06-10T01:09:14.128Z,0.01,0.033,3.3
2026-06-10T01:09:14.330Z,0.02,0.066,3.3
2026-06-10T01:09:14.531Z,0.02,0.066,3.3
2026-06-10T01:09:14.732Z,0.02,0.066,3.3
2026-06-10T01:09:14.933Z,0.02,0.066,3.3
2026-06-10T01:09:15.134Z,0.02,0.066,3.3
2026-06-10T01:09:15.336Z,0.01,0.033,3.3
2026-06-10T01:09:15.537Z,0.02,0.066,3.3
2026-06-10T01:09:15.739Z,0.02,0.066,3.3
2026-06-10T01:09:15.940Z,0.02,0.066,3.3
2026-06-10T01:09:16.143Z,0.02,0.066,3.3
2026-06-10T01:09:16.344Z,0.02,0.066,3.3
2026-06-10T01:09:16.546Z,0.02,0.066,3.3
2026-06-10T01:09:16.747Z,0.02,0.066,3.3
2026-06-10T01:09:16.949Z,0.02,0.066,3.3
2026-06-10T01:09:17.150Z,0.02,0.066,3.3
2026-06-10T01:09:17.351Z,0.02,0.066,3.3
2026-06-10T01:09:17.553Z,0.02,0.066,3.3
2026-06-10T01:09:17.755Z,0.01,0.033,3.3
2026-06-10T01:09:17.956Z,0.02,0.066,3.3
2026-06-10T01:09:18.159Z,0.02,0.066,3.3
2026-06-10T01:09:18.360Z,0.01,0.033,3.3
2026-06-10T01:09:18.562Z,0.02,0.066,3.3
2026-06-10T01:09:18.764Z,0.02,0.066,3.3
2026-06-10T01:09:18.964Z,0.01,0.033,3.3
2026-06-10T01:09:19.166Z,0.01,0.033,3.3
2026-06-10T01:09:19.366Z,0.01,0.033,3.3
2026-06-10T01:09:19.569Z,0.02,0.066,3.3
2026-06-10T01:09:19.770Z,0.02,0.066,3.3
2026-06-10T01:09:19.971Z,0.02,0.066,3.3
2026-06-10T01:09:20.173Z,0.01,0.033,3.3
2026-06-10T01:09:20.374Z,0.01,0.033,3.3
2026-06-10T01:09:20.576Z,0.02,0.066,3.3
2026-06-10T01:09:20.778Z,0.02,0.066,3.3
2026-06-10T01:09:20.980Z,0.02,0.066,3.3
2026-06-10T01:09:21.181Z,0.02,0.066,3.3
2026-06-10T01:09:21.382Z,0.01,0.033,3.3
2026-06-10T01:09:21.584Z,0.01,0.033,3.3
2026-06-10T01:09:21.784Z,0.01,0.033,3.3
2026-06-10T01:09:21.985Z,0.02,0.066,3.3
2026-06-10T01:09:22.187Z,0.02,0.066,3.3
2026-06-10T01:09:22.387Z,0.02,0.066,3.3
2026-06-10T01:09:22.590Z,0.02,0.066,3.3
2026-06-10T01:09:22.792Z,0.02,0.066,3.3
2026-06-10T01:09:22.993Z,0.02,0.066,3.3
2026-06-10T01:09:23.195Z,0.01,0.033,3.3
2026-06-10T01:09:23.399Z,0.02,0.066,3.3
2026-06-10T01:09:23.600Z,0.02,0.066,3.3
2026-06-10T01:09:23.800Z,0.02,0.066,3.3
2026-06-10T01:09:24.002Z,0.02,0.066,3.3
2026-06-10T01:09:24.202Z,0.01,0.033,3.3
2026-06-10T01:09:24.404Z,0.01,0.033,3.3
2026-06-10T01:09:24.604Z,0.01,0.033,3.3
2026-06-10T01:09:24.804Z,0.02,0.066,3.3
2026-06-10T01:09:25.006Z,0.02,0.066,3.3
2026-06-10T01:09:25.208Z,0.02,0.066,3.3
2026-06-10T01:09:25.410Z,0.02,0.066,3.3
2026-06-10T01:09:25.611Z,0.02,0.066,3.3
2026-06-10T01:09:25.813Z,0.02,0.066,3.3
2026-06-10T01:09:26.013Z,0.01,0.033,3.3
2026-06-10T01:09:26.215Z,0.01,0.033,3.3
2026-06-10T01:09:26.416Z,0.01,0.033,3.3
2026-06-10T01:09:26.617Z,0.02,0.066,3.3
2026-06-10T01:09:26.819Z,0.03,0.099,3.3
2026-06-10T01:09:27.021Z,0.02,0.066,3.3
2026-06-10T01:09:27.223Z,0.01,0.033,3.3
2026-06-10T01:09:27.424Z,0.01,0.033,3.3
2026-06-10T01:09:27.624Z,0.01,0.033,3.3
2026-06-10T01:09:27.826Z,0.01,0.033,3.3
2026-06-10T01:09:28.028Z,0.01,0.033,3.3
2026-06-10T01:09:28.230Z,0.01,0.033,3.3
2026-06-10T01:09:28.438Z,0.01,0.033,3.3
2026-06-10T01:09:28.640Z,0.01,0.033,3.3
2026-06-10T01:09:28.841Z,0.01,0.033,3.3
2026-06-10T01:09:29.043Z,0.01,0.033,3.3
2026-06-10T01:09:29.244Z,0.01,0.033,3.3
2026-06-10T01:09:29.445Z,0.02,0.066,3.3
2026-06-10T01:09:29.647Z,0.02,0.066,3.3
2026-06-10T01:09:29.849Z,0.03,0.099,3.3
2026-06-10T01:09:30.051Z,0.02,0.066,3.3
2026-06-10T01:09:30.253Z,0.01,0.033,3.3
2026-06-10T01:09:30.454Z,0.01,0.033,3.3
2026-06-10T01:09:30.657Z,0.02,0.066,3.3
2026-06-10T01:09:30.858Z,0.02,0.066,3.3
2026-06-10T01:09:31.059Z,0.02,0.066,3.3
2026-06-10T01:09:31.261Z,0.03,0.099,3.3
2026-06-10T01:09:31.463Z,0.03,0.099,3.3
2026-06-10T01:09:31.665Z,0.02,0.066,3.3
2026-06-10T01:09:31.866Z,0.02,0.066,3.3
2026-06-10T01:09:32.067Z,0.01,0.033,3.3
2026-06-10T01:09:32.269Z,0.01,0.033,3.3
2026-06-10T01:09:32.470Z,0.02,0.066,3.3
2026-06-10T01:09:32.671Z,0.02,0.066,3.3
2026-06-10T01:09:32.873Z,0.03,0.099,3.3
2026-06-10T01:09:33.075Z,0.02,0.066,3.3
2026-06-10T01:09:33.276Z,0.02,0.066,3.3
2026-06-10T01:09:33.477Z,0.01,0.033,3.3
2026-06-10T01:09:33.678Z,0.01,0.033,3.3
2026-06-10T01:09:33.880Z,0.01,0.033,3.3
2026-06-10T01:09:34.082Z,0.02,0.066,3.3
2026-06-10T01:09:34.283Z,0.03,0.099,3.3
2026-06-10T01:09:34.484Z,0.03,0.099,3.3
2026-06-10T01:09:34.686Z,0.03,0.099,3.3
2026-06-10T01:09:34.889Z,0.02,0.066,3.3
2026-06-10T01:09:35.091Z,0.02,0.066,3.3
2026-06-10T01:09:35.292Z,0.02,0.066,3.3
2026-06-10T01:09:35.492Z,0.02,0.066,3.3
2026-06-10T01:09:35.693Z,0.02,0.066,3.3
2026-06-10T01:09:35.895Z,0.02,0.066,3.3
2026-06-10T01:09:36.097Z,0.02,0.066,3.3
2026-06-10T01:09:36.297Z,0.02,0.066,3.3
2026-06-10T01:09:36.499Z,0.02,0.066,3.3
2026-06-10T01:09:36.700Z,0.02,0.066,3.3
2026-06-10T01:09:36.900Z,0.02,0.066,3.3
2026-06-10T01:09:37.102Z,0.01,0.033,3.3
2026-06-10T01:09:37.303Z,0.02,0.066,3.3
2026-06-10T01:09:37.504Z,0.02,0.066,3.3
2026-06-10T01:09:37.706Z,0.02,0.066,3.3
2026-06-10T01:09:37.907Z,0.02,0.066,3.3
2026-06-10T01:09:38.109Z,0.02,0.066,3.3
2026-06-10T01:09:38.311Z,0.02,0.066,3.3
2026-06-10T01:09:38.511Z,0.02,0.066,3.3
2026-06-10T01:09:38.713Z,0.02,0.066,3.3
2026-06-10T01:09:38.914Z,0.02,0.066,3.3
2026-06-10T01:09:39.114Z,0.02,0.066,3.3
2026-06-10T01:09:39.315Z,0.02,0.066,3.3
2026-06-10T01:09:39.516Z,0.02,0.066,3.3
2026-06-10T01:09:39.718Z,14.4,47.52,3.3
2026-06-10T01:09:39.919Z,55.53,183.249,3.3
2026-06-10T01:09:40.121Z,65.4,215.82,3.3
2026-06-10T01:09:40.322Z,64.9,214.17,3.3
2026-06-10T01:09:40.524Z,70.73,233.409,3.3
2026-06-10T01:09:40.726Z,71.97,237.501,3.3
2026-06-10T01:09:40.929Z,63.75,210.375,3.3
2026-06-10T01:09:41.131Z,56.65,186.945,3.3
2026-06-10T01:09:41.333Z,52.59,173.547,3.3
2026-06-10T01:09:41.533Z,51.65,170.445,3.3
2026-06-10T01:09:41.735Z,56.53,186.549,3.3
2026-06-10T01:09:41.937Z,64.79,213.807,3.3
2026-06-10T01:09:42.138Z,68.13,224.829,3.3
2026-06-10T01:09:42.339Z,65.8,217.14,3.3
2026-06-10T01:09:42.543Z,62.53,206.349,3.3
2026-06-10T01:09:42.779Z,64.55,213.015,3.3
2026-06-10T01:09:43.005Z,64.46,212.718,3.3
2026-06-10T01:09:43.207Z,62.8,207.24,3.3
2026-06-10T01:09:43.410Z,62.63,206.679,3.3
2026-06-10T01:09:43.608Z,79.23,261.459,3.3
2026-06-10T01:09:43.810Z,133.25,439.725,3.3
2026-06-10T01:09:44.011Z,120.27,396.891,3.3
2026-06-10T01:09:44.212Z,106.11,350.163,3.3
2026-06-10T01:09:44.413Z,122.98,405.834,3.3
2026-06-10T01:09:44.614Z,121.58,401.214,3.3
2026-06-10T01:09:44.816Z,102.84,339.372,3.3
2026-06-10T01:09:45.018Z,101.01,333.333,3.3
2026-06-10T01:09:45.219Z,99.44,328.152,3.3
2026-06-10T01:09:45.421Z,100.07,330.231,3.3
2026-06-10T01:09:45.624Z,111.3,367.29,3.3
2026-06-10T01:09:45.830Z,120.09,396.297,3.3
2026-06-10T01:09:46.032Z,110.02,363.066,3.3
2026-06-10T01:09:46.233Z,94.67,312.411,3.3
2026-06-10T01:09:46.436Z,92.96,306.768,3.3
2026-06-10T01:09:46.638Z,92.93,306.669,3.3
2026-06-10T01:09:46.840Z,96.37,318.021,3.3
2026-06-10T01:09:47.040Z,97.56,321.948,3.3
2026-06-10T01:09:47.243Z,100.35,331.155,3.3
2026-06-10T01:09:47.445Z,83.44,275.352,3.3
2026-06-10T01:09:47.646Z,55.58,183.414,3.3
2026-06-10T01:09:47.849Z,37.98,125.334,3.3
2026-06-10T01:09:48.051Z,2.26,7.458,3.3
2026-06-10T01:09:48.251Z,0.57,1.881,3.3
2026-06-10T01:09:48.453Z,0.05,0.165,3.3
2026-06-10T01:09:48.654Z,0.04,0.132,3.3
2026-06-10T01:09:48.855Z,0.03,0.099,3.3
2026-06-10T01:09:49.056Z,0.03,0.099,3.3
2026-06-10T01:09:49.257Z,0.03,0.099,3.3
2026-06-10T01:09:49.458Z,0.02,0.066,3.3
2026-06-10T01:09:49.660Z,0.01,0.033,3.3
2026-06-10T01:09:49.862Z,0.01,0.033,3.3
2026-06-10T01:09:50.062Z,0.02,0.066,3.3
2026-06-10T01:09:50.265Z,0.02,0.066,3.3
2026-06-10T01:09:50.467Z,0.02,0.066,3.3
2026-06-10T01:09:50.669Z,0.02,0.066,3.3
2026-06-10T01:09:50.870Z,0.02,0.066,3.3
2026-06-10T01:09:51.071Z,0.02,0.066,3.3
2026-06-10T01:09:51.273Z,0.02,0.066,3.3
2026-06-10T01:09:51.474Z,0.01,0.033,3.3
2026-06-10T01:09:51.676Z,0.01,0.033,3.3
2026-06-10T01:09:51.877Z,0.01,0.033,3.3
2026-06-10T01:09:52.077Z,0.01,0.033,3.3
2026-06-10T01:09:52.279Z,0.02,0.066,3.3
2026-06-10T01:09:52.479Z,0.02,0.066,3.3
2026-06-10T01:09:52.681Z,0.01,0.033,3.3
2026-06-10T01:09:52.882Z,0.01,0.033,3.3
2026-06-10T01:09:53.084Z,0.01,0.033,3.3
2026-06-10T01:09:53.286Z,0.02,0.066,3.3
2026-06-10T01:09:53.488Z,0.02,0.066,3.3
2026-06-10T01:09:53.689Z,0.01,0.033,3.3
2026-06-10T01:09:53.890Z,0.01,0.033,3.3
2026-06-10T01:09:54.090Z,0.01,0.033,3.3
2026-06-10T01:09:54.292Z,0.01,0.033,3.3
2026-06-10T01:09:54.494Z,0.02,0.066,3.3
2026-06-10T01:09:54.696Z,0.02,0.066,3.3
2026-06-10T01:09:54.897Z,0.02,0.066,3.3
2026-06-10T01:09:55.099Z,0.01,0.033,3.3
2026-06-10T01:09:55.299Z,0.01,0.033,3.3
2026-06-10T01:09:55.501Z,0.01,0.033,3.3
2026-06-10T01:09:55.703Z,0.01,0.033,3.3
2026-06-10T01:09:55.905Z,0.02,0.066,3.3
2026-06-10T01:09:56.107Z,0.02,0.066,3.3
2026-06-10T01:09:56.306Z,0.02,0.066,3.3
2026-06-10T01:09:56.507Z,0.02,0.066,3.3
2026-06-10T01:09:56.707Z,0.02,0.066,3.3
2026-06-10T01:09:56.909Z,0.02,0.066,3.3
2026-06-10T01:09:57.110Z,0.01,0.033,3.3
2026-06-10T01:09:57.311Z,0.01,0.033,3.3
2026-06-10T01:09:57.513Z,0.01,0.033,3.3
2026-06-10T01:09:57.715Z,0.01,0.033,3.3
2026-06-10T01:09:57.917Z,0.02,0.066,3.3
2026-06-10T01:09:58.117Z,0.02,0.066,3.3
2026-06-10T01:09:58.320Z,0.02,0.066,3.3
2026-06-10T01:09:58.521Z,0.02,0.066,3.3
2026-06-10T01:09:58.723Z,0.02,0.066,3.3
2026-06-10T01:09:58.923Z,0.01,0.033,3.3
2026-06-10T01:09:59.126Z,0.01,0.033,3.3
2026-06-10T01:09:59.327Z,0.01,0.033,3.3
2026-06-10T01:09:59.529Z,0.01,0.033,3.3
2026-06-10T01:09:59.731Z,0.01,0.033,3.3
2026-06-10T01:09:59.932Z,0.02,0.066,3.3
2026-06-10T01:10:00.133Z,0.02,0.066,3.3
2026-06-10T01:10:00.335Z,0.02,0.066,3.3
2026-06-10T01:10:00.537Z,0.02,0.066,3.3
2026-06-10T01:10:00.739Z,0.01,0.033,3.3
2026-06-10T01:10:00.942Z,0.01,0.033,3.3
2026-06-10T01:10:01.142Z,0.01,0.033,3.3
2026-06-10T01:10:01.344Z,0.02,0.066,3.3
2026-06-10T01:10:01.544Z,0.01,0.033,3.3
2026-06-10T01:10:01.746Z,0.02,0.066,3.3
2026-06-10T01:10:01.948Z,0.01,0.033,3.3
2026-06-10T01:10:02.149Z,0.01,0.033,3.3
2026-06-10T01:10:02.350Z,0.01,0.033,3.3
2026-06-10T01:10:02.552Z,0.01,0.033,3.3
2026-06-10T01:10:02.753Z,0.02,0.066,3.3
2026-06-10T01:10:02.954Z,0.02,0.066,3.3
2026-06-10T01:10:03.156Z,0.02,0.066,3.3
2026-06-10T01:10:03.358Z,0.02,0.066,3.3
2026-06-10T01:10:03.558Z,0.01,0.033,3.3
2026-06-10T01:10:03.761Z,0.01,0.033,3.3
2026-06-10T01:10:03.962Z,0.01,0.033,3.3
2026-06-10T01:10:04.163Z,0.01,0.033,3.3
2026-06-10T01:10:04.365Z,0.02,0.066,3.3
2026-06-10T01:10:04.567Z,0.02,0.066,3.3
2026-06-10T01:10:04.770Z,0.02,0.066,3.3
2026-06-10T01:10:04.970Z,0.03,0.099,3.3
2026-06-10T01:10:05.173Z,0.02,0.066,3.3
2026-06-10T01:10:05.374Z,0.02,0.066,3.3
2026-06-10T01:10:05.575Z,0.01,0.033,3.3
2026-06-10T01:10:05.776Z,0.01,0.033,3.3
2026-06-10T01:10:05.978Z,0.01,0.033,3.3
2026-06-10T01:10:06.180Z,0.01,0.033,3.3
2026-06-10T01:10:06.379Z,0.02,0.066,3.3
2026-06-10T01:10:06.581Z,0.02,0.066,3.3
2026-06-10T01:10:06.782Z,0.02,0.066,3.3
2026-06-10T01:10:06.983Z,0.02,0.066,3.3
2026-06-10T01:10:07.186Z,0.02,0.066,3.3
2026-06-10T01:10:07.388Z,0.01,0.033,3.3
2026-06-10T01:10:07.590Z,0.01,0.033,3.3
2026-06-10T01:10:07.792Z,0.02,0.066,3.3
2026-06-10T01:10:07.994Z,0.02,0.066,3.3
2026-06-10T01:10:08.194Z,0.02,0.066,3.3
2026-06-10T01:10:08.395Z,0.02,0.066,3.3
2026-06-10T01:10:08.596Z,0.02,0.066,3.3
2026-06-10T01:10:08.798Z,0.01,0.033,3.3
2026-06-10T01:10:09.000Z,0.01,0.033,3.3
2026-06-10T01:10:09.202Z,0.01,0.033,3.3
2026-06-10T01:10:09.404Z,0.01,0.033,3.3
2026-06-10T01:10:09.605Z,0.01,0.033,3.3
2026-06-10T01:10:09.806Z,0.02,0.066,3.3
2026-06-10T01:10:10.007Z,0.01,0.033,3.3
2026-06-10T01:10:10.209Z,0.02,0.066,3.3
2026-06-10T01:10:10.413Z,0.02,0.066,3.3
2026-06-10T01:10:10.613Z,0.02,0.066,3.3
2026-06-10T01:10:10.813Z,0.02,0.066,3.3
2026-06-10T01:10:11.014Z,0.01,0.033,3.3
2026-06-10T01:10:11.216Z,0.01,0.033,3.3
2026-06-10T01:10:11.416Z,0.01,0.033,3.3
2026-06-10T01:10:11.618Z,0.01,0.033,3.3
2026-06-10T01:10:11.818Z,0.01,0.033,3.3
2026-06-10T01:10:12.019Z,0.01,0.033,3.3
2026-06-10T01:10:12.221Z,0.01,0.033,3.3
2026-06-10T01:10:12.423Z,0.02,0.066,3.3
2026-06-10T01:10:12.624Z,0.02,0.066,3.3
2026-06-10T01:10:12.824Z,0.02,0.066,3.3
2026-06-10T01:10:13.025Z,0.02,0.066,3.3
2026-06-10T01:10:13.226Z,0.01,0.033,3.3
2026-06-10T01:10:13.427Z,0.01,0.033,3.3
2026-06-10T01:10:13.628Z,0.01,0.033,3.3
2026-06-10T01:10:13.830Z,0.02,0.066,3.3
2026-06-10T01:10:14.030Z,0.02,0.066,3.3
2026-06-10T01:10:14.232Z,0.02,0.066,3.3
2026-06-10T01:10:14.437Z,0.02,0.066,3.3
2026-06-10T01:10:14.638Z,0.02,0.066,3.3
2026-06-10T01:10:14.841Z,0.02,0.066,3.3
2026-06-10T01:10:15.043Z,0.01,0.033,3.3
2026-06-10T01:10:15.244Z,0.02,0.066,3.3
2026-06-10T01:10:15.446Z,0.02,0.066,3.3
2026-06-10T01:10:15.646Z,0.02,0.066,3.3
2026-06-10T01:10:15.847Z,0.01,0.033,3.3
2026-06-10T01:10:16.049Z,0.01,0.033,3.3
2026-06-10T01:10:16.250Z,0.01,0.033,3.3
2026-06-10T01:10:16.451Z,0.02,0.066,3.3
2026-06-10T01:10:16.653Z,0.02,0.066,3.3
2026-06-10T01:10:16.854Z,0.02,0.066,3.3
2026-06-10T01:10:17.056Z,0.02,0.066,3.3
2026-06-10T01:10:17.258Z,0.02,0.066,3.3
2026-06-10T01:10:17.458Z,0.02,0.066,3.3
2026-06-10T01:10:17.660Z,0.02,0.066,3.3
2026-06-10T01:10:17.862Z,0.02,0.066,3.3
2026-06-10T01:10:18.064Z,0.02,0.066,3.3
2026-06-10T01:10:18.265Z,0.02,0.066,3.3
2026-06-10T01:10:18.467Z,0.02,0.066,3.3
2026-06-10T01:10:18.668Z,0.01,0.033,3.3
2026-06-10T01:10:18.870Z,0.02,0.066,3.3
2026-06-10T01:10:19.070Z,0.02,0.066,3.3
2026-06-10T01:10:19.271Z,0.01,0.033,3.3
2026-06-10T01:10:19.474Z,0.01,0.033,3.3
2026-06-10T01:10:19.675Z,0.01,0.033,3.3
2026-06-10T01:10:19.876Z,0.01,0.033,3.3
2026-06-10T01:10:20.077Z,0.02,0.066,3.3
2026-06-10T01:10:20.278Z,0.02,0.066,3.3
2026-06-10T01:10:20.481Z,0.02,0.066,3.3
2026-06-10T01:10:20.682Z,0.02,0.066,3.3
2026-06-10T01:10:20.883Z,0.02,0.066,3.3
2026-06-10T01:10:21.083Z,0.01,0.033,3.3
2026-06-10T01:10:21.285Z,0.01,0.033,3.3
2026-06-10T01:10:21.488Z,0.01,0.033,3.3
2026-06-10T01:10:21.690Z,0.01,0.033,3.3
2026-06-10T01:10:21.891Z,0.01,0.033,3.3
2026-06-10T01:10:22.093Z,0.02,0.066,3.3
2026-06-10T01:10:22.295Z,0.02,0.066,3.3
2026-06-10T01:10:22.496Z,0.02,0.066,3.3
2026-06-10T01:10:22.698Z,0.02,0.066,3.3
2026-06-10T01:10:22.899Z,0.01,0.033,3.3
2026-06-10T01:10:23.100Z,0.01,0.033,3.3
2026-06-10T01:10:23.301Z,0.01,0.033,3.3
2026-06-10T01:10:23.504Z,0,0,3.3
2026-06-10T01:10:23.704Z,0.01,0.033,3.3
2026-06-10T01:10:23.907Z,0.01,0.033,3.3
2026-06-10T01:10:24.108Z,0.01,0.033,3.3
2026-06-10T01:10:24.311Z,0.01,0.033,3.3
2026-06-10T01:10:24.512Z,0.02,0.066,3.3
2026-06-10T01:10:24.712Z,0.02,0.066,3.3
2026-06-10T01:10:24.913Z,0.02,0.066,3.3
2026-06-10T01:10:25.115Z,0.02,0.066,3.3
2026-06-10T01:10:25.317Z,0.01,0.033,3.3
2026-06-10T01:10:25.517Z,0.01,0.033,3.3
2026-06-10T01:10:25.718Z,0.01,0.033,3.3
2026-06-10T01:10:25.921Z,0.01,0.033,3.3
2026-06-10T01:10:26.122Z,0.02,0.066,3.3
2026-06-10T01:10:26.324Z,0.02,0.066,3.3
2026-06-10T01:10:26.524Z,0.02,0.066,3.3
2026-06-10T01:10:26.725Z,0.02,0.066,3.3
2026-06-10T01:10:26.926Z,0.01,0.033,3.3
2026-06-10T01:10:27.129Z,0,0,3.3
2026-06-10T01:10:27.330Z,0.01,0.033,3.3
2026-06-10T01:10:27.532Z,0.02,0.066,3.3
2026-06-10T01:10:27.734Z,0.01,0.033,3.3
2026-06-10T01:10:27.934Z,0.01,0.033,3.3
2026-06-10T01:10:28.136Z,0.01,0.033,3.3
2026-06-10T01:10:28.338Z,0.02,0.066,3.3
2026-06-10T01:10:28.539Z,0.03,0.099,3.3
2026-06-10T01:10:28.740Z,0.02,0.066,3.3
2026-06-10T01:10:28.943Z,0.01,0.033,3.3
2026-06-10T01:10:29.144Z,0.01,0.033,3.3
2026-06-10T01:10:29.346Z,0.01,0.033,3.3
2026-06-10T01:10:29.549Z,0,0,3.3
2026-06-10T01:10:29.750Z,0.01,0.033,3.3
2026-06-10T01:10:29.953Z,0.01,0.033,3.3
2026-06-10T01:10:30.154Z,0.01,0.033,3.3
2026-06-10T01:10:30.356Z,0.01,0.033,3.3
2026-06-10T01:10:30.557Z,0.01,0.033,3.3
2026-06-10T01:10:30.759Z,0.01,0.033,3.3
2026-06-10T01:10:30.961Z,0.01,0.033,3.3
2026-06-10T01:10:31.162Z,0.01,0.033,3.3
2026-06-10T01:10:31.365Z,0.01,0.033,3.3
2026-06-10T01:10:31.566Z,0.02,0.066,3.3
2026-06-10T01:10:31.767Z,0.02,0.066,3.3
2026-06-10T01:10:31.967Z,0.02,0.066,3.3
2026-06-10T01:10:32.170Z,0.02,0.066,3.3
2026-06-10T01:10:32.372Z,0.02,0.066,3.3
2026-06-10T01:10:32.573Z,0.01,0.033,3.3
2026-06-10T01:10:32.774Z,0.01,0.033,3.3
2026-06-10T01:10:32.975Z,0.02,0.066,3.3
2026-06-10T01:10:33.175Z,0.02,0.066,3.3
2026-06-10T01:10:33.376Z,0.02,0.066,3.3
2026-06-10T01:10:33.577Z,0.02,0.066,3.3
2026-06-10T01:10:33.780Z,0.02,0.066,3.3
2026-06-10T01:10:33.982Z,0.02,0.066,3.3
2026-06-10T01:10:34.182Z,0.01,0.033,3.3
2026-06-10T01:10:34.384Z,0,0,3.3
2026-06-10T01:10:34.586Z,0,0,3.3
2026-06-10T01:10:34.788Z,0.01,0.033,3.3
2026-06-10T01:10:34.989Z,0.01,0.033,3.3
2026-06-10T01:10:35.190Z,0,0,3.3
2026-06-10T01:10:35.391Z,0,0,3.3
2026-06-10T01:10:35.592Z,0,0,3.3
2026-06-10T01:10:35.793Z,0.01,0.033,3.3
2026-06-10T01:10:35.994Z,0.02,0.066,3.3
2026-06-10T01:10:36.196Z,0.01,0.033,3.3
2026-06-10T01:10:36.397Z,0.02,0.066,3.3
2026-06-10T01:10:36.599Z,0.02,0.066,3.3
2026-06-10T01:10:36.800Z,0.03,0.099,3.3
2026-06-10T01:10:37.002Z,0.02,0.066,3.3
2026-06-10T01:10:37.203Z,0.02,0.066,3.3
2026-06-10T01:10:37.411Z,0.02,0.066,3.3
2026-06-10T01:10:37.607Z,0.01,0.033,3.3
2026-06-10T01:10:37.809Z,0.01,0.033,3.3
2026-06-10T01:10:38.009Z,0.01,0.033,3.3
2026-06-10T01:10:38.210Z,0.01,0.033,3.3
2026-06-10T01:10:38.413Z,0.01,0.033,3.3
2026-06-10T01:10:38.615Z,0.01,0.033,3.3
2026-06-10T01:10:38.818Z,0.02,0.066,3.3
2026-06-10T01:10:39.019Z,0.02,0.066,3.3
2026-06-10T01:10:39.221Z,0.02,0.066,3.3
2026-06-10T01:10:39.426Z,0.02,0.066,3.3
2026-06-10T01:10:39.628Z,0.01,0.033,3.3
2026-06-10T01:10:39.829Z,0.01,0.033,3.3
2026-06-10T01:10:40.029Z,0.01,0.033,3.3
2026-06-10T01:10:40.231Z,0.01,0.033,3.3
2026-06-10T01:10:40.443Z,7.42,24.486,3.3
2026-06-10T01:10:40.640Z,48.39,159.687,3.3
2026-06-10T01:10:40.842Z,64.98,214.434,3.3
2026-06-10T01:10:41.044Z,65.28,215.424,3.3
2026-06-10T01:10:41.246Z,68.23,225.159,3.3
2026-06-10T01:10:41.453Z,72.14,238.062,3.3
2026-06-10T01:10:41.655Z,66.9,220.77,3.3
2026-06-10T01:10:41.855Z,56.7,187.11,3.3
2026-06-10T01:10:42.057Z,53.61,176.913,3.3
2026-06-10T01:10:42.258Z,51.65,170.445,3.3
2026-06-10T01:10:42.460Z,55.24,182.292,3.3
2026-06-10T01:10:42.660Z,63.04,208.032,3.3
2026-06-10T01:10:42.862Z,68.28,225.324,3.3
2026-06-10T01:10:43.064Z,67.3,222.09,3.3
2026-06-10T01:10:43.266Z,62.41,205.953,3.3
2026-06-10T01:10:43.468Z,62.92,207.636,3.3
2026-06-10T01:10:43.670Z,62.46,206.118,3.3
2026-06-10T01:10:43.871Z,61.72,203.676,3.3
2026-06-10T01:10:44.073Z,62.97,207.801,3.3
2026-06-10T01:10:44.276Z,64.04,211.332,3.3
2026-06-10T01:10:44.477Z,63.18,208.494,3.3
2026-06-10T01:10:44.678Z,112.01,369.633,3.3
2026-06-10T01:10:44.879Z,139.23,459.459,3.3
2026-06-10T01:10:45.079Z,104.37,344.421,3.3
2026-06-10T01:10:45.281Z,102.61,338.613,3.3
2026-06-10T01:10:45.482Z,117.9,389.07,3.3
2026-06-10T01:10:45.684Z,121.52,401.016,3.3
2026-06-10T01:10:45.885Z,102.36,337.788,3.3
2026-06-10T01:10:46.087Z,102.72,338.976,3.3
2026-06-10T01:10:46.288Z,101.37,334.521,3.3
2026-06-10T01:10:46.489Z,101.76,335.808,3.3
2026-06-10T01:10:46.691Z,114.26,377.058,3.3
2026-06-10T01:10:46.892Z,120.7,398.31,3.3
2026-06-10T01:10:47.094Z,106.89,352.737,3.3
2026-06-10T01:10:47.295Z,95.11,313.863,3.3
2026-06-10T01:10:47.497Z,92.49,305.217,3.3
2026-06-10T01:10:47.699Z,92.62,305.646,3.3
2026-06-10T01:10:47.899Z,95.89,316.437,3.3
2026-06-10T01:10:48.101Z,96.36,317.988,3.3
2026-06-10T01:10:48.302Z,97.47,321.651,3.3
2026-06-10T01:10:48.504Z,85.35,281.655,3.3
2026-06-10T01:10:48.705Z,59.84,197.472,3.3
2026-06-10T01:10:48.906Z,35.11,115.863,3.3
2026-06-10T01:10:49.107Z,2.92,9.636,3.3
2026-06-10T01:10:49.309Z,1.28,4.224,3.3
2026-06-10T01:10:49.511Z,0.05,0.165,3.3
2026-06-10T01:10:49.713Z,0.02,0.066,3.3
2026-06-10T01:10:49.915Z,0.02,0.066,3.3
2026-06-10T01:10:50.116Z,0.01,0.033,3.3
2026-06-10T01:10:50.318Z,0.01,0.033,3.3
2026-06-10T01:10:50.519Z,0.01,0.033,3.3
2026-06-10T01:10:50.721Z,0.01,0.033,3.3
2026-06-10T01:10:50.922Z,0.01,0.033,3.3
2026-06-10T01:10:51.124Z,0.02,0.066,3.3
2026-06-10T01:10:51.326Z,0.02,0.066,3.3
2026-06-10T01:10:51.528Z,0.02,0.066,3.3
2026-06-10T01:10:51.730Z,0.01,0.033,3.3
2026-06-10T01:10:51.930Z,0.01,0.033,3.3
2026-06-10T01:10:52.132Z,0.01,0.033,3.3
2026-06-10T01:10:52.332Z,0,0,3.3
2026-06-10T01:10:52.534Z,0,0,3.3
2026-06-10T01:10:52.735Z,0,0,3.3
2026-06-10T01:10:52.937Z,0,0,3.3
2026-06-10T01:10:53.139Z,0,0,3.3
2026-06-10T01:10:53.342Z,0,0,3.3
2026-06-10T01:10:53.543Z,0.01,0.033,3.3
2026-06-10T01:10:53.745Z,0.01,0.033,3.3
2026-06-10T01:10:53.946Z,0.01,0.033,3.3
2026-06-10T01:10:54.148Z,0.01,0.033,3.3
2026-06-10T01:10:54.350Z,0.01,0.033,3.3
2026-06-10T01:10:54.552Z,0.02,0.066,3.3
2026-06-10T01:10:54.752Z,0.02,0.066,3.3
2026-06-10T01:10:54.954Z,0.02,0.066,3.3
2026-06-10T01:10:55.154Z,0.02,0.066,3.3
2026-06-10T01:10:55.354Z,0.02,0.066,3.3
2026-06-10T01:10:55.556Z,0.02,0.066,3.3
2026-06-10T01:10:55.757Z,0.02,0.066,3.3
2026-06-10T01:10:55.959Z,0.02,0.066,3.3
2026-06-10T01:10:56.166Z,0.02,0.066,3.3
2026-06-10T01:10:56.367Z,0.02,0.066,3.3
2026-06-10T01:10:56.575Z,0.02,0.066,3.3
2026-06-10T01:10:56.776Z,0.02,0.066,3.3
2026-06-10T01:10:56.978Z,0.02,0.066,3.3
2026-06-10T01:10:57.180Z,0.01,0.033,3.3
2026-06-10T01:10:57.383Z,0.01,0.033,3.3
2026-06-10T01:10:57.584Z,0.01,0.033,3.3
2026-06-10T01:10:57.785Z,0.02,0.066,3.3
2026-06-10T01:10:57.986Z,0.02,0.066,3.3
2026-06-10T01:10:58.187Z,0.01,0.033,3.3
2026-06-10T01:10:58.389Z,0.02,0.066,3.3
2026-06-10T01:10:58.591Z,0.02,0.066,3.3
2026-06-10T01:10:58.793Z,0.02,0.066,3.3
2026-06-10T01:10:58.995Z,0.01,0.033,3.3
2026-06-10T01:10:59.196Z,0.01,0.033,3.3
2026-06-10T01:10:59.397Z,0.02,0.066,3.3
2026-06-10T01:10:59.599Z,0.02,0.066,3.3
2026-06-10T01:10:59.801Z,0.02,0.066,3.3
2026-06-10T01:11:00.015Z,0.02,0.066,3.3
2026-06-10T01:11:00.205Z,0.01,0.033,3.3
2026-06-10T01:11:00.410Z,0.02,0.066,3.3
2026-06-10T01:11:00.609Z,0.02,0.066,3.3
2026-06-10T01:11:00.810Z,0.02,0.066,3.3
2026-06-10T01:11:01.013Z,0.02,0.066,3.3
2026-06-10T01:11:01.215Z,0.02,0.066,3.3
2026-06-10T01:11:01.416Z,0.02,0.066,3.3
2026-06-10T01:11:01.618Z,0.02,0.066,3.3
2026-06-10T01:11:01.819Z,0.01,0.033,3.3
2026-06-10T01:11:02.019Z,0.01,0.033,3.3
2026-06-10T01:11:02.219Z,0.02,0.066,3.3
2026-06-10T01:11:02.420Z,0.02,0.066,3.3
2026-06-10T01:11:02.621Z,0.02,0.066,3.3
2026-06-10T01:11:02.821Z,0.02,0.066,3.3
2026-06-10T01:11:03.023Z,0.02,0.066,3.3
2026-06-10T01:11:03.225Z,0.02,0.066,3.3
2026-06-10T01:11:03.427Z,0.01,0.033,3.3
2026-06-10T01:11:03.629Z,0.01,0.033,3.3
2026-06-10T01:11:03.830Z,0.02,0.066,3.3
2026-06-10T01:11:04.033Z,0.02,0.066,3.3
2026-06-10T01:11:04.235Z,0.02,0.066,3.3
2026-06-10T01:11:04.439Z,0.02,0.066,3.3
2026-06-10T01:11:04.640Z,0.02,0.066,3.3
2026-06-10T01:11:04.841Z,0.02,0.066,3.3
2026-06-10T01:11:05.042Z,0.02,0.066,3.3
2026-06-10T01:11:05.243Z,0.02,0.066,3.3
2026-06-10T01:11:05.444Z,0.02,0.066,3.3
2026-06-10T01:11:05.645Z,0.02,0.066,3.3
2026-06-10T01:11:05.846Z,0.01,0.033,3.3
2026-06-10T01:11:06.047Z,0.01,0.033,3.3
2026-06-10T01:11:06.247Z,0.01,0.033,3.3
2026-06-10T01:11:06.449Z,0.01,0.033,3.3
2026-06-10T01:11:06.650Z,0.01,0.033,3.3
2026-06-10T01:11:06.851Z,0.02,0.066,3.3
2026-06-10T01:11:07.052Z,0.02,0.066,3.3
2026-06-10T01:11:07.254Z,0.02,0.066,3.3
2026-06-10T01:11:07.455Z,0.02,0.066,3.3
2026-06-10T01:11:07.656Z,0.01,0.033,3.3
2026-06-10T01:11:07.856Z,0.01,0.033,3.3
2026-06-10T01:11:08.058Z,0.01,0.033,3.3
2026-06-10T01:11:08.259Z,0.01,0.033,3.3
2026-06-10T01:11:08.461Z,0,0,3.3
2026-06-10T01:11:08.662Z,0,0,3.3
2026-06-10T01:11:08.864Z,0,0,3.3
2026-06-10T01:11:09.066Z,0,0,3.3
2026-06-10T01:11:09.268Z,0,0,3.3
2026-06-10T01:11:09.469Z,0,0,3.3
2026-06-10T01:11:09.670Z,0.01,0.033,3.3
2026-06-10T01:11:09.872Z,0.01,0.033,3.3
2026-06-10T01:11:10.074Z,0.01,0.033,3.3
2026-06-10T01:11:10.276Z,0.01,0.033,3.3
2026-06-10T01:11:10.477Z,0.01,0.033,3.3
2026-06-10T01:11:10.678Z,0.01,0.033,3.3
2026-06-10T01:11:10.879Z,0.01,0.033,3.3
2026-06-10T01:11:11.081Z,0.01,0.033,3.3
2026-06-10T01:11:11.282Z,0.01,0.033,3.3
2026-06-10T01:11:11.483Z,0.01,0.033,3.3
2026-06-10T01:11:11.683Z,0.01,0.033,3.3
2026-06-10T01:11:11.885Z,0.01,0.033,3.3
2026-06-10T01:11:12.087Z,0.02,0.066,3.3
2026-06-10T01:11:12.288Z,0.02,0.066,3.3
2026-06-10T01:11:12.490Z,0.02,0.066,3.3
2026-06-10T01:11:12.691Z,0,0,3.3
2026-06-10T01:11:12.893Z,0,0,3.3
2026-06-10T01:11:13.094Z,0.01,0.033,3.3
2026-06-10T01:11:13.296Z,0.02,0.066,3.3
2026-06-10T01:11:13.497Z,0.02,0.066,3.3
2026-06-10T01:11:13.698Z,0.02,0.066,3.3
2026-06-10T01:11:13.899Z,0.02,0.066,3.3
2026-06-10T01:11:14.100Z,0.02,0.066,3.3
2026-06-10T01:11:14.300Z,0.01,0.033,3.3
2026-06-10T01:11:14.502Z,0.01,0.033,3.3
2026-06-10T01:11:14.705Z,0.01,0.033,3.3
2026-06-10T01:11:14.906Z,0.01,0.033,3.3
2026-06-10T01:11:15.108Z,0.01,0.033,3.3
2026-06-10T01:11:15.308Z,0.02,0.066,3.3
2026-06-10T01:11:15.510Z,0.02,0.066,3.3
2026-06-10T01:11:15.711Z,0.01,0.033,3.3
2026-06-10T01:11:15.913Z,0.01,0.033,3.3
2026-06-10T01:11:16.115Z,0.01,0.033,3.3
2026-06-10T01:11:16.317Z,0.01,0.033,3.3
2026-06-10T01:11:16.520Z,0.02,0.066,3.3
2026-06-10T01:11:16.721Z,0.03,0.099,3.3
2026-06-10T01:11:16.922Z,0.02,0.066,3.3
2026-06-10T01:11:17.124Z,0.02,0.066,3.3
2026-06-10T01:11:17.324Z,0.01,0.033,3.3
2026-06-10T01:11:17.526Z,0.01,0.033,3.3
2026-06-10T01:11:17.728Z,0.01,0.033,3.3
2026-06-10T01:11:17.929Z,0.01,0.033,3.3
2026-06-10T01:11:18.130Z,0.01,0.033,3.3
2026-06-10T01:11:18.331Z,0.01,0.033,3.3
2026-06-10T01:11:18.532Z,0.01,0.033,3.3
2026-06-10T01:11:18.733Z,0.01,0.033,3.3
2026-06-10T01:11:18.934Z,0.01,0.033,3.3
2026-06-10T01:11:19.136Z,0.01,0.033,3.3
2026-06-10T01:11:19.337Z,0.02,0.066,3.3
2026-06-10T01:11:19.538Z,0.02,0.066,3.3
2026-06-10T01:11:19.740Z,0.02,0.066,3.3
2026-06-10T01:11:19.942Z,0.02,0.066,3.3
2026-06-10T01:11:20.144Z,0.02,0.066,3.3
2026-06-10T01:11:20.346Z,0.02,0.066,3.3
2026-06-10T01:11:20.548Z,0.01,0.033,3.3
2026-06-10T01:11:20.750Z,0.02,0.066,3.3
2026-06-10T01:11:20.952Z,0.02,0.066,3.3
2026-06-10T01:11:21.154Z,0.02,0.066,3.3
2026-06-10T01:11:21.355Z,0.02,0.066,3.3
2026-06-10T01:11:21.556Z,0.02,0.066,3.3
2026-06-10T01:11:21.756Z,0.02,0.066,3.3
2026-06-10T01:11:21.957Z,0.01,0.033,3.3
2026-06-10T01:11:22.157Z,0.01,0.033,3.3
2026-06-10T01:11:22.359Z,0.01,0.033,3.3
2026-06-10T01:11:22.561Z,0.02,0.066,3.3
2026-06-10T01:11:22.764Z,0.02,0.066,3.3
2026-06-10T01:11:22.967Z,0.02,0.066,3.3
2026-06-10T01:11:23.167Z,0.02,0.066,3.3
2026-06-10T01:11:23.368Z,0.01,0.033,3.3
2026-06-10T01:11:23.569Z,0.01,0.033,3.3
2026-06-10T01:11:23.771Z,0.02,0.066,3.3
2026-06-10T01:11:23.973Z,0.02,0.066,3.3
2026-06-10T01:11:24.176Z,0.02,0.066,3.3
2026-06-10T01:11:24.376Z,0.02,0.066,3.3
2026-06-10T01:11:24.578Z,0.01,0.033,3.3
2026-06-10T01:11:24.779Z,0.01,0.033,3.3
2026-06-10T01:11:24.980Z,0.01,0.033,3.3
2026-06-10T01:11:25.181Z,0.01,0.033,3.3
2026-06-10T01:11:25.385Z,0.01,0.033,3.3
2026-06-10T01:11:25.586Z,0.02,0.066,3.3
2026-06-10T01:11:25.787Z,0.02,0.066,3.3
2026-06-10T01:11:25.988Z,0.02,0.066,3.3
2026-06-10T01:11:26.189Z,0.02,0.066,3.3
2026-06-10T01:11:26.391Z,0.02,0.066,3.3
2026-06-10T01:11:26.593Z,0.01,0.033,3.3
2026-06-10T01:11:26.795Z,0.01,0.033,3.3
2026-06-10T01:11:26.997Z,0.01,0.033,3.3
2026-06-10T01:11:27.199Z,0.01,0.033,3.3
2026-06-10T01:11:27.401Z,0.02,0.066,3.3
2026-06-10T01:11:27.603Z,0.02,0.066,3.3
2026-06-10T01:11:27.804Z,0.02,0.066,3.3
2026-06-10T01:11:28.006Z,0.01,0.033,3.3
2026-06-10T01:11:28.207Z,0.02,0.066,3.3
2026-06-10T01:11:28.413Z,0.01,0.033,3.3
2026-06-10T01:11:28.610Z,0.01,0.033,3.3
2026-06-10T01:11:28.812Z,0.01,0.033,3.3
2026-06-10T01:11:29.013Z,0.02,0.066,3.3
2026-06-10T01:11:29.215Z,0.02,0.066,3.3
2026-06-10T01:11:29.416Z,0.02,0.066,3.3
2026-06-10T01:11:29.618Z,0.02,0.066,3.3
2026-06-10T01:11:29.820Z,0.01,0.033,3.3
2026-06-10T01:11:30.023Z,0.02,0.066,3.3
2026-06-10T01:11:30.225Z,0.01,0.033,3.3
2026-06-10T01:11:30.427Z,0.01,0.033,3.3
2026-06-10T01:11:30.629Z,0.01,0.033,3.3
2026-06-10T01:11:30.830Z,0.02,0.066,3.3
2026-06-10T01:11:31.031Z,0.02,0.066,3.3
2026-06-10T01:11:31.233Z,0.02,0.066,3.3
2026-06-10T01:11:31.436Z,0.02,0.066,3.3
2026-06-10T01:11:31.638Z,0.02,0.066,3.3
2026-06-10T01:11:31.839Z,0.01,0.033,3.3
2026-06-10T01:11:32.039Z,0.01,0.033,3.3
2026-06-10T01:11:32.240Z,0.01,0.033,3.3
2026-06-10T01:11:32.442Z,0.02,0.066,3.3
2026-06-10T01:11:32.644Z,0.02,0.066,3.3
2026-06-10T01:11:32.846Z,0.02,0.066,3.3
2026-06-10T01:11:33.047Z,0.02,0.066,3.3
2026-06-10T01:11:33.248Z,0.02,0.066,3.3
2026-06-10T01:11:33.451Z,0.01,0.033,3.3
2026-06-10T01:11:33.651Z,0.02,0.066,3.3
2026-06-10T01:11:33.851Z,0.02,0.066,3.3
2026-06-10T01:11:34.054Z,0.02,0.066,3.3
2026-06-10T01:11:34.256Z,0.02,0.066,3.3
2026-06-10T01:11:34.457Z,0.01,0.033,3.3
2026-06-10T01:11:34.659Z,0.01,0.033,3.3
2026-06-10T01:11:34.861Z,0.02,0.066,3.3
2026-06-10T01:11:35.062Z,0.02,0.066,3.3
2026-06-10T01:11:35.264Z,0.02,0.066,3.3
2026-06-10T01:11:35.464Z,0.02,0.066,3.3
2026-06-10T01:11:35.665Z,0.01,0.033,3.3
2026-06-10T01:11:35.866Z,0.01,0.033,3.3
2026-06-10T01:11:36.067Z,0.02,0.066,3.3
2026-06-10T01:11:36.269Z,0.02,0.066,3.3
2026-06-10T01:11:36.472Z,0.02,0.066,3.3
2026-06-10T01:11:36.674Z,0.02,0.066,3.3
2026-06-10T01:11:36.876Z,0.02,0.066,3.3
2026-06-10T01:11:37.079Z,0.02,0.066,3.3
2026-06-10T01:11:37.280Z,0.01,0.033,3.3
2026-06-10T01:11:37.481Z,0.01,0.033,3.3
2026-06-10T01:11:37.683Z,0.01,0.033,3.3
2026-06-10T01:11:37.884Z,0.01,0.033,3.3
2026-06-10T01:11:38.086Z,0.02,0.066,3.3
2026-06-10T01:11:38.288Z,0.02,0.066,3.3
2026-06-10T01:11:38.489Z,0.02,0.066,3.3
2026-06-10T01:11:38.692Z,0.01,0.033,3.3
2026-06-10T01:11:38.892Z,0.01,0.033,3.3
2026-06-10T01:11:39.094Z,0,0,3.3
2026-06-10T01:11:39.296Z,0,0,3.3
2026-06-10T01:11:39.496Z,17.6,58.08,3.3
2026-06-10T01:11:39.698Z,58.57,193.281,3.3
2026-06-10T01:11:39.900Z,65.57,216.381,3.3
2026-06-10T01:11:40.102Z,65.27,215.391,3.3
2026-06-10T01:11:40.305Z,72.19,238.227,3.3
2026-06-10T01:11:40.505Z,72.49,239.217,3.3
2026-06-10T01:11:40.706Z,62.93,207.669,3.3
2026-06-10T01:11:40.908Z,56.49,186.417,3.3
2026-06-10T01:11:41.110Z,52.29,172.557,3.3
2026-06-10T01:11:41.314Z,51.66,170.478,3.3
2026-06-10T01:11:41.515Z,57.03,188.199,3.3
2026-06-10T01:11:41.716Z,66.34,218.922,3.3
2026-06-10T01:11:41.917Z,68.46,225.918,3.3
2026-06-10T01:11:42.119Z,64.62,213.246,3.3
2026-06-10T01:11:42.321Z,62.65,206.745,3.3
2026-06-10T01:11:42.522Z,62.68,206.844,3.3
2026-06-10T01:11:42.724Z,61.46,202.818,3.3
2026-06-10T01:11:42.926Z,62.69,206.877,3.3
2026-06-10T01:11:43.129Z,63.47,209.451,3.3
2026-06-10T01:11:43.331Z,63.81,210.573,3.3
2026-06-10T01:11:43.532Z,102.91,339.603,3.3
2026-06-10T01:11:43.734Z,145.06,478.698,3.3
2026-06-10T01:11:43.935Z,140.7,464.31,3.3
2026-06-10T01:11:44.137Z,105.82,349.206,3.3
2026-06-10T01:11:44.339Z,103.72,342.276,3.3
2026-06-10T01:11:44.539Z,104.07,343.431,3.3
2026-06-10T01:11:44.741Z,102.72,338.976,3.3
2026-06-10T01:11:44.943Z,99.34,327.822,3.3
2026-06-10T01:11:45.145Z,103.34,341.022,3.3
2026-06-10T01:11:45.346Z,116.85,385.605,3.3
2026-06-10T01:11:45.547Z,120.67,398.211,3.3
2026-06-10T01:11:45.749Z,104.68,345.444,3.3
2026-06-10T01:11:45.951Z,94.03,310.299,3.3
2026-06-10T01:11:46.153Z,92.96,306.768,3.3
2026-06-10T01:11:46.354Z,93.72,309.276,3.3
2026-06-10T01:11:46.555Z,96.8,319.44,3.3
2026-06-10T01:11:46.756Z,101.88,336.204,3.3
2026-06-10T01:11:46.958Z,101.1,333.63,3.3
2026-06-10T01:11:47.159Z,83.58,275.814,3.3
2026-06-10T01:11:47.361Z,56.99,188.067,3.3
2026-06-10T01:11:47.562Z,24.35,80.355,3.3
2026-06-10T01:11:47.765Z,2.43,8.019,3.3
2026-06-10T01:11:47.966Z,0.7,2.31,3.3
2026-06-10T01:11:48.168Z,0.04,0.132,3.3
2026-06-10T01:11:48.370Z,0.02,0.066,3.3
2026-06-10T01:11:48.572Z,0.02,0.066,3.3
2026-06-10T01:11:48.774Z,0.01,0.033,3.3
2026-06-10T01:11:48.975Z,0,0,3.3
2026-06-10T01:11:49.176Z,0.01,0.033,3.3
2026-06-10T01:11:49.378Z,0.01,0.033,3.3
2026-06-10T01:11:49.579Z,0.01,0.033,3.3
2026-06-10T01:11:49.781Z,0.01,0.033,3.3
2026-06-10T01:11:49.982Z,0.02,0.066,3.3
2026-06-10T01:11:50.182Z,0.02,0.066,3.3
2026-06-10T01:11:50.385Z,0.02,0.066,3.3
2026-06-10T01:11:50.587Z,0.02,0.066,3.3
2026-06-10T01:11:50.787Z,0.02,0.066,3.3
2026-06-10T01:11:50.987Z,0.01,0.033,3.3
2026-06-10T01:11:51.189Z,0.01,0.033,3.3
2026-06-10T01:11:51.391Z,0.01,0.033,3.3
2026-06-10T01:11:51.593Z,0.01,0.033,3.3
2026-06-10T01:11:51.794Z,0.01,0.033,3.3
2026-06-10T01:11:51.995Z,0.01,0.033,3.3
2026-06-10T01:11:52.197Z,0.02,0.066,3.3
2026-06-10T01:11:52.399Z,0.02,0.066,3.3
2026-06-10T01:11:52.602Z,0.02,0.066,3.3
2026-06-10T01:11:52.803Z,0.02,0.066,3.3
2026-06-10T01:11:53.004Z,0.02,0.066,3.3
2026-06-10T01:11:53.204Z,0.02,0.066,3.3
2026-06-10T01:11:53.407Z,0.01,0.033,3.3
2026-06-10T01:11:53.607Z,0.01,0.033,3.3
2026-06-10T01:11:53.809Z,0.02,0.066,3.3
2026-06-10T01:11:54.010Z,0.02,0.066,3.3
2026-06-10T01:11:54.212Z,0.02,0.066,3.3
2026-06-10T01:11:54.412Z,0.01,0.033,3.3
2026-06-10T01:11:54.614Z,0.01,0.033,3.3
2026-06-10T01:11:54.815Z,0.01,0.033,3.3
2026-06-10T01:11:55.017Z,0.01,0.033,3.3
2026-06-10T01:11:55.219Z,0.01,0.033,3.3
2026-06-10T01:11:55.420Z,0.02,0.066,3.3
2026-06-10T01:11:55.621Z,0.02,0.066,3.3
2026-06-10T01:11:55.821Z,0.02,0.066,3.3
2026-06-10T01:11:56.022Z,0.02,0.066,3.3
2026-06-10T01:11:56.222Z,0.02,0.066,3.3
2026-06-10T01:11:56.424Z,0.02,0.066,3.3
2026-06-10T01:11:56.625Z,0.02,0.066,3.3
2026-06-10T01:11:56.827Z,0.02,0.066,3.3
2026-06-10T01:11:57.027Z,0.01,0.033,3.3
2026-06-10T01:11:57.227Z,0.01,0.033,3.3
2026-06-10T01:11:57.431Z,0.01,0.033,3.3
2026-06-10T01:11:57.631Z,0.01,0.033,3.3
2026-06-10T01:11:57.832Z,0.01,0.033,3.3
2026-06-10T01:11:58.035Z,0.02,0.066,3.3
2026-06-10T01:11:58.235Z,0.02,0.066,3.3
2026-06-10T01:11:58.438Z,0.02,0.066,3.3
2026-06-10T01:11:58.639Z,0.02,0.066,3.3
2026-06-10T01:11:58.840Z,0.02,0.066,3.3
2026-06-10T01:11:59.042Z,0.02,0.066,3.3
2026-06-10T01:11:59.243Z,0.02,0.066,3.3
2026-06-10T01:11:59.444Z,0.02,0.066,3.3
2026-06-10T01:11:59.645Z,0.02,0.066,3.3
2026-06-10T01:11:59.846Z,0.02,0.066,3.3
2026-06-10T01:12:00.048Z,0.01,0.033,3.3
2026-06-10T01:12:00.250Z,0.01,0.033,3.3
2026-06-10T01:12:00.451Z,0.01,0.033,3.3
2026-06-10T01:12:00.652Z,0.01,0.033,3.3
2026-06-10T01:12:00.853Z,0.01,0.033,3.3
2026-06-10T01:12:01.055Z,0.02,0.066,3.3
2026-06-10T01:12:01.257Z,0.02,0.066,3.3
2026-06-10T01:12:01.458Z,0.03,0.099,3.3
2026-06-10T01:12:01.659Z,0.02,0.066,3.3
2026-06-10T01:12:01.860Z,0.01,0.033,3.3
2026-06-10T01:12:02.065Z,0.01,0.033,3.3
2026-06-10T01:12:02.264Z,0.01,0.033,3.3
2026-06-10T01:12:02.464Z,0.02,0.066,3.3
2026-06-10T01:12:02.667Z,0.02,0.066,3.3
2026-06-10T01:12:02.869Z,0.02,0.066,3.3
2026-06-10T01:12:03.070Z,0.02,0.066,3.3
2026-06-10T01:12:03.271Z,0.01,0.033,3.3
2026-06-10T01:12:03.473Z,0.01,0.033,3.3
2026-06-10T01:12:03.675Z,0.01,0.033,3.3
2026-06-10T01:12:03.876Z,0.02,0.066,3.3
2026-06-10T01:12:04.078Z,0.02,0.066,3.3
2026-06-10T01:12:04.279Z,0.02,0.066,3.3
2026-06-10T01:12:04.480Z,0.02,0.066,3.3
2026-06-10T01:12:04.683Z,0.02,0.066,3.3
2026-06-10T01:12:04.884Z,0.01,0.033,3.3
2026-06-10T01:12:05.085Z,0.01,0.033,3.3
2026-06-10T01:12:05.286Z,0.02,0.066,3.3
2026-06-10T01:12:05.488Z,0.02,0.066,3.3
2026-06-10T01:12:05.689Z,0.02,0.066,3.3
2026-06-10T01:12:05.890Z,0.01,0.033,3.3
2026-06-10T01:12:06.092Z,0.01,0.033,3.3
2026-06-10T01:12:06.293Z,0.01,0.033,3.3
2026-06-10T01:12:06.493Z,0.02,0.066,3.3
2026-06-10T01:12:06.694Z,0.02,0.066,3.3
2026-06-10T01:12:06.895Z,0.02,0.066,3.3
2026-06-10T01:12:07.096Z,0.02,0.066,3.3
2026-06-10T01:12:07.297Z,0.02,0.066,3.3
2026-06-10T01:12:07.498Z,0.01,0.033,3.3
2026-06-10T01:12:07.699Z,0.01,0.033,3.3
2026-06-10T01:12:07.900Z,0.01,0.033,3.3
2026-06-10T01:12:08.101Z,0.02,0.066,3.3
2026-06-10T01:12:08.302Z,0.02,0.066,3.3
2026-06-10T01:12:08.503Z,0.02,0.066,3.3
2026-06-10T01:12:08.704Z,0.02,0.066,3.3
2026-06-10T01:12:08.905Z,0.02,0.066,3.3
2026-06-10T01:12:09.106Z,0.01,0.033,3.3
2026-06-10T01:12:09.307Z,0.01,0.033,3.3
2026-06-10T01:12:09.509Z,0.02,0.066,3.3
2026-06-10T01:12:09.709Z,0.02,0.066,3.3
2026-06-10T01:12:09.910Z,0.02,0.066,3.3
2026-06-10T01:12:10.111Z,0.02,0.066,3.3
2026-06-10T01:12:10.312Z,0.02,0.066,3.3
2026-06-10T01:12:10.513Z,0.01,0.033,3.3
2026-06-10T01:12:10.715Z,0.01,0.033,3.3
2026-06-10T01:12:10.917Z,0.01,0.033,3.3
2026-06-10T01:12:11.120Z,0.01,0.033,3.3
2026-06-10T01:12:11.322Z,0.02,0.066,3.3
2026-06-10T01:12:11.524Z,0.02,0.066,3.3
2026-06-10T01:12:11.725Z,0.02,0.066,3.3
2026-06-10T01:12:11.927Z,0.02,0.066,3.3
2026-06-10T01:12:12.129Z,0.01,0.033,3.3
2026-06-10T01:12:12.330Z,0.01,0.033,3.3
2026-06-10T01:12:12.531Z,0.02,0.066,3.3
2026-06-10T01:12:12.732Z,0.02,0.066,3.3
2026-06-10T01:12:12.934Z,0.02,0.066,3.3
2026-06-10T01:12:13.135Z,0.02,0.066,3.3
2026-06-10T01:12:13.336Z,0.02,0.066,3.3
2026-06-10T01:12:13.538Z,0.02,0.066,3.3
2026-06-10T01:12:13.739Z,0.01,0.033,3.3
2026-06-10T01:12:13.940Z,0.01,0.033,3.3
2026-06-10T01:12:14.142Z,0.01,0.033,3.3
2026-06-10T01:12:14.344Z,0.02,0.066,3.3
2026-06-10T01:12:14.546Z,0.02,0.066,3.3
2026-06-10T01:12:14.747Z,0.02,0.066,3.3
2026-06-10T01:12:14.950Z,0.02,0.066,3.3
2026-06-10T01:12:15.151Z,0.01,0.033,3.3
2026-06-10T01:12:15.354Z,0.01,0.033,3.3
2026-06-10T01:12:15.554Z,0.01,0.033,3.3
2026-06-10T01:12:15.755Z,0.01,0.033,3.3
2026-06-10T01:12:15.956Z,0.02,0.066,3.3
2026-06-10T01:12:16.158Z,0.02,0.066,3.3
2026-06-10T01:12:16.359Z,0.02,0.066,3.3
2026-06-10T01:12:16.559Z,0.02,0.066,3.3
2026-06-10T01:12:16.761Z,0.01,0.033,3.3
2026-06-10T01:12:16.963Z,0.01,0.033,3.3
2026-06-10T01:12:17.164Z,0.01,0.033,3.3
2026-06-10T01:12:17.366Z,0.01,0.033,3.3
2026-06-10T01:12:17.569Z,0.02,0.066,3.3
2026-06-10T01:12:17.770Z,0.02,0.066,3.3
2026-06-10T01:12:17.971Z,0.02,0.066,3.3
2026-06-10T01:12:18.173Z,0.02,0.066,3.3
2026-06-10T01:12:18.375Z,0.02,0.066,3.3
2026-06-10T01:12:18.575Z,0.02,0.066,3.3
2026-06-10T01:12:18.778Z,0.01,0.033,3.3
2026-06-10T01:12:18.979Z,0.01,0.033,3.3
2026-06-10T01:12:19.181Z,0.01,0.033,3.3
2026-06-10T01:12:19.383Z,0.02,0.066,3.3
2026-06-10T01:12:19.583Z,0.02,0.066,3.3
2026-06-10T01:12:19.784Z,0.02,0.066,3.3
2026-06-10T01:12:19.986Z,0.02,0.066,3.3
2026-06-10T01:12:20.188Z,0.02,0.066,3.3
2026-06-10T01:12:20.388Z,0.02,0.066,3.3
2026-06-10T01:12:20.589Z,0.01,0.033,3.3
2026-06-10T01:12:20.792Z,0.01,0.033,3.3
2026-06-10T01:12:20.993Z,0.02,0.066,3.3
2026-06-10T01:12:21.196Z,0.02,0.066,3.3
2026-06-10T01:12:21.397Z,0.02,0.066,3.3
2026-06-10T01:12:21.598Z,0.01,0.033,3.3
2026-06-10T01:12:21.800Z,0.01,0.033,3.3
2026-06-10T01:12:22.001Z,0.01,0.033,3.3
2026-06-10T01:12:22.203Z,0.01,0.033,3.3
2026-06-10T01:12:22.406Z,0.02,0.066,3.3
2026-06-10T01:12:22.606Z,0.02,0.066,3.3
2026-06-10T01:12:22.808Z,0.01,0.033,3.3
2026-06-10T01:12:23.008Z,0.01,0.033,3.3
2026-06-10T01:12:23.211Z,0.02,0.066,3.3
2026-06-10T01:12:23.413Z,0.02,0.066,3.3
2026-06-10T01:12:23.615Z,0.02,0.066,3.3
2026-06-10T01:12:23.816Z,0.02,0.066,3.3
2026-06-10T01:12:24.017Z,0.02,0.066,3.3
2026-06-10T01:12:24.219Z,0.01,0.033,3.3
2026-06-10T01:12:24.425Z,0.02,0.066,3.3
2026-06-10T01:12:24.626Z,0.02,0.066,3.3
2026-06-10T01:12:24.826Z,0.02,0.066,3.3
2026-06-10T01:12:25.027Z,0.02,0.066,3.3
2026-06-10T01:12:25.229Z,0.02,0.066,3.3
2026-06-10T01:12:25.432Z,0.01,0.033,3.3
2026-06-10T01:12:25.633Z,0.01,0.033,3.3
2026-06-10T01:12:25.834Z,0.01,0.033,3.3
2026-06-10T01:12:26.035Z,0.02,0.066,3.3
2026-06-10T01:12:26.236Z,0.02,0.066,3.3
2026-06-10T01:12:26.439Z,0.01,0.033,3.3
2026-06-10T01:12:26.641Z,0,0,3.3
2026-06-10T01:12:26.843Z,0.01,0.033,3.3
2026-06-10T01:12:27.043Z,0.01,0.033,3.3
2026-06-10T01:12:27.244Z,0.02,0.066,3.3
2026-06-10T01:12:27.446Z,0.02,0.066,3.3
2026-06-10T01:12:27.648Z,0.03,0.099,3.3
2026-06-10T01:12:27.850Z,0.03,0.099,3.3
2026-06-10T01:12:28.051Z,0.02,0.066,3.3
2026-06-10T01:12:28.252Z,0.02,0.066,3.3
2026-06-10T01:12:28.454Z,0.01,0.033,3.3
2026-06-10T01:12:28.656Z,0.01,0.033,3.3
2026-06-10T01:12:28.858Z,0.01,0.033,3.3
2026-06-10T01:12:29.060Z,0.02,0.066,3.3
2026-06-10T01:12:29.261Z,0.02,0.066,3.3
2026-06-10T01:12:29.463Z,0.02,0.066,3.3
2026-06-10T01:12:29.665Z,0.02,0.066,3.3
2026-06-10T01:12:29.867Z,0.02,0.066,3.3
2026-06-10T01:12:30.069Z,0.01,0.033,3.3
2026-06-10T01:12:30.271Z,0.01,0.033,3.3
2026-06-10T01:12:30.472Z,0.02,0.066,3.3
2026-06-10T01:12:30.673Z,0.02,0.066,3.3
2026-06-10T01:12:30.874Z,0.02,0.066,3.3
2026-06-10T01:12:31.077Z,0.02,0.066,3.3
2026-06-10T01:12:31.278Z,0.02,0.066,3.3
2026-06-10T01:12:31.479Z,0.02,0.066,3.3
2026-06-10T01:12:31.681Z,0.02,0.066,3.3
2026-06-10T01:12:31.881Z,0.02,0.066,3.3
2026-06-10T01:12:32.083Z,0.02,0.066,3.3
2026-06-10T01:12:32.286Z,0.02,0.066,3.3
2026-06-10T01:12:32.487Z,0.02,0.066,3.3
2026-06-10T01:12:32.688Z,0.01,0.033,3.3
2026-06-10T01:12:32.889Z,0.02,0.066,3.3
2026-06-10T01:12:33.090Z,0.02,0.066,3.3
2026-06-10T01:12:33.292Z,0.03,0.099,3.3
2026-06-10T01:12:33.493Z,0.03,0.099,3.3
2026-06-10T01:12:33.695Z,0.02,0.066,3.3
2026-06-10T01:12:33.898Z,0.02,0.066,3.3
2026-06-10T01:12:34.098Z,0.02,0.066,3.3
2026-06-10T01:12:34.300Z,0.02,0.066,3.3
2026-06-10T01:12:34.503Z,0.01,0.033,3.3
2026-06-10T01:12:34.705Z,0.01,0.033,3.3
2026-06-10T01:12:34.906Z,0.01,0.033,3.3
2026-06-10T01:12:35.108Z,0.02,0.066,3.3
2026-06-10T01:12:35.309Z,0.03,0.099,3.3
2026-06-10T01:12:35.510Z,0.02,0.066,3.3
2026-06-10T01:12:35.712Z,0.01,0.033,3.3
2026-06-10T01:12:35.914Z,0.01,0.033,3.3
2026-06-10T01:12:36.115Z,0.01,0.033,3.3
2026-06-10T01:12:36.319Z,0.01,0.033,3.3
2026-06-10T01:12:36.519Z,0.02,0.066,3.3
2026-06-10T01:12:36.721Z,0.02,0.066,3.3
2026-06-10T01:12:36.922Z,0.01,0.033,3.3
2026-06-10T01:12:37.123Z,0.01,0.033,3.3
2026-06-10T01:12:37.326Z,0.01,0.033,3.3
2026-06-10T01:12:37.527Z,0.01,0.033,3.3
2026-06-10T01:12:37.728Z,0.02,0.066,3.3
2026-06-10T01:12:37.928Z,0.02,0.066,3.3
2026-06-10T01:12:38.130Z,0.02,0.066,3.3
2026-06-10T01:12:38.334Z,0.02,0.066,3.3
2026-06-10T01:12:38.535Z,0.02,0.066,3.3
2026-06-10T01:12:38.736Z,0.02,0.066,3.3
2026-06-10T01:12:38.937Z,0.01,0.033,3.3
2026-06-10T01:12:39.139Z,0.01,0.033,3.3
2026-06-10T01:12:39.341Z,0.01,0.033,3.3
2026-06-10T01:12:39.544Z,0.01,0.033,3.3
2026-06-10T01:12:39.746Z,0.02,0.066,3.3
2026-06-10T01:12:39.948Z,0.14,0.462,3.3
2026-06-10T01:12:40.149Z,37.07,122.331,3.3
2026-06-10T01:12:40.350Z,63.6,209.88,3.3
2026-06-10T01:12:40.552Z,65.38,215.754,3.3
2026-06-10T01:12:40.753Z,65.38,215.754,3.3
2026-06-10T01:12:40.955Z,72.6,239.58,3.3
2026-06-10T01:12:41.157Z,70.64,233.112,3.3
2026-06-10T01:12:41.360Z,58.2,192.06,3.3
2026-06-10T01:12:41.562Z,55.13,181.929,3.3
2026-06-10T01:12:41.764Z,51.65,170.445,3.3
2026-06-10T01:12:41.964Z,53.33,175.989,3.3
2026-06-10T01:12:42.165Z,60.9,200.97,3.3
2026-06-10T01:12:42.366Z,68.42,225.786,3.3
2026-06-10T01:12:42.569Z,67.76,223.608,3.3
2026-06-10T01:12:42.771Z,62.58,206.514,3.3
2026-06-10T01:12:42.972Z,63.34,209.022,3.3
2026-06-10T01:12:43.174Z,64.34,212.322,3.3
2026-06-10T01:12:43.376Z,64.04,211.332,3.3
2026-06-10T01:12:43.578Z,61.43,202.719,3.3
2026-06-10T01:12:43.779Z,62.98,207.834,3.3
2026-06-10T01:12:43.982Z,93.82,309.606,3.3
2026-06-10T01:12:44.184Z,133.59,440.847,3.3
2026-06-10T01:12:44.385Z,158.95,524.535,3.3
2026-06-10T01:12:44.586Z,103.79,342.507,3.3
2026-06-10T01:12:44.789Z,100.89,332.937,3.3
2026-06-10T01:12:44.989Z,101.99,336.567,3.3
2026-06-10T01:12:45.190Z,101.59,335.247,3.3
2026-06-10T01:12:45.391Z,99.71,329.043,3.3
2026-06-10T01:12:45.591Z,100.85,332.805,3.3
2026-06-10T01:12:45.793Z,105.27,347.391,3.3
2026-06-10T01:12:45.994Z,116.57,384.681,3.3
2026-06-10T01:12:46.196Z,119.29,393.657,3.3
2026-06-10T01:12:46.396Z,101.83,336.039,3.3
2026-06-10T01:12:46.597Z,90.46,298.518,3.3
2026-06-10T01:12:46.798Z,90.12,297.396,3.3
2026-06-10T01:12:47.000Z,90.42,298.386,3.3
2026-06-10T01:12:47.200Z,91.21,300.993,3.3
2026-06-10T01:12:47.403Z,92.55,305.415,3.3
2026-06-10T01:12:47.605Z,94.62,312.246,3.3
2026-06-10T01:12:47.807Z,77.46,255.618,3.3
2026-06-10T01:12:48.008Z,54.97,181.401,3.3
2026-06-10T01:12:48.210Z,25.96,85.668,3.3
2026-06-10T01:12:48.415Z,1.96,6.468,3.3
2026-06-10T01:12:48.613Z,0.17,0.561,3.3
2026-06-10T01:12:48.813Z,0.04,0.132,3.3
2026-06-10T01:12:49.016Z,0.02,0.066,3.3
2026-06-10T01:12:49.218Z,0.02,0.066,3.3
2026-06-10T01:12:49.420Z,0.01,0.033,3.3
2026-06-10T01:12:49.621Z,0.01,0.033,3.3
2026-06-10T01:12:49.821Z,0.01,0.033,3.3
2026-06-10T01:12:50.023Z,0.02,0.066,3.3
2026-06-10T01:12:50.225Z,0.03,0.099,3.3
2026-06-10T01:12:50.426Z,0.03,0.099,3.3
2026-06-10T01:12:50.628Z,0.02,0.066,3.3
2026-06-10T01:12:50.828Z,0.01,0.033,3.3
2026-06-10T01:12:51.029Z,0.01,0.033,3.3
2026-06-10T01:12:51.231Z,0.01,0.033,3.3
2026-06-10T01:12:51.438Z,0.02,0.066,3.3
2026-06-10T01:12:51.639Z,0.02,0.066,3.3
2026-06-10T01:12:51.840Z,0.02,0.066,3.3
2026-06-10T01:12:52.042Z,0.02,0.066,3.3
2026-06-10T01:12:52.244Z,0.02,0.066,3.3
2026-06-10T01:12:52.445Z,0.02,0.066,3.3
2026-06-10T01:12:52.645Z,0.02,0.066,3.3
2026-06-10T01:12:52.848Z,0.01,0.033,3.3
2026-06-10T01:12:53.048Z,0.02,0.066,3.3
2026-06-10T01:12:53.250Z,0.02,0.066,3.3
2026-06-10T01:12:53.453Z,0.02,0.066,3.3
2026-06-10T01:12:53.654Z,0.02,0.066,3.3
2026-06-10T01:12:53.855Z,0.01,0.033,3.3
2026-06-10T01:12:54.056Z,0.02,0.066,3.3
2026-06-10T01:12:54.257Z,0.02,0.066,3.3
2026-06-10T01:12:54.458Z,0.01,0.033,3.3
2026-06-10T01:12:54.661Z,0.01,0.033,3.3
2026-06-10T01:12:54.862Z,0.01,0.033,3.3
2026-06-10T01:12:55.064Z,0.01,0.033,3.3
2026-06-10T01:12:55.266Z,0.01,0.033,3.3
2026-06-10T01:12:55.468Z,0.01,0.033,3.3
2026-06-10T01:12:55.670Z,0.01,0.033,3.3
2026-06-10T01:12:55.873Z,0.01,0.033,3.3
2026-06-10T01:12:56.075Z,0.01,0.033,3.3
2026-06-10T01:12:56.275Z,0.02,0.066,3.3
2026-06-10T01:12:56.478Z,0.02,0.066,3.3
2026-06-10T01:12:56.680Z,0.02,0.066,3.3
2026-06-10T01:12:56.881Z,0.02,0.066,3.3
2026-06-10T01:12:57.083Z,0.02,0.066,3.3
2026-06-10T01:12:57.285Z,0.01,0.033,3.3
2026-06-10T01:12:57.486Z,0.02,0.066,3.3
2026-06-10T01:12:57.688Z,0.02,0.066,3.3
2026-06-10T01:12:57.890Z,0.02,0.066,3.3
2026-06-10T01:12:58.091Z,0.02,0.066,3.3
2026-06-10T01:12:58.292Z,0.02,0.066,3.3
2026-06-10T01:12:58.493Z,0.01,0.033,3.3
2026-06-10T01:12:58.694Z,0.01,0.033,3.3
2026-06-10T01:12:58.896Z,0.01,0.033,3.3
2026-06-10T01:12:59.099Z,0.02,0.066,3.3
2026-06-10T01:12:59.300Z,0.02,0.066,3.3
2026-06-10T01:12:59.502Z,0.01,0.033,3.3
2026-06-10T01:12:59.702Z,0.02,0.066,3.3
2026-06-10T01:12:59.904Z,0.02,0.066,3.3
2026-06-10T01:13:00.106Z,0.02,0.066,3.3
2026-06-10T01:13:00.307Z,0.01,0.033,3.3
2026-06-10T01:13:00.510Z,0.02,0.066,3.3
2026-06-10T01:13:00.710Z,0.02,0.066,3.3
2026-06-10T01:13:00.911Z,0.02,0.066,3.3
2026-06-10T01:13:01.112Z,0.02,0.066,3.3
2026-06-10T01:13:01.313Z,0.02,0.066,3.3
2026-06-10T01:13:01.515Z,0.02,0.066,3.3
2026-06-10T01:13:01.717Z,0.02,0.066,3.3
2026-06-10T01:13:01.918Z,0.02,0.066,3.3
2026-06-10T01:13:02.119Z,0.02,0.066,3.3
2026-06-10T01:13:02.321Z,0.02,0.066,3.3
2026-06-10T01:13:02.523Z,0.01,0.033,3.3
2026-06-10T01:13:02.724Z,0.02,0.066,3.3
2026-06-10T01:13:02.926Z,0.01,0.033,3.3
2026-06-10T01:13:03.127Z,0.01,0.033,3.3
2026-06-10T01:13:03.328Z,0.01,0.033,3.3
2026-06-10T01:13:03.529Z,0.02,0.066,3.3
2026-06-10T01:13:03.730Z,0.02,0.066,3.3
2026-06-10T01:13:03.933Z,0.02,0.066,3.3
2026-06-10T01:13:04.134Z,0.02,0.066,3.3
2026-06-10T01:13:04.336Z,0.02,0.066,3.3
2026-06-10T01:13:04.538Z,0.01,0.033,3.3
2026-06-10T01:13:04.739Z,0.01,0.033,3.3
2026-06-10T01:13:04.941Z,0.01,0.033,3.3
2026-06-10T01:13:05.142Z,0.02,0.066,3.3
2026-06-10T01:13:05.343Z,0.02,0.066,3.3
2026-06-10T01:13:05.545Z,0.02,0.066,3.3
2026-06-10T01:13:05.747Z,0.02,0.066,3.3
2026-06-10T01:13:05.948Z,0.02,0.066,3.3
2026-06-10T01:13:06.148Z,0.01,0.033,3.3
2026-06-10T01:13:06.348Z,0.01,0.033,3.3
2026-06-10T01:13:06.549Z,0.01,0.033,3.3
2026-06-10T01:13:06.751Z,0.02,0.066,3.3
2026-06-10T01:13:06.953Z,0.02,0.066,3.3
2026-06-10T01:13:07.156Z,0.01,0.033,3.3
2026-06-10T01:13:07.357Z,0.01,0.033,3.3
2026-06-10T01:13:07.559Z,0.01,0.033,3.3
2026-06-10T01:13:07.760Z,0.01,0.033,3.3
2026-06-10T01:13:07.961Z,0.02,0.066,3.3
2026-06-10T01:13:08.162Z,0.02,0.066,3.3
2026-06-10T01:13:08.363Z,0.02,0.066,3.3
2026-06-10T01:13:08.565Z,0.02,0.066,3.3
2026-06-10T01:13:08.767Z,0.02,0.066,3.3
2026-06-10T01:13:08.970Z,0.01,0.033,3.3
2026-06-10T01:13:09.169Z,0.01,0.033,3.3
2026-06-10T01:13:09.371Z,0,0,3.3
2026-06-10T01:13:09.572Z,0,0,3.3
2026-06-10T01:13:09.772Z,0,0,3.3
2026-06-10T01:13:09.972Z,0,0,3.3
2026-06-10T01:13:10.173Z,0,0,3.3
2026-06-10T01:13:10.376Z,0,0,3.3
2026-06-10T01:13:10.577Z,0,0,3.3
2026-06-10T01:13:10.778Z,0,0,3.3
2026-06-10T01:13:10.980Z,0,0,3.3
2026-06-10T01:13:11.181Z,0,0,3.3
2026-06-10T01:13:11.382Z,0,0,3.3
2026-06-10T01:13:11.584Z,0,0,3.3
2026-06-10T01:13:11.784Z,0,0,3.3
2026-06-10T01:13:11.985Z,0,0,3.3
2026-06-10T01:13:12.187Z,0,0,3.3
2026-06-10T01:13:12.387Z,0,0,3.3
2026-06-10T01:13:12.588Z,0,0,3.3
2026-06-10T01:13:12.789Z,0,0,3.3
2026-06-10T01:13:12.991Z,0,0,3.3
2026-06-10T01:13:13.192Z,0,0,3.3
2026-06-10T01:13:13.394Z,0,0,3.3
2026-06-10T01:13:13.594Z,0,0,3.3
2026-06-10T01:13:13.797Z,0,0,3.3
2026-06-10T01:13:13.997Z,0,0,3.3
2026-06-10T01:13:14.199Z,0,0,3.3
2026-06-10T01:13:14.403Z,0,0,3.3
2026-06-10T01:13:14.603Z,0,0,3.3
2026-06-10T01:13:14.804Z,0,0,3.3
2026-06-10T01:13:15.006Z,0,0,3.3
2026-06-10T01:13:15.207Z,0,0,3.3
2026-06-10T01:13:15.414Z,0,0,3.3
2026-06-10T01:13:15.610Z,0,0,3.3
2026-06-10T01:13:15.812Z,0,0,3.3
2026-06-10T01:13:16.013Z,0,0,3.3
2026-06-10T01:13:16.215Z,0,0,3.3
2026-06-10T01:13:16.415Z,0,0,3.3
2026-06-10T01:13:16.616Z,0.01,0.033,3.3
2026-06-10T01:13:16.817Z,0.01,0.033,3.3
2026-06-10T01:13:17.018Z,0.01,0.033,3.3
2026-06-10T01:13:17.220Z,0.01,0.033,3.3
2026-06-10T01:13:17.422Z,0.01,0.033,3.3
2026-06-10T01:13:17.625Z,0.01,0.033,3.3
2026-06-10T01:13:17.827Z,0.02,0.066,3.3
2026-06-10T01:13:18.029Z,0.02,0.066,3.3
2026-06-10T01:13:18.229Z,0.02,0.066,3.3
2026-06-10T01:13:18.432Z,0.02,0.066,3.3
2026-06-10T01:13:18.634Z,0.01,0.033,3.3
2026-06-10T01:13:18.836Z,0.01,0.033,3.3
2026-06-10T01:13:19.038Z,0.01,0.033,3.3
2026-06-10T01:13:19.241Z,0.01,0.033,3.3
2026-06-10T01:13:19.440Z,0.02,0.066,3.3
2026-06-10T01:13:19.641Z,0.02,0.066,3.3
2026-06-10T01:13:19.843Z,0.01,0.033,3.3
2026-06-10T01:13:20.045Z,0.01,0.033,3.3
2026-06-10T01:13:20.246Z,0.01,0.033,3.3
2026-06-10T01:13:20.448Z,0.01,0.033,3.3
2026-06-10T01:13:20.649Z,0.01,0.033,3.3
2026-06-10T01:13:20.850Z,0.01,0.033,3.3
2026-06-10T01:13:21.052Z,0.01,0.033,3.3
2026-06-10T01:13:21.253Z,0.01,0.033,3.3
2026-06-10T01:13:21.453Z,0.02,0.066,3.3
2026-06-10T01:13:21.655Z,0.02,0.066,3.3
2026-06-10T01:13:21.857Z,0.02,0.066,3.3
2026-06-10T01:13:22.059Z,0.02,0.066,3.3
2026-06-10T01:13:22.261Z,0.02,0.066,3.3
2026-06-10T01:13:22.462Z,0.01,0.033,3.3
2026-06-10T01:13:22.663Z,0.01,0.033,3.3
2026-06-10T01:13:22.863Z,0.01,0.033,3.3
2026-06-10T01:13:23.065Z,0.02,0.066,3.3
2026-06-10T01:13:23.265Z,0.02,0.066,3.3
2026-06-10T01:13:23.467Z,0.02,0.066,3.3
2026-06-10T01:13:23.669Z,0.02,0.066,3.3
2026-06-10T01:13:23.870Z,0.02,0.066,3.3
2026-06-10T01:13:24.072Z,0.01,0.033,3.3
2026-06-10T01:13:24.272Z,0.01,0.033,3.3
2026-06-10T01:13:24.474Z,0.01,0.033,3.3
2026-06-10T01:13:24.675Z,0.01,0.033,3.3
2026-06-10T01:13:24.876Z,0.01,0.033,3.3
2026-06-10T01:13:25.079Z,0.01,0.033,3.3
2026-06-10T01:13:25.280Z,0.02,0.066,3.3
2026-06-10T01:13:25.482Z,0.02,0.066,3.3
2026-06-10T01:13:25.682Z,0.02,0.066,3.3
2026-06-10T01:13:25.883Z,0.02,0.066,3.3
2026-06-10T01:13:26.084Z,0.02,0.066,3.3
2026-06-10T01:13:26.284Z,0.02,0.066,3.3
2026-06-10T01:13:26.485Z,0.02,0.066,3.3
2026-06-10T01:13:26.685Z,0.01,0.033,3.3
2026-06-10T01:13:26.887Z,0.01,0.033,3.3
2026-06-10T01:13:27.089Z,0.01,0.033,3.3
2026-06-10T01:13:27.290Z,0.02,0.066,3.3
2026-06-10T01:13:27.492Z,0.02,0.066,3.3
2026-06-10T01:13:27.692Z,0.02,0.066,3.3
2026-06-10T01:13:27.894Z,0.01,0.033,3.3
2026-06-10T01:13:28.096Z,0.01,0.033,3.3
2026-06-10T01:13:28.298Z,0.02,0.066,3.3
2026-06-10T01:13:28.498Z,0.02,0.066,3.3
2026-06-10T01:13:28.700Z,0.02,0.066,3.3
2026-06-10T01:13:28.901Z,0.01,0.033,3.3
2026-06-10T01:13:29.103Z,0.01,0.033,3.3
2026-06-10T01:13:29.304Z,0.01,0.033,3.3
2026-06-10T01:13:29.506Z,0.01,0.033,3.3
2026-06-10T01:13:29.709Z,0.01,0.033,3.3
2026-06-10T01:13:29.910Z,0.01,0.033,3.3
2026-06-10T01:13:30.111Z,0.02,0.066,3.3
2026-06-10T01:13:30.312Z,0.02,0.066,3.3
2026-06-10T01:13:30.513Z,0.02,0.066,3.3
2026-06-10T01:13:30.715Z,0.02,0.066,3.3
2026-06-10T01:13:30.917Z,0.01,0.033,3.3
2026-06-10T01:13:31.118Z,0.01,0.033,3.3
2026-06-10T01:13:31.320Z,0.02,0.066,3.3
2026-06-10T01:13:31.521Z,0.02,0.066,3.3
2026-06-10T01:13:31.721Z,0.02,0.066,3.3
2026-06-10T01:13:31.923Z,0.02,0.066,3.3
2026-06-10T01:13:32.126Z,0.01,0.033,3.3
2026-06-10T01:13:32.327Z,0.01,0.033,3.3
2026-06-10T01:13:32.529Z,0.01,0.033,3.3
2026-06-10T01:13:32.731Z,0.01,0.033,3.3
2026-06-10T01:13:32.933Z,0.01,0.033,3.3
2026-06-10T01:13:33.135Z,0.02,0.066,3.3
2026-06-10T01:13:33.337Z,0.02,0.066,3.3
2026-06-10T01:13:33.538Z,0.02,0.066,3.3
2026-06-10T01:13:33.740Z,0.02,0.066,3.3
2026-06-10T01:13:33.940Z,0.02,0.066,3.3
2026-06-10T01:13:34.141Z,0.01,0.033,3.3
2026-06-10T01:13:34.342Z,0.01,0.033,3.3
2026-06-10T01:13:34.543Z,0.01,0.033,3.3
2026-06-10T01:13:34.745Z,0.02,0.066,3.3
2026-06-10T01:13:34.945Z,0.02,0.066,3.3
2026-06-10T01:13:35.147Z,0.02,0.066,3.3
2026-06-10T01:13:35.348Z,0.02,0.066,3.3
2026-06-10T01:13:35.550Z,0.01,0.033,3.3
2026-06-10T01:13:35.752Z,0.01,0.033,3.3
2026-06-10T01:13:35.954Z,0.01,0.033,3.3
2026-06-10T01:13:36.156Z,0.01,0.033,3.3
2026-06-10T01:13:36.357Z,0.01,0.033,3.3
2026-06-10T01:13:36.559Z,0.01,0.033,3.3
2026-06-10T01:13:36.760Z,0.02,0.066,3.3
2026-06-10T01:13:36.961Z,0.02,0.066,3.3
2026-06-10T01:13:37.161Z,0.02,0.066,3.3
2026-06-10T01:13:37.362Z,0.02,0.066,3.3
2026-06-10T01:13:37.564Z,0.02,0.066,3.3
2026-06-10T01:13:37.765Z,0.01,0.033,3.3
2026-06-10T01:13:37.968Z,0.01,0.033,3.3
2026-06-10T01:13:38.168Z,0.01,0.033,3.3
2026-06-10T01:13:38.370Z,0.02,0.066,3.3
2026-06-10T01:13:38.571Z,0.02,0.066,3.3
2026-06-10T01:13:38.773Z,0.02,0.066,3.3
2026-06-10T01:13:38.975Z,0.01,0.033,3.3
2026-06-10T01:13:39.177Z,0.01,0.033,3.3
2026-06-10T01:13:39.379Z,0.01,0.033,3.3
2026-06-10T01:13:39.579Z,0.09,0.297,3.3
2026-06-10T01:13:39.781Z,36.56,120.648,3.3
2026-06-10T01:13:39.983Z,63.55,209.715,3.3
2026-06-10T01:13:40.185Z,65.36,215.688,3.3
2026-06-10T01:13:40.387Z,65.33,215.589,3.3
2026-06-10T01:13:40.590Z,72.51,239.283,3.3
2026-06-10T01:13:40.791Z,70.07,231.231,3.3
2026-06-10T01:13:40.991Z,57.72,190.476,3.3
2026-06-10T01:13:41.192Z,54.66,180.378,3.3
2026-06-10T01:13:41.393Z,51.66,170.478,3.3
2026-06-10T01:13:41.595Z,53.88,177.804,3.3
2026-06-10T01:13:41.797Z,61.66,203.478,3.3
2026-06-10T01:13:41.998Z,68.18,224.994,3.3
2026-06-10T01:13:42.200Z,67.44,222.552,3.3
2026-06-10T01:13:42.401Z,62.39,205.887,3.3
2026-06-10T01:13:42.602Z,63.49,209.517,3.3
2026-06-10T01:13:42.802Z,64.49,212.817,3.3
2026-06-10T01:13:43.004Z,64.39,212.487,3.3
2026-06-10T01:13:43.206Z,61.46,202.818,3.3
2026-06-10T01:13:43.414Z,62.61,206.613,3.3
2026-06-10T01:13:43.609Z,78.89,260.337,3.3
2026-06-10T01:13:43.810Z,140,462,3.3
2026-06-10T01:13:44.011Z,126.1,416.13,3.3
2026-06-10T01:13:44.213Z,146.97,485.001,3.3
2026-06-10T01:13:44.414Z,127.02,419.166,3.3
2026-06-10T01:13:44.616Z,112.89,372.537,3.3
2026-06-10T01:13:44.816Z,106.67,352.011,3.3
2026-06-10T01:13:45.018Z,106.07,350.031,3.3
2026-06-10T01:13:45.220Z,104.99,346.467,3.3
2026-06-10T01:13:45.421Z,107.54,354.882,3.3
2026-06-10T01:13:45.622Z,121.64,401.412,3.3
2026-06-10T01:13:45.824Z,122.65,404.745,3.3
2026-06-10T01:13:46.026Z,106.54,351.582,3.3
2026-06-10T01:13:46.226Z,94.95,313.335,3.3
2026-06-10T01:13:46.429Z,94.17,310.761,3.3
2026-06-10T01:13:46.629Z,95.29,314.457,3.3
2026-06-10T01:13:46.832Z,97.65,322.245,3.3
2026-06-10T01:13:47.034Z,101.06,333.498,3.3
2026-06-10T01:13:47.236Z,97.05,320.265,3.3
2026-06-10T01:13:47.442Z,76.41,252.153,3.3
2026-06-10T01:13:47.645Z,54.84,180.972,3.3
2026-06-10T01:13:47.845Z,24.25,80.025,3.3
2026-06-10T01:13:48.045Z,1.75,5.775,3.3
2026-06-10T01:13:48.246Z,0.12,0.396,3.3
2026-06-10T01:13:48.449Z,0.03,0.099,3.3
2026-06-10T01:13:48.650Z,0.03,0.099,3.3
2026-06-10T01:13:48.851Z,0.03,0.099,3.3
2026-06-10T01:13:49.052Z,0.02,0.066,3.3
2026-06-10T01:13:49.253Z,0.02,0.066,3.3
2026-06-10T01:13:49.455Z,0.01,0.033,3.3
2026-06-10T01:13:49.657Z,0.01,0.033,3.3
2026-06-10T01:13:49.859Z,0.01,0.033,3.3
2026-06-10T01:13:50.061Z,0.01,0.033,3.3
2026-06-10T01:13:50.262Z,0.01,0.033,3.3
2026-06-10T01:13:50.464Z,0.01,0.033,3.3
2026-06-10T01:13:50.666Z,0.01,0.033,3.3
2026-06-10T01:13:50.868Z,0.01,0.033,3.3
2026-06-10T01:13:51.070Z,0.01,0.033,3.3
2026-06-10T01:13:51.272Z,0.01,0.033,3.3
2026-06-10T01:13:51.473Z,0.01,0.033,3.3
2026-06-10T01:13:51.675Z,0.01,0.033,3.3
2026-06-10T01:13:51.877Z,0.02,0.066,3.3
2026-06-10T01:13:52.078Z,0.02,0.066,3.3
2026-06-10T01:13:52.279Z,0.02,0.066,3.3
2026-06-10T01:13:52.480Z,0.01,0.033,3.3
2026-06-10T01:13:52.681Z,0.01,0.033,3.3
2026-06-10T01:13:52.882Z,0.01,0.033,3.3
2026-06-10T01:13:53.084Z,0.01,0.033,3.3
2026-06-10T01:13:53.286Z,0.01,0.033,3.3
2026-06-10T01:13:53.489Z,0.02,0.066,3.3
2026-06-10T01:13:53.691Z,0.02,0.066,3.3
2026-06-10T01:13:53.891Z,0.02,0.066,3.3
2026-06-10T01:13:54.092Z,0.02,0.066,3.3
2026-06-10T01:13:54.294Z,0.02,0.066,3.3
2026-06-10T01:13:54.496Z,0.02,0.066,3.3
2026-06-10T01:13:54.698Z,0.01,0.033,3.3
2026-06-10T01:13:54.898Z,0.01,0.033,3.3
2026-06-10T01:13:55.099Z,0.01,0.033,3.3
2026-06-10T01:13:55.301Z,0.01,0.033,3.3
2026-06-10T01:13:55.501Z,0.02,0.066,3.3
2026-06-10T01:13:55.704Z,0.03,0.099,3.3
2026-06-10T01:13:55.906Z,0.02,0.066,3.3
2026-06-10T01:13:56.108Z,0.01,0.033,3.3
2026-06-10T01:13:56.309Z,0.01,0.033,3.3
2026-06-10T01:13:56.510Z,0.01,0.033,3.3
2026-06-10T01:13:56.712Z,0.01,0.033,3.3
2026-06-10T01:13:56.913Z,0.01,0.033,3.3
2026-06-10T01:13:57.114Z,0.01,0.033,3.3
2026-06-10T01:13:57.316Z,0.01,0.033,3.3
2026-06-10T01:13:57.517Z,0.02,0.066,3.3
2026-06-10T01:13:57.719Z,0.02,0.066,3.3
2026-06-10T01:13:57.921Z,0.01,0.033,3.3
2026-06-10T01:13:58.123Z,0.01,0.033,3.3
2026-06-10T01:13:58.324Z,0.02,0.066,3.3
2026-06-10T01:13:58.526Z,0.02,0.066,3.3
2026-06-10T01:13:58.728Z,0.02,0.066,3.3
2026-06-10T01:13:58.931Z,0.01,0.033,3.3
2026-06-10T01:13:59.133Z,0.01,0.033,3.3
2026-06-10T01:13:59.335Z,0.01,0.033,3.3
2026-06-10T01:13:59.535Z,0.02,0.066,3.3
2026-06-10T01:13:59.737Z,0.02,0.066,3.3
2026-06-10T01:13:59.938Z,0.02,0.066,3.3
2026-06-10T01:14:00.138Z,0.01,0.033,3.3
2026-06-10T01:14:00.339Z,0.01,0.033,3.3
2026-06-10T01:14:00.542Z,0.01,0.033,3.3
2026-06-10T01:14:00.743Z,0.01,0.033,3.3
2026-06-10T01:14:00.945Z,0.01,0.033,3.3
2026-06-10T01:14:01.145Z,0.02,0.066,3.3
2026-06-10T01:14:01.347Z,0.02,0.066,3.3
2026-06-10T01:14:01.549Z,0.02,0.066,3.3
2026-06-10T01:14:01.751Z,0.02,0.066,3.3
2026-06-10T01:14:01.955Z,0.01,0.033,3.3
2026-06-10T01:14:02.157Z,0.01,0.033,3.3
2026-06-10T01:14:02.358Z,0.02,0.066,3.3
2026-06-10T01:14:02.561Z,0.02,0.066,3.3
2026-06-10T01:14:02.762Z,0.02,0.066,3.3
2026-06-10T01:14:02.963Z,0.02,0.066,3.3
2026-06-10T01:14:03.164Z,0.02,0.066,3.3
2026-06-10T01:14:03.365Z,0.01,0.033,3.3
2026-06-10T01:14:03.567Z,0.01,0.033,3.3
2026-06-10T01:14:03.769Z,0.01,0.033,3.3
2026-06-10T01:14:03.970Z,0.01,0.033,3.3
2026-06-10T01:14:04.172Z,0.02,0.066,3.3
2026-06-10T01:14:04.375Z,0.02,0.066,3.3
2026-06-10T01:14:04.577Z,0.02,0.066,3.3
2026-06-10T01:14:04.778Z,0.02,0.066,3.3
2026-06-10T01:14:04.980Z,0.02,0.066,3.3
2026-06-10T01:14:05.181Z,0.02,0.066,3.3
2026-06-10T01:14:05.382Z,0.01,0.033,3.3
2026-06-10T01:14:05.583Z,0.01,0.033,3.3
2026-06-10T01:14:05.785Z,0.02,0.066,3.3
2026-06-10T01:14:05.985Z,0.02,0.066,3.3
2026-06-10T01:14:06.187Z,0.02,0.066,3.3
2026-06-10T01:14:06.389Z,0.02,0.066,3.3
2026-06-10T01:14:06.590Z,0.01,0.033,3.3
2026-06-10T01:14:06.791Z,0.01,0.033,3.3
2026-06-10T01:14:06.993Z,0.02,0.066,3.3
2026-06-10T01:14:07.195Z,0.02,0.066,3.3
2026-06-10T01:14:07.397Z,0.02,0.066,3.3
2026-06-10T01:14:07.597Z,0.01,0.033,3.3
2026-06-10T01:14:07.799Z,0.01,0.033,3.3
2026-06-10T01:14:08.000Z,0.02,0.066,3.3
2026-06-10T01:14:08.201Z,0.02,0.066,3.3
2026-06-10T01:14:08.403Z,0.02,0.066,3.3
2026-06-10T01:14:08.605Z,0.01,0.033,3.3
2026-06-10T01:14:08.805Z,0.01,0.033,3.3
2026-06-10T01:14:09.006Z,0.01,0.033,3.3
2026-06-10T01:14:09.208Z,0.02,0.066,3.3
2026-06-10T01:14:09.413Z,0.02,0.066,3.3
2026-06-10T01:14:09.610Z,0.02,0.066,3.3
2026-06-10T01:14:09.812Z,0.02,0.066,3.3
2026-06-10T01:14:10.013Z,0.02,0.066,3.3
2026-06-10T01:14:10.215Z,0.02,0.066,3.3
2026-06-10T01:14:10.416Z,0.01,0.033,3.3
2026-06-10T01:14:10.619Z,0.01,0.033,3.3
2026-06-10T01:14:10.820Z,0.01,0.033,3.3
2026-06-10T01:14:11.021Z,0.02,0.066,3.3
2026-06-10T01:14:11.221Z,0.02,0.066,3.3
2026-06-10T01:14:11.423Z,0.02,0.066,3.3
2026-06-10T01:14:11.625Z,0.01,0.033,3.3
2026-06-10T01:14:11.827Z,0.01,0.033,3.3
2026-06-10T01:14:12.028Z,0.01,0.033,3.3
2026-06-10T01:14:12.229Z,0.01,0.033,3.3
2026-06-10T01:14:12.431Z,0.02,0.066,3.3
2026-06-10T01:14:12.634Z,0.02,0.066,3.3
2026-06-10T01:14:12.835Z,0.02,0.066,3.3
2026-06-10T01:14:13.035Z,0.02,0.066,3.3
2026-06-10T01:14:13.237Z,0.02,0.066,3.3
2026-06-10T01:14:13.438Z,0.02,0.066,3.3
2026-06-10T01:14:13.639Z,0.01,0.033,3.3
2026-06-10T01:14:13.841Z,0.01,0.033,3.3
2026-06-10T01:14:14.043Z,0.01,0.033,3.3
2026-06-10T01:14:14.245Z,0.02,0.066,3.3
2026-06-10T01:14:14.447Z,0.02,0.066,3.3
2026-06-10T01:14:14.648Z,0.01,0.033,3.3
2026-06-10T01:14:14.850Z,0.01,0.033,3.3
2026-06-10T01:14:15.052Z,0.01,0.033,3.3
2026-06-10T01:14:15.253Z,0.01,0.033,3.3
2026-06-10T01:14:15.455Z,0.02,0.066,3.3
2026-06-10T01:14:15.656Z,0.01,0.033,3.3
2026-06-10T01:14:15.858Z,0.01,0.033,3.3
2026-06-10T01:14:16.059Z,0.01,0.033,3.3
2026-06-10T01:14:16.261Z,0.02,0.066,3.3
2026-06-10T01:14:16.462Z,0.01,0.033,3.3
2026-06-10T01:14:16.663Z,0.01,0.033,3.3
2026-06-10T01:14:16.864Z,0.01,0.033,3.3
2026-06-10T01:14:17.066Z,0.02,0.066,3.3
2026-06-10T01:14:17.267Z,0.02,0.066,3.3
2026-06-10T01:14:17.468Z,0.02,0.066,3.3
2026-06-10T01:14:17.670Z,0.02,0.066,3.3
2026-06-10T01:14:17.872Z,0.02,0.066,3.3
2026-06-10T01:14:18.074Z,0.02,0.066,3.3
2026-06-10T01:14:18.275Z,0.02,0.066,3.3
2026-06-10T01:14:18.476Z,0.01,0.033,3.3
2026-06-10T01:14:18.677Z,0.01,0.033,3.3
2026-06-10T01:14:18.877Z,0.01,0.033,3.3
2026-06-10T01:14:19.078Z,0.02,0.066,3.3
2026-06-10T01:14:19.281Z,0.02,0.066,3.3
2026-06-10T01:14:19.482Z,0.01,0.033,3.3
2026-06-10T01:14:19.683Z,0.01,0.033,3.3
2026-06-10T01:14:19.886Z,0.01,0.033,3.3
2026-06-10T01:14:20.086Z,0.01,0.033,3.3
2026-06-10T01:14:20.287Z,0.01,0.033,3.3
2026-06-10T01:14:20.487Z,0.01,0.033,3.3
2026-06-10T01:14:20.689Z,0.01,0.033,3.3
2026-06-10T01:14:20.889Z,0.01,0.033,3.3
2026-06-10T01:14:21.091Z,0.01,0.033,3.3
2026-06-10T01:14:21.292Z,0.01,0.033,3.3
2026-06-10T01:14:21.495Z,0.01,0.033,3.3
2026-06-10T01:14:21.697Z,0.02,0.066,3.3
2026-06-10T01:14:21.898Z,0.02,0.066,3.3
2026-06-10T01:14:22.099Z,0.01,0.033,3.3
2026-06-10T01:14:22.301Z,0.01,0.033,3.3
2026-06-10T01:14:22.502Z,0.01,0.033,3.3
2026-06-10T01:14:22.704Z,0.01,0.033,3.3
2026-06-10T01:14:22.906Z,0.01,0.033,3.3
2026-06-10T01:14:23.107Z,0.01,0.033,3.3
2026-06-10T01:14:23.309Z,0.01,0.033,3.3
2026-06-10T01:14:23.510Z,0.02,0.066,3.3
2026-06-10T01:14:23.711Z,0.02,0.066,3.3
2026-06-10T01:14:23.913Z,0.02,0.066,3.3
2026-06-10T01:14:24.113Z,0.01,0.033,3.3
2026-06-10T01:14:24.315Z,0.01,0.033,3.3
2026-06-10T01:14:24.517Z,0.01,0.033,3.3
2026-06-10T01:14:24.720Z,0.01,0.033,3.3
2026-06-10T01:14:24.921Z,0.02,0.066,3.3
2026-06-10T01:14:25.122Z,0.02,0.066,3.3
2026-06-10T01:14:25.324Z,0.02,0.066,3.3
2026-06-10T01:14:25.525Z,0.02,0.066,3.3
2026-06-10T01:14:25.726Z,0.01,0.033,3.3
2026-06-10T01:14:25.927Z,0.01,0.033,3.3
2026-06-10T01:14:26.128Z,0.01,0.033,3.3
2026-06-10T01:14:26.330Z,0.02,0.066,3.3
2026-06-10T01:14:26.532Z,0.02,0.066,3.3
2026-06-10T01:14:26.732Z,0.02,0.066,3.3
2026-06-10T01:14:26.934Z,0.02,0.066,3.3
2026-06-10T01:14:27.135Z,0.02,0.066,3.3
2026-06-10T01:14:27.335Z,0.01,0.033,3.3
2026-06-10T01:14:27.536Z,0.01,0.033,3.3
2026-06-10T01:14:27.738Z,0.01,0.033,3.3
2026-06-10T01:14:27.939Z,0.01,0.033,3.3
2026-06-10T01:14:28.140Z,0.02,0.066,3.3
2026-06-10T01:14:28.341Z,0.02,0.066,3.3
2026-06-10T01:14:28.544Z,0.02,0.066,3.3
2026-06-10T01:14:28.744Z,0.02,0.066,3.3
2026-06-10T01:14:28.946Z,0.02,0.066,3.3
2026-06-10T01:14:29.149Z,0.02,0.066,3.3
2026-06-10T01:14:29.350Z,0.01,0.033,3.3
2026-06-10T01:14:29.551Z,0.01,0.033,3.3
2026-06-10T01:14:29.753Z,0.01,0.033,3.3
2026-06-10T01:14:29.955Z,0.01,0.033,3.3
2026-06-10T01:14:30.156Z,0.01,0.033,3.3
2026-06-10T01:14:30.358Z,0.02,0.066,3.3
2026-06-10T01:14:30.560Z,0.02,0.066,3.3
2026-06-10T01:14:30.761Z,0.02,0.066,3.3
2026-06-10T01:14:30.964Z,0.02,0.066,3.3
2026-06-10T01:14:31.165Z,0.02,0.066,3.3
2026-06-10T01:14:31.366Z,0.01,0.033,3.3
2026-06-10T01:14:31.567Z,0.02,0.066,3.3
2026-06-10T01:14:31.769Z,0.01,0.033,3.3
2026-06-10T01:14:31.971Z,0.01,0.033,3.3
2026-06-10T01:14:32.173Z,0.01,0.033,3.3
2026-06-10T01:14:32.375Z,0.02,0.066,3.3
2026-06-10T01:14:32.576Z,0.02,0.066,3.3
2026-06-10T01:14:32.777Z,0.02,0.066,3.3
2026-06-10T01:14:32.979Z,0.02,0.066,3.3
2026-06-10T01:14:33.180Z,0.01,0.033,3.3
2026-06-10T01:14:33.392Z,0.01,0.033,3.3
2026-06-10T01:14:33.593Z,0.01,0.033,3.3
2026-06-10T01:14:33.795Z,0.02,0.066,3.3
2026-06-10T01:14:33.997Z,0.02,0.066,3.3
2026-06-10T01:14:34.199Z,0.02,0.066,3.3
2026-06-10T01:14:34.400Z,0.02,0.066,3.3
2026-06-10T01:14:34.602Z,0.01,0.033,3.3
2026-06-10T01:14:34.803Z,0,0,3.3
2026-06-10T01:14:35.004Z,0,0,3.3
2026-06-10T01:14:35.206Z,0,0,3.3
2026-06-10T01:14:35.409Z,0,0,3.3
2026-06-10T01:14:35.609Z,0,0,3.3
2026-06-10T01:14:35.810Z,0,0,3.3
2026-06-10T01:14:36.011Z,0,0,3.3
2026-06-10T01:14:36.212Z,0,0,3.3
2026-06-10T01:14:36.415Z,0.01,0.033,3.3
2026-06-10T01:14:36.615Z,0.01,0.033,3.3
2026-06-10T01:14:36.815Z,0.01,0.033,3.3
2026-06-10T01:14:37.018Z,0,0,3.3
2026-06-10T01:14:37.219Z,0,0,3.3
2026-06-10T01:14:37.421Z,0.01,0.033,3.3
2026-06-10T01:14:37.621Z,0,0,3.3
2026-06-10T01:14:37.823Z,0.01,0.033,3.3
2026-06-10T01:14:38.025Z,0.01,0.033,3.3
2026-06-10T01:14:38.227Z,0.01,0.033,3.3
2026-06-10T01:14:38.429Z,0.01,0.033,3.3
2026-06-10T01:14:38.630Z,0.02,0.066,3.3
2026-06-10T01:14:38.832Z,0.02,0.066,3.3
2026-06-10T01:14:39.034Z,0.02,0.066,3.3
2026-06-10T01:14:39.235Z,0.02,0.066,3.3
2026-06-10T01:14:39.441Z,0.03,0.099,3.3
2026-06-10T01:14:39.642Z,0.02,0.066,3.3
2026-06-10T01:14:39.843Z,0.02,0.066,3.3
2026-06-10T01:14:40.045Z,0.01,0.033,3.3
2026-06-10T01:14:40.247Z,25.33,83.589,3.3
2026-06-10T01:14:40.449Z,61.87,204.171,3.3
2026-06-10T01:14:40.651Z,65.64,216.612,3.3
2026-06-10T01:14:40.852Z,65.15,214.995,3.3
2026-06-10T01:14:41.054Z,72.81,240.273,3.3
2026-06-10T01:14:41.256Z,71.4,235.62,3.3
2026-06-10T01:14:41.457Z,60.02,198.066,3.3
2026-06-10T01:14:41.658Z,56.73,187.209,3.3
2026-06-10T01:14:41.859Z,51.69,170.577,3.3
2026-06-10T01:14:42.060Z,52.1,171.93,3.3
2026-06-10T01:14:42.261Z,58.97,194.601,3.3
2026-06-10T01:14:42.462Z,68.26,225.258,3.3
2026-06-10T01:14:42.664Z,68.18,224.994,3.3
2026-06-10T01:14:42.866Z,62.72,206.976,3.3
2026-06-10T01:14:43.068Z,62.79,207.207,3.3
2026-06-10T01:14:43.269Z,64.76,213.708,3.3
2026-06-10T01:14:43.470Z,64.48,212.784,3.3
2026-06-10T01:14:43.672Z,63.16,208.428,3.3
2026-06-10T01:14:43.872Z,62.27,205.491,3.3
2026-06-10T01:14:44.074Z,72.28,238.524,3.3
2026-06-10T01:14:44.276Z,148.39,489.687,3.3
2026-06-10T01:14:44.477Z,143.24,472.692,3.3
2026-06-10T01:14:44.679Z,132.69,437.877,3.3
2026-06-10T01:14:44.881Z,126.84,418.572,3.3
2026-06-10T01:14:45.083Z,124.99,412.467,3.3
2026-06-10T01:14:45.284Z,102.57,338.481,3.3
2026-06-10T01:14:45.487Z,101.17,333.861,3.3
2026-06-10T01:14:45.688Z,99.18,327.294,3.3
2026-06-10T01:14:45.890Z,100.32,331.056,3.3
2026-06-10T01:14:46.091Z,116.76,385.308,3.3
2026-06-10T01:14:46.293Z,123.43,407.319,3.3
2026-06-10T01:14:46.495Z,106.07,350.031,3.3
2026-06-10T01:14:46.696Z,93.92,309.936,3.3
2026-06-10T01:14:46.899Z,92.89,306.537,3.3
2026-06-10T01:14:47.100Z,93.37,308.121,3.3
2026-06-10T01:14:47.302Z,94.89,313.137,3.3
2026-06-10T01:14:47.503Z,94.55,312.015,3.3
2026-06-10T01:14:47.705Z,96.61,318.813,3.3
2026-06-10T01:14:47.905Z,80.94,267.102,3.3
2026-06-10T01:14:48.106Z,55.31,182.523,3.3
2026-06-10T01:14:48.307Z,28.87,95.271,3.3
2026-06-10T01:14:48.508Z,2.29,7.557,3.3
2026-06-10T01:14:48.709Z,0.37,1.221,3.3
2026-06-10T01:14:48.910Z,0.03,0.099,3.3
2026-06-10T01:14:49.112Z,0.02,0.066,3.3
2026-06-10T01:14:49.312Z,0.01,0.033,3.3
2026-06-10T01:14:49.514Z,0,0,3.3
2026-06-10T01:14:49.715Z,0.01,0.033,3.3
2026-06-10T01:14:49.917Z,0.02,0.066,3.3
2026-06-10T01:14:50.118Z,0.03,0.099,3.3
2026-06-10T01:14:50.319Z,0.02,0.066,3.3
2026-06-10T01:14:50.520Z,0.02,0.066,3.3
2026-06-10T01:14:50.721Z,0.02,0.066,3.3
2026-06-10T01:14:50.923Z,0.01,0.033,3.3
2026-06-10T01:14:51.126Z,0.01,0.033,3.3
2026-06-10T01:14:51.327Z,0.01,0.033,3.3
2026-06-10T01:14:51.528Z,0.02,0.066,3.3
2026-06-10T01:14:51.729Z,0.02,0.066,3.3
2026-06-10T01:14:51.930Z,0.02,0.066,3.3
2026-06-10T01:14:52.132Z,0.02,0.066,3.3
2026-06-10T01:14:52.332Z,0.02,0.066,3.3
2026-06-10T01:14:52.533Z,0.02,0.066,3.3
2026-06-10T01:14:52.734Z,0.02,0.066,3.3
2026-06-10T01:14:52.935Z,0.02,0.066,3.3
2026-06-10T01:14:53.136Z,0.01,0.033,3.3
2026-06-10T01:14:53.339Z,0.01,0.033,3.3
2026-06-10T01:14:53.541Z,0.01,0.033,3.3
2026-06-10T01:14:53.742Z,0.01,0.033,3.3
2026-06-10T01:14:53.943Z,0.01,0.033,3.3
2026-06-10T01:14:54.144Z,0.02,0.066,3.3
2026-06-10T01:14:54.345Z,0.02,0.066,3.3
2026-06-10T01:14:54.547Z,0.02,0.066,3.3
2026-06-10T01:14:54.749Z,0.02,0.066,3.3
2026-06-10T01:14:54.950Z,0.01,0.033,3.3
2026-06-10T01:14:55.151Z,0.01,0.033,3.3
2026-06-10T01:14:55.351Z,0.01,0.033,3.3
2026-06-10T01:14:55.553Z,0.01,0.033,3.3
2026-06-10T01:14:55.755Z,0.01,0.033,3.3
2026-06-10T01:14:55.957Z,0.01,0.033,3.3
2026-06-10T01:14:56.159Z,0.01,0.033,3.3
2026-06-10T01:14:56.361Z,0.01,0.033,3.3
2026-06-10T01:14:56.563Z,0.01,0.033,3.3
2026-06-10T01:14:56.765Z,0.01,0.033,3.3
2026-06-10T01:14:56.968Z,0.01,0.033,3.3
2026-06-10T01:14:57.169Z,0.01,0.033,3.3
2026-06-10T01:14:57.369Z,0.01,0.033,3.3
2026-06-10T01:14:57.572Z,0.02,0.066,3.3
2026-06-10T01:14:57.774Z,0.02,0.066,3.3
2026-06-10T01:14:57.975Z,0.02,0.066,3.3
2026-06-10T01:14:58.176Z,0.01,0.033,3.3
2026-06-10T01:14:58.378Z,0.01,0.033,3.3
2026-06-10T01:14:58.578Z,0.02,0.066,3.3
2026-06-10T01:14:58.780Z,0.02,0.066,3.3
2026-06-10T01:14:58.981Z,0.02,0.066,3.3
2026-06-10T01:14:59.183Z,0.02,0.066,3.3
2026-06-10T01:14:59.385Z,0.01,0.033,3.3
2026-06-10T01:14:59.586Z,0.01,0.033,3.3
2026-06-10T01:14:59.787Z,0.02,0.066,3.3
2026-06-10T01:14:59.989Z,0.02,0.066,3.3
2026-06-10T01:15:00.190Z,0.02,0.066,3.3
2026-06-10T01:15:00.392Z,0.01,0.033,3.3
2026-06-10T01:15:00.594Z,0.01,0.033,3.3
2026-06-10T01:15:00.794Z,0.01,0.033,3.3
2026-06-10T01:15:00.996Z,0.01,0.033,3.3
2026-06-10T01:15:01.197Z,0.01,0.033,3.3
2026-06-10T01:15:01.398Z,0.02,0.066,3.3
2026-06-10T01:15:01.599Z,0.02,0.066,3.3
2026-06-10T01:15:01.801Z,0.02,0.066,3.3
2026-06-10T01:15:02.003Z,0.02,0.066,3.3
2026-06-10T01:15:02.205Z,0.02,0.066,3.3
2026-06-10T01:15:02.410Z,0.02,0.066,3.3
2026-06-10T01:15:02.607Z,0.02,0.066,3.3
2026-06-10T01:15:02.809Z,0.02,0.066,3.3
2026-06-10T01:15:03.011Z,0.02,0.066,3.3
2026-06-10T01:15:03.212Z,0.01,0.033,3.3
2026-06-10T01:15:03.414Z,0.02,0.066,3.3
2026-06-10T01:15:03.615Z,0.02,0.066,3.3
2026-06-10T01:15:03.816Z,0.02,0.066,3.3
2026-06-10T01:15:04.017Z,0.02,0.066,3.3
2026-06-10T01:15:04.218Z,0.01,0.033,3.3
2026-06-10T01:15:04.420Z,0.01,0.033,3.3
2026-06-10T01:15:04.621Z,0.01,0.033,3.3
2026-06-10T01:15:04.823Z,0.01,0.033,3.3
2026-06-10T01:15:05.022Z,0.01,0.033,3.3
2026-06-10T01:15:05.224Z,0.02,0.066,3.3
2026-06-10T01:15:05.461Z,0.02,0.066,3.3
2026-06-10T01:15:05.665Z,0.02,0.066,3.3
2026-06-10T01:15:05.896Z,0.02,0.066,3.3
2026-06-10T01:15:06.068Z,0.01,0.033,3.3
2026-06-10T01:15:06.269Z,0.01,0.033,3.3
2026-06-10T01:15:06.471Z,0.01,0.033,3.3
2026-06-10T01:15:06.673Z,0.02,0.066,3.3
2026-06-10T01:15:06.875Z,0.02,0.066,3.3
2026-06-10T01:15:07.077Z,0.02,0.066,3.3
2026-06-10T01:15:07.280Z,0.02,0.066,3.3
2026-06-10T01:15:07.482Z,0.01,0.033,3.3
2026-06-10T01:15:07.684Z,0.01,0.033,3.3
2026-06-10T01:15:07.886Z,0.01,0.033,3.3
2026-06-10T01:15:08.088Z,0.02,0.066,3.3
2026-06-10T01:15:08.290Z,0.02,0.066,3.3
2026-06-10T01:15:08.491Z,0.02,0.066,3.3
2026-06-10T01:15:08.691Z,0.02,0.066,3.3
2026-06-10T01:15:08.893Z,0.02,0.066,3.3
2026-06-10T01:15:09.094Z,0.01,0.033,3.3
2026-06-10T01:15:09.295Z,0.01,0.033,3.3
2026-06-10T01:15:09.496Z,0.01,0.033,3.3
2026-06-10T01:15:09.698Z,0.02,0.066,3.3
2026-06-10T01:15:09.900Z,0.02,0.066,3.3
2026-06-10T01:15:10.102Z,0.02,0.066,3.3
2026-06-10T01:15:10.303Z,0.02,0.066,3.3
2026-06-10T01:15:10.505Z,0.01,0.033,3.3
2026-06-10T01:15:10.705Z,0.01,0.033,3.3
2026-06-10T01:15:10.906Z,0.01,0.033,3.3
2026-06-10T01:15:11.108Z,0.01,0.033,3.3
2026-06-10T01:15:11.310Z,0.02,0.066,3.3
2026-06-10T01:15:11.512Z,0.02,0.066,3.3
2026-06-10T01:15:11.714Z,0.02,0.066,3.3
2026-06-10T01:15:11.915Z,0.01,0.033,3.3
2026-06-10T01:15:12.116Z,0.01,0.033,3.3
2026-06-10T01:15:12.318Z,0.02,0.066,3.3
2026-06-10T01:15:12.518Z,0.02,0.066,3.3
2026-06-10T01:15:12.720Z,0.02,0.066,3.3
2026-06-10T01:15:12.922Z,0.02,0.066,3.3
2026-06-10T01:15:13.123Z,0.02,0.066,3.3
2026-06-10T01:15:13.325Z,0.02,0.066,3.3
2026-06-10T01:15:13.527Z,0.01,0.033,3.3
2026-06-10T01:15:13.729Z,0.01,0.033,3.3
2026-06-10T01:15:13.929Z,0.01,0.033,3.3
2026-06-10T01:15:14.131Z,0.01,0.033,3.3
2026-06-10T01:15:14.334Z,0.02,0.066,3.3
2026-06-10T01:15:14.536Z,0.02,0.066,3.3
2026-06-10T01:15:14.738Z,0.02,0.066,3.3
2026-06-10T01:15:14.941Z,0.01,0.033,3.3
2026-06-10T01:15:15.143Z,0.01,0.033,3.3
2026-06-10T01:15:15.345Z,0.02,0.066,3.3
2026-06-10T01:15:15.547Z,0.02,0.066,3.3
2026-06-10T01:15:15.749Z,0.02,0.066,3.3
2026-06-10T01:15:15.950Z,0.02,0.066,3.3
2026-06-10T01:15:16.151Z,0.02,0.066,3.3
2026-06-10T01:15:16.354Z,0.01,0.033,3.3
2026-06-10T01:15:16.555Z,0.01,0.033,3.3
2026-06-10T01:15:16.756Z,0.01,0.033,3.3
2026-06-10T01:15:16.957Z,0.02,0.066,3.3
2026-06-10T01:15:17.158Z,0.02,0.066,3.3
2026-06-10T01:15:17.359Z,0.02,0.066,3.3
2026-06-10T01:15:17.562Z,0.02,0.066,3.3
2026-06-10T01:15:17.764Z,0.02,0.066,3.3
2026-06-10T01:15:17.966Z,0.01,0.033,3.3
2026-06-10T01:15:18.168Z,0.01,0.033,3.3
2026-06-10T01:15:18.371Z,0.01,0.033,3.3
2026-06-10T01:15:18.572Z,0.01,0.033,3.3
2026-06-10T01:15:18.774Z,0.02,0.066,3.3
2026-06-10T01:15:18.976Z,0.02,0.066,3.3
2026-06-10T01:15:19.177Z,0.02,0.066,3.3
2026-06-10T01:15:19.378Z,0.02,0.066,3.3
2026-06-10T01:15:19.580Z,0.02,0.066,3.3
2026-06-10T01:15:19.781Z,0.01,0.033,3.3
2026-06-10T01:15:19.983Z,0.01,0.033,3.3
2026-06-10T01:15:20.185Z,0.02,0.066,3.3
2026-06-10T01:15:20.386Z,0.02,0.066,3.3
2026-06-10T01:15:20.589Z,0.02,0.066,3.3
2026-06-10T01:15:20.789Z,0.02,0.066,3.3
2026-06-10T01:15:20.989Z,0.02,0.066,3.3
2026-06-10T01:15:21.191Z,0.01,0.033,3.3
2026-06-10T01:15:21.393Z,0.02,0.066,3.3
2026-06-10T01:15:21.595Z,0.02,0.066,3.3
2026-06-10T01:15:21.796Z,0.01,0.033,3.3
2026-06-10T01:15:21.997Z,0.02,0.066,3.3
2026-06-10T01:15:22.199Z,0.02,0.066,3.3
2026-06-10T01:15:22.401Z,0.02,0.066,3.3
2026-06-10T01:15:22.603Z,0.01,0.033,3.3
2026-06-10T01:15:22.803Z,0.01,0.033,3.3
2026-06-10T01:15:23.004Z,0.02,0.066,3.3
2026-06-10T01:15:23.207Z,0.02,0.066,3.3
2026-06-10T01:15:23.407Z,0.03,0.099,3.3
2026-06-10T01:15:23.608Z,0.02,0.066,3.3
2026-06-10T01:15:23.809Z,0.02,0.066,3.3
2026-06-10T01:15:24.012Z,0.01,0.033,3.3
2026-06-10T01:15:24.213Z,0.01,0.033,3.3
2026-06-10T01:15:24.415Z,0.01,0.033,3.3
2026-06-10T01:15:24.616Z,0.01,0.033,3.3
2026-06-10T01:15:24.816Z,0.02,0.066,3.3
2026-06-10T01:15:25.018Z,0.02,0.066,3.3
2026-06-10T01:15:25.220Z,0.02,0.066,3.3
2026-06-10T01:15:25.421Z,0.02,0.066,3.3
2026-06-10T01:15:25.622Z,0.02,0.066,3.3
2026-06-10T01:15:25.822Z,0.02,0.066,3.3
2026-06-10T01:15:26.024Z,0.01,0.033,3.3
2026-06-10T01:15:26.225Z,0.01,0.033,3.3
2026-06-10T01:15:26.426Z,0.02,0.066,3.3
2026-06-10T01:15:26.627Z,0.02,0.066,3.3
2026-06-10T01:15:26.829Z,0.02,0.066,3.3
2026-06-10T01:15:27.031Z,0.02,0.066,3.3
2026-06-10T01:15:27.233Z,0.02,0.066,3.3
2026-06-10T01:15:27.439Z,0.01,0.033,3.3
2026-06-10T01:15:27.641Z,0.01,0.033,3.3
2026-06-10T01:15:27.842Z,0.01,0.033,3.3
2026-06-10T01:15:28.043Z,0.02,0.066,3.3
2026-06-10T01:15:28.244Z,0.02,0.066,3.3
2026-06-10T01:15:28.447Z,0.02,0.066,3.3
2026-06-10T01:15:28.647Z,0.02,0.066,3.3
2026-06-10T01:15:28.849Z,0.02,0.066,3.3
2026-06-10T01:15:29.050Z,0.02,0.066,3.3
2026-06-10T01:15:29.251Z,0.01,0.033,3.3
2026-06-10T01:15:29.454Z,0.01,0.033,3.3
2026-06-10T01:15:29.655Z,0.01,0.033,3.3
2026-06-10T01:15:29.857Z,0.01,0.033,3.3
2026-06-10T01:15:30.057Z,0.02,0.066,3.3
2026-06-10T01:15:30.259Z,0.02,0.066,3.3
2026-06-10T01:15:30.462Z,0.02,0.066,3.3
2026-06-10T01:15:30.664Z,0.03,0.099,3.3
2026-06-10T01:15:30.865Z,0.02,0.066,3.3
2026-06-10T01:15:31.066Z,0.02,0.066,3.3
2026-06-10T01:15:31.269Z,0.02,0.066,3.3
2026-06-10T01:15:31.470Z,0.02,0.066,3.3
2026-06-10T01:15:31.672Z,0.01,0.033,3.3
2026-06-10T01:15:31.873Z,0.01,0.033,3.3
2026-06-10T01:15:32.074Z,0.01,0.033,3.3
2026-06-10T01:15:32.275Z,0.01,0.033,3.3
2026-06-10T01:15:32.477Z,0.02,0.066,3.3
2026-06-10T01:15:32.678Z,0.02,0.066,3.3
2026-06-10T01:15:32.881Z,0.02,0.066,3.3
2026-06-10T01:15:33.083Z,0.02,0.066,3.3
2026-06-10T01:15:33.284Z,0.02,0.066,3.3
2026-06-10T01:15:33.485Z,0.01,0.033,3.3
2026-06-10T01:15:33.686Z,0.01,0.033,3.3
2026-06-10T01:15:33.888Z,0.02,0.066,3.3
2026-06-10T01:15:34.090Z,0.02,0.066,3.3
2026-06-10T01:15:34.292Z,0.02,0.066,3.3
2026-06-10T01:15:34.493Z,0.02,0.066,3.3
2026-06-10T01:15:34.695Z,0.01,0.033,3.3
2026-06-10T01:15:34.898Z,0.01,0.033,3.3
2026-06-10T01:15:35.100Z,0.01,0.033,3.3
2026-06-10T01:15:35.302Z,0.01,0.033,3.3
2026-06-10T01:15:35.502Z,0.02,0.066,3.3
2026-06-10T01:15:35.703Z,0.02,0.066,3.3
2026-06-10T01:15:35.905Z,0.02,0.066,3.3
2026-06-10T01:15:36.106Z,0.02,0.066,3.3
2026-06-10T01:15:36.309Z,0.01,0.033,3.3
2026-06-10T01:15:36.510Z,0.01,0.033,3.3
2026-06-10T01:15:36.712Z,0.01,0.033,3.3
2026-06-10T01:15:36.913Z,0.02,0.066,3.3
2026-06-10T01:15:37.114Z,0.02,0.066,3.3
2026-06-10T01:15:37.315Z,0.02,0.066,3.3
2026-06-10T01:15:37.517Z,0.02,0.066,3.3
2026-06-10T01:15:37.719Z,0.01,0.033,3.3
2026-06-10T01:15:37.920Z,0.01,0.033,3.3
2026-06-10T01:15:38.121Z,0.01,0.033,3.3
2026-06-10T01:15:38.321Z,0.01,0.033,3.3
2026-06-10T01:15:38.523Z,0.02,0.066,3.3
2026-06-10T01:15:38.724Z,0.02,0.066,3.3
2026-06-10T01:15:38.926Z,0.02,0.066,3.3
2026-06-10T01:15:39.127Z,0.02,0.066,3.3
2026-06-10T01:15:39.329Z,0.01,0.033,3.3
2026-06-10T01:15:39.531Z,0.01,0.033,3.3
2026-06-10T01:15:39.732Z,0.01,0.033,3.3
2026-06-10T01:15:39.933Z,17.55,57.915,3.3
2026-06-10T01:15:40.135Z,58.57,193.281,3.3
2026-06-10T01:15:40.336Z,65.57,216.381,3.3
2026-06-10T01:15:40.536Z,65.4,215.82,3.3
2026-06-10T01:15:40.737Z,72.34,238.722,3.3
2026-06-10T01:15:40.938Z,72.45,239.085,3.3
2026-06-10T01:15:41.141Z,62.76,207.108,3.3
2026-06-10T01:15:41.343Z,56.55,186.615,3.3
2026-06-10T01:15:41.545Z,52.19,172.227,3.3
2026-06-10T01:15:41.747Z,51.66,170.478,3.3
2026-06-10T01:15:41.949Z,57.23,188.859,3.3
2026-06-10T01:15:42.151Z,66.49,219.417,3.3
2026-06-10T01:15:42.353Z,68.46,225.918,3.3
2026-06-10T01:15:42.555Z,64.52,212.916,3.3
2026-06-10T01:15:42.755Z,62.56,206.448,3.3
2026-06-10T01:15:42.956Z,64.21,211.893,3.3
2026-06-10T01:15:43.157Z,64.47,212.751,3.3
2026-06-10T01:15:43.358Z,65.1,214.83,3.3
2026-06-10T01:15:43.560Z,62.87,207.471,3.3
2026-06-10T01:15:43.762Z,63.06,208.098,3.3
2026-06-10T01:15:43.962Z,89.94,296.802,3.3
2026-06-10T01:15:44.165Z,139.45,460.185,3.3
2026-06-10T01:15:44.366Z,120.12,396.396,3.3
2026-06-10T01:15:44.568Z,107.76,355.608,3.3
2026-06-10T01:15:44.770Z,120.56,397.848,3.3
2026-06-10T01:15:44.973Z,118.32,390.456,3.3
2026-06-10T01:15:45.174Z,102.54,338.382,3.3
2026-06-10T01:15:45.375Z,101.29,334.257,3.3
2026-06-10T01:15:45.576Z,102.56,338.448,3.3
2026-06-10T01:15:45.778Z,109.23,360.459,3.3
2026-06-10T01:15:45.980Z,122.3,403.59,3.3
2026-06-10T01:15:46.182Z,114.66,378.378,3.3
2026-06-10T01:15:46.384Z,97.47,321.651,3.3
2026-06-10T01:15:46.585Z,93.17,307.461,3.3
2026-06-10T01:15:46.786Z,93.14,307.362,3.3
2026-06-10T01:15:46.988Z,95.07,313.731,3.3
2026-06-10T01:15:47.190Z,93.82,309.606,3.3
2026-06-10T01:15:47.391Z,97.5,321.75,3.3
2026-06-10T01:15:47.592Z,92.69,305.877,3.3
2026-06-10T01:15:47.793Z,65.08,214.764,3.3
2026-06-10T01:15:47.995Z,38.4,126.72,3.3
2026-06-10T01:15:48.197Z,3.76,12.408,3.3
2026-06-10T01:15:48.399Z,1.24,4.092,3.3
2026-06-10T01:15:48.599Z,0.05,0.165,3.3
2026-06-10T01:15:48.801Z,0.02,0.066,3.3
2026-06-10T01:15:49.003Z,0.02,0.066,3.3
2026-06-10T01:15:49.203Z,0.02,0.066,3.3
2026-06-10T01:15:49.405Z,0.02,0.066,3.3
2026-06-10T01:15:49.606Z,0.01,0.033,3.3
2026-06-10T01:15:49.808Z,0.01,0.033,3.3
2026-06-10T01:15:50.010Z,0.02,0.066,3.3
2026-06-10T01:15:50.212Z,0.02,0.066,3.3
2026-06-10T01:15:50.415Z,0.02,0.066,3.3
2026-06-10T01:15:50.614Z,0.01,0.033,3.3
2026-06-10T01:15:50.815Z,0.01,0.033,3.3
2026-06-10T01:15:51.017Z,0.01,0.033,3.3
2026-06-10T01:15:51.218Z,0.01,0.033,3.3
2026-06-10T01:15:51.419Z,0.01,0.033,3.3
2026-06-10T01:15:51.621Z,0.01,0.033,3.3
2026-06-10T01:15:51.821Z,0.02,0.066,3.3
2026-06-10T01:15:52.023Z,0.01,0.033,3.3
2026-06-10T01:15:52.223Z,0.02,0.066,3.3
2026-06-10T01:15:52.427Z,0.02,0.066,3.3
2026-06-10T01:15:52.626Z,0.02,0.066,3.3
2026-06-10T01:15:52.827Z,0.02,0.066,3.3
2026-06-10T01:15:53.029Z,0.01,0.033,3.3
2026-06-10T01:15:53.230Z,0,0,3.3
2026-06-10T01:15:53.433Z,0.01,0.033,3.3
2026-06-10T01:15:53.634Z,0.02,0.066,3.3
2026-06-10T01:15:53.837Z,0.02,0.066,3.3
2026-06-10T01:15:54.039Z,0.02,0.066,3.3
2026-06-10T01:15:54.241Z,0.02,0.066,3.3
2026-06-10T01:15:54.442Z,0.02,0.066,3.3
2026-06-10T01:15:54.644Z,0.01,0.033,3.3
2026-06-10T01:15:54.844Z,0.01,0.033,3.3
2026-06-10T01:15:55.046Z,0.01,0.033,3.3
2026-06-10T01:15:55.248Z,0.01,0.033,3.3
2026-06-10T01:15:55.449Z,0.02,0.066,3.3
2026-06-10T01:15:55.650Z,0.02,0.066,3.3
2026-06-10T01:15:55.852Z,0.02,0.066,3.3
2026-06-10T01:15:56.053Z,0.01,0.033,3.3
2026-06-10T01:15:56.256Z,0.01,0.033,3.3
2026-06-10T01:15:56.457Z,0.01,0.033,3.3
2026-06-10T01:15:56.658Z,0.01,0.033,3.3
2026-06-10T01:15:56.859Z,0.02,0.066,3.3
2026-06-10T01:15:57.060Z,0.02,0.066,3.3
2026-06-10T01:15:57.263Z,0.02,0.066,3.3
2026-06-10T01:15:57.464Z,0.01,0.033,3.3
2026-06-10T01:15:57.664Z,0.01,0.033,3.3
2026-06-10T01:15:57.866Z,0.01,0.033,3.3
2026-06-10T01:15:58.068Z,0.02,0.066,3.3
2026-06-10T01:15:58.270Z,0.02,0.066,3.3
2026-06-10T01:15:58.472Z,0.02,0.066,3.3
2026-06-10T01:15:58.673Z,0.01,0.033,3.3
2026-06-10T01:15:58.875Z,0.01,0.033,3.3
2026-06-10T01:15:59.075Z,0.01,0.033,3.3
2026-06-10T01:15:59.277Z,0.02,0.066,3.3
2026-06-10T01:15:59.478Z,0.01,0.033,3.3
2026-06-10T01:15:59.679Z,0.01,0.033,3.3
2026-06-10T01:15:59.881Z,0.01,0.033,3.3
2026-06-10T01:16:00.083Z,0.02,0.066,3.3
2026-06-10T01:16:00.284Z,0.02,0.066,3.3
2026-06-10T01:16:00.486Z,0.02,0.066,3.3
2026-06-10T01:16:00.688Z,0.02,0.066,3.3
2026-06-10T01:16:00.890Z,0.02,0.066,3.3
2026-06-10T01:16:01.091Z,0.02,0.066,3.3
2026-06-10T01:16:01.293Z,0.02,0.066,3.3
2026-06-10T01:16:01.496Z,0.01,0.033,3.3
2026-06-10T01:16:01.696Z,0.01,0.033,3.3
2026-06-10T01:16:01.898Z,0.01,0.033,3.3
2026-06-10T01:16:02.101Z,0.01,0.033,3.3
2026-06-10T01:16:02.303Z,0.02,0.066,3.3
2026-06-10T01:16:02.504Z,0.02,0.066,3.3
2026-06-10T01:16:02.705Z,0.02,0.066,3.3
2026-06-10T01:16:02.906Z,0.02,0.066,3.3
2026-06-10T01:16:03.108Z,0.01,0.033,3.3
2026-06-10T01:16:03.309Z,0.01,0.033,3.3
2026-06-10T01:16:03.509Z,0.01,0.033,3.3
2026-06-10T01:16:03.710Z,0.02,0.066,3.3
2026-06-10T01:16:03.912Z,0.02,0.066,3.3
2026-06-10T01:16:04.113Z,0.02,0.066,3.3
2026-06-10T01:16:04.315Z,0.02,0.066,3.3
2026-06-10T01:16:04.516Z,0.02,0.066,3.3
2026-06-10T01:16:04.719Z,0.01,0.033,3.3
2026-06-10T01:16:04.920Z,0.01,0.033,3.3
2026-06-10T01:16:05.121Z,0.01,0.033,3.3
2026-06-10T01:16:05.322Z,0.02,0.066,3.3
2026-06-10T01:16:05.524Z,0.02,0.066,3.3
2026-06-10T01:16:05.726Z,0.03,0.099,3.3
2026-06-10T01:16:05.928Z,0.02,0.066,3.3
2026-06-10T01:16:06.129Z,0.02,0.066,3.3
2026-06-10T01:16:06.330Z,0.01,0.033,3.3
2026-06-10T01:16:06.532Z,0.02,0.066,3.3
2026-06-10T01:16:06.733Z,0.01,0.033,3.3
2026-06-10T01:16:06.934Z,0.01,0.033,3.3
2026-06-10T01:16:07.135Z,0.01,0.033,3.3
2026-06-10T01:16:07.337Z,0.02,0.066,3.3
2026-06-10T01:16:07.539Z,0.02,0.066,3.3
2026-06-10T01:16:07.740Z,0.02,0.066,3.3
2026-06-10T01:16:07.942Z,0.02,0.066,3.3
2026-06-10T01:16:08.145Z,0.01,0.033,3.3
2026-06-10T01:16:08.347Z,0.01,0.033,3.3
2026-06-10T01:16:08.547Z,0.01,0.033,3.3
2026-06-10T01:16:08.748Z,0.02,0.066,3.3
2026-06-10T01:16:08.950Z,0.02,0.066,3.3
2026-06-10T01:16:09.154Z,0.02,0.066,3.3
2026-06-10T01:16:09.356Z,0.02,0.066,3.3
2026-06-10T01:16:09.556Z,0.02,0.066,3.3
2026-06-10T01:16:09.758Z,0.02,0.066,3.3
2026-06-10T01:16:09.961Z,0.01,0.033,3.3
2026-06-10T01:16:10.163Z,0.01,0.033,3.3
2026-06-10T01:16:10.363Z,0.01,0.033,3.3
2026-06-10T01:16:10.565Z,0.02,0.066,3.3
2026-06-10T01:16:10.767Z,0.02,0.066,3.3
2026-06-10T01:16:10.970Z,0.02,0.066,3.3
2026-06-10T01:16:11.171Z,0.02,0.066,3.3
2026-06-10T01:16:11.374Z,0.01,0.033,3.3
2026-06-10T01:16:11.576Z,0.01,0.033,3.3
2026-06-10T01:16:11.777Z,0.01,0.033,3.3
2026-06-10T01:16:11.979Z,0.01,0.033,3.3
2026-06-10T01:16:12.181Z,0.01,0.033,3.3
2026-06-10T01:16:12.387Z,0.01,0.033,3.3
2026-06-10T01:16:12.589Z,0.01,0.033,3.3
2026-06-10T01:16:12.790Z,0,0,3.3
2026-06-10T01:16:12.992Z,0,0,3.3
2026-06-10T01:16:13.192Z,0,0,3.3
2026-06-10T01:16:13.395Z,0,0,3.3
2026-06-10T01:16:13.597Z,0,0,3.3
2026-06-10T01:16:13.799Z,0.01,0.033,3.3
2026-06-10T01:16:14.001Z,0.01,0.033,3.3
2026-06-10T01:16:14.203Z,0.01,0.033,3.3
2026-06-10T01:16:14.405Z,0.01,0.033,3.3
2026-06-10T01:16:14.607Z,0.01,0.033,3.3
2026-06-10T01:16:14.810Z,0.01,0.033,3.3
2026-06-10T01:16:15.011Z,0.01,0.033,3.3
2026-06-10T01:16:15.212Z,0.01,0.033,3.3
2026-06-10T01:16:15.413Z,0,0,3.3
2026-06-10T01:16:15.614Z,0.01,0.033,3.3
2026-06-10T01:16:15.815Z,0.01,0.033,3.3
2026-06-10T01:16:16.017Z,0.01,0.033,3.3
2026-06-10T01:16:16.219Z,0.01,0.033,3.3
2026-06-10T01:16:16.421Z,0.01,0.033,3.3
2026-06-10T01:16:16.622Z,0.01,0.033,3.3
2026-06-10T01:16:16.823Z,0.01,0.033,3.3
2026-06-10T01:16:17.024Z,0.01,0.033,3.3
2026-06-10T01:16:17.224Z,0.01,0.033,3.3
2026-06-10T01:16:17.426Z,0.01,0.033,3.3
2026-06-10T01:16:17.628Z,0.01,0.033,3.3
2026-06-10T01:16:17.829Z,0.01,0.033,3.3
2026-06-10T01:16:18.031Z,0.01,0.033,3.3
2026-06-10T01:16:18.232Z,0.02,0.066,3.3
2026-06-10T01:16:18.439Z,0.02,0.066,3.3
2026-06-10T01:16:18.640Z,0.02,0.066,3.3
2026-06-10T01:16:18.842Z,0.02,0.066,3.3
2026-06-10T01:16:19.043Z,0.02,0.066,3.3
2026-06-10T01:16:19.244Z,0.02,0.066,3.3
2026-06-10T01:16:19.445Z,0.01,0.033,3.3
2026-06-10T01:16:19.645Z,0.01,0.033,3.3
2026-06-10T01:16:19.847Z,0.01,0.033,3.3
2026-06-10T01:16:20.049Z,0.01,0.033,3.3
2026-06-10T01:16:20.251Z,0.01,0.033,3.3
2026-06-10T01:16:20.453Z,0.01,0.033,3.3
2026-06-10T01:16:20.654Z,0,0,3.3
2026-06-10T01:16:20.856Z,0.01,0.033,3.3
2026-06-10T01:16:21.058Z,0,0,3.3
2026-06-10T01:16:21.260Z,0.01,0.033,3.3
2026-06-10T01:16:21.461Z,0.01,0.033,3.3
2026-06-10T01:16:21.662Z,0.01,0.033,3.3
2026-06-10T01:16:21.864Z,0.01,0.033,3.3
2026-06-10T01:16:22.064Z,0.01,0.033,3.3
2026-06-10T01:16:22.268Z,0.01,0.033,3.3
2026-06-10T01:16:22.467Z,0.01,0.033,3.3
2026-06-10T01:16:22.670Z,0.01,0.033,3.3
2026-06-10T01:16:22.871Z,0.02,0.066,3.3
2026-06-10T01:16:23.072Z,0.02,0.066,3.3
2026-06-10T01:16:23.273Z,0.02,0.066,3.3
2026-06-10T01:16:23.475Z,0.02,0.066,3.3
2026-06-10T01:16:23.676Z,0.02,0.066,3.3
2026-06-10T01:16:23.878Z,0.01,0.033,3.3
2026-06-10T01:16:24.080Z,0.01,0.033,3.3
2026-06-10T01:16:24.281Z,0.01,0.033,3.3
2026-06-10T01:16:24.482Z,0.01,0.033,3.3
2026-06-10T01:16:24.682Z,0.01,0.033,3.3
2026-06-10T01:16:24.885Z,0.01,0.033,3.3
2026-06-10T01:16:25.087Z,0.01,0.033,3.3
2026-06-10T01:16:25.289Z,0.01,0.033,3.3
2026-06-10T01:16:25.491Z,0.01,0.033,3.3
2026-06-10T01:16:25.692Z,0,0,3.3
2026-06-10T01:16:25.894Z,0,0,3.3
2026-06-10T01:16:26.096Z,0,0,3.3
2026-06-10T01:16:26.297Z,0,0,3.3
2026-06-10T01:16:26.499Z,0,0,3.3
2026-06-10T01:16:26.699Z,0,0,3.3
2026-06-10T01:16:26.901Z,0,0,3.3
2026-06-10T01:16:27.103Z,0,0,3.3
2026-06-10T01:16:27.303Z,0,0,3.3
2026-06-10T01:16:27.504Z,0,0,3.3
2026-06-10T01:16:27.706Z,0,0,3.3
2026-06-10T01:16:27.907Z,0,0,3.3
2026-06-10T01:16:28.110Z,0.01,0.033,3.3
2026-06-10T01:16:28.310Z,0.01,0.033,3.3
2026-06-10T01:16:28.511Z,0.01,0.033,3.3
2026-06-10T01:16:28.711Z,0.01,0.033,3.3
2026-06-10T01:16:28.913Z,0.01,0.033,3.3
2026-06-10T01:16:29.113Z,0.01,0.033,3.3
2026-06-10T01:16:29.315Z,0.01,0.033,3.3
2026-06-10T01:16:29.515Z,0.01,0.033,3.3
2026-06-10T01:16:29.717Z,0.01,0.033,3.3
2026-06-10T01:16:29.918Z,0.01,0.033,3.3
2026-06-10T01:16:30.119Z,0.02,0.066,3.3
2026-06-10T01:16:30.320Z,0.02,0.066,3.3
2026-06-10T01:16:30.521Z,0.02,0.066,3.3
2026-06-10T01:16:30.723Z,0.01,0.033,3.3
2026-06-10T01:16:30.926Z,0.01,0.033,3.3
2026-06-10T01:16:31.127Z,0.02,0.066,3.3
2026-06-10T01:16:31.328Z,0.02,0.066,3.3
2026-06-10T01:16:31.530Z,0.02,0.066,3.3
2026-06-10T01:16:31.731Z,0.01,0.033,3.3
2026-06-10T01:16:31.932Z,0.01,0.033,3.3
2026-06-10T01:16:32.133Z,0.01,0.033,3.3
2026-06-10T01:16:32.333Z,0.01,0.033,3.3
2026-06-10T01:16:32.534Z,0.01,0.033,3.3
2026-06-10T01:16:32.736Z,0.02,0.066,3.3
2026-06-10T01:16:32.937Z,0.02,0.066,3.3
2026-06-10T01:16:33.139Z,0.02,0.066,3.3
2026-06-10T01:16:33.340Z,0.01,0.033,3.3
2026-06-10T01:16:33.542Z,0.01,0.033,3.3
2026-06-10T01:16:33.743Z,0.01,0.033,3.3
2026-06-10T01:16:33.945Z,0.01,0.033,3.3
2026-06-10T01:16:34.146Z,0.01,0.033,3.3
2026-06-10T01:16:34.346Z,0.01,0.033,3.3
2026-06-10T01:16:34.547Z,0.01,0.033,3.3
2026-06-10T01:16:34.749Z,0.02,0.066,3.3
2026-06-10T01:16:34.951Z,0.02,0.066,3.3
2026-06-10T01:16:35.153Z,0.02,0.066,3.3
2026-06-10T01:16:35.354Z,0.01,0.033,3.3
2026-06-10T01:16:35.555Z,0.01,0.033,3.3
2026-06-10T01:16:35.757Z,0.01,0.033,3.3
2026-06-10T01:16:35.959Z,0.01,0.033,3.3
2026-06-10T01:16:36.161Z,0.01,0.033,3.3
2026-06-10T01:16:36.363Z,0.02,0.066,3.3
2026-06-10T01:16:36.565Z,0.02,0.066,3.3
2026-06-10T01:16:36.766Z,0.02,0.066,3.3
2026-06-10T01:16:36.967Z,0.02,0.066,3.3
2026-06-10T01:16:37.168Z,0.01,0.033,3.3
2026-06-10T01:16:37.370Z,0.01,0.033,3.3
2026-06-10T01:16:37.572Z,0.01,0.033,3.3
2026-06-10T01:16:37.773Z,0.01,0.033,3.3
2026-06-10T01:16:37.974Z,0.02,0.066,3.3
2026-06-10T01:16:38.175Z,0.02,0.066,3.3
2026-06-10T01:16:38.377Z,0.02,0.066,3.3
2026-06-10T01:16:38.579Z,0.01,0.033,3.3
2026-06-10T01:16:38.781Z,0.01,0.033,3.3
2026-06-10T01:16:38.983Z,0.01,0.033,3.3
2026-06-10T01:16:39.184Z,0.01,0.033,3.3
2026-06-10T01:16:39.386Z,0.02,0.066,3.3
2026-06-10T01:16:39.586Z,4.13,13.629,3.3
2026-06-10T01:16:39.788Z,45.16,149.028,3.3
2026-06-10T01:16:39.990Z,64.57,213.081,3.3
2026-06-10T01:16:40.191Z,65.21,215.193,3.3
2026-06-10T01:16:40.394Z,67.09,221.397,3.3
2026-06-10T01:16:40.596Z,72.26,238.458,3.3
2026-06-10T01:16:40.796Z,67.95,224.235,3.3
2026-06-10T01:16:40.997Z,56.66,186.978,3.3
2026-06-10T01:16:41.199Z,54.03,178.299,3.3
2026-06-10T01:16:41.402Z,51.65,170.445,3.3
2026-06-10T01:16:41.602Z,54.62,180.246,3.3
2026-06-10T01:16:41.805Z,62.48,206.184,3.3
2026-06-10T01:16:42.006Z,68.19,225.027,3.3
2026-06-10T01:16:42.209Z,67.47,222.651,3.3
2026-06-10T01:16:42.409Z,62.38,205.854,3.3
2026-06-10T01:16:42.608Z,63.56,209.748,3.3
2026-06-10T01:16:42.809Z,64.81,213.873,3.3
2026-06-10T01:16:43.011Z,65.13,214.929,3.3
2026-06-10T01:16:43.212Z,63.45,209.385,3.3
2026-06-10T01:16:43.414Z,63.81,210.573,3.3
2026-06-10T01:16:43.614Z,74.01,244.233,3.3
2026-06-10T01:16:43.815Z,127.7,421.41,3.3
2026-06-10T01:16:44.016Z,125.48,414.084,3.3
2026-06-10T01:16:44.217Z,104.47,344.751,3.3
2026-06-10T01:16:44.420Z,111.78,368.874,3.3
2026-06-10T01:16:44.621Z,110,363,3.3
2026-06-10T01:16:44.823Z,100.12,330.396,3.3
2026-06-10T01:16:45.025Z,100.36,331.188,3.3
2026-06-10T01:16:45.226Z,101.24,334.092,3.3
2026-06-10T01:16:45.430Z,98.55,325.215,3.3
2026-06-10T01:16:45.632Z,102.24,337.392,3.3
2026-06-10T01:16:45.834Z,114.02,376.266,3.3
2026-06-10T01:16:46.034Z,122.03,402.699,3.3
2026-06-10T01:16:46.235Z,109.86,362.538,3.3
2026-06-10T01:16:46.441Z,95.99,316.767,3.3
2026-06-10T01:16:46.644Z,92.66,305.778,3.3
2026-06-10T01:16:46.846Z,92.92,306.636,3.3
2026-06-10T01:16:47.046Z,97.19,320.727,3.3
2026-06-10T01:16:47.247Z,97.45,321.585,3.3
2026-06-10T01:16:47.448Z,99.98,329.934,3.3
2026-06-10T01:16:47.653Z,85.62,282.546,3.3
2026-06-10T01:16:47.855Z,58.34,192.522,3.3
2026-06-10T01:16:48.057Z,35.37,116.721,3.3
2026-06-10T01:16:48.256Z,2.85,9.405,3.3
2026-06-10T01:16:48.459Z,1.25,4.125,3.3
2026-06-10T01:16:48.661Z,0.04,0.132,3.3
2026-06-10T01:16:48.862Z,0.02,0.066,3.3
2026-06-10T01:16:49.063Z,0.01,0.033,3.3
2026-06-10T01:16:49.263Z,0.01,0.033,3.3
2026-06-10T01:16:49.465Z,0.01,0.033,3.3
2026-06-10T01:16:49.666Z,0.02,0.066,3.3
2026-06-10T01:16:49.867Z,0.02,0.066,3.3
2026-06-10T01:16:50.069Z,0.02,0.066,3.3
2026-06-10T01:16:50.270Z,0.02,0.066,3.3
2026-06-10T01:16:50.473Z,0.02,0.066,3.3
2026-06-10T01:16:50.674Z,0.02,0.066,3.3
2026-06-10T01:16:50.875Z,0.01,0.033,3.3
2026-06-10T01:16:51.076Z,0.02,0.066,3.3
2026-06-10T01:16:51.278Z,0.02,0.066,3.3
2026-06-10T01:16:51.479Z,0.02,0.066,3.3
2026-06-10T01:16:51.679Z,0.02,0.066,3.3
2026-06-10T01:16:51.881Z,0.02,0.066,3.3
2026-06-10T01:16:52.083Z,0.02,0.066,3.3
2026-06-10T01:16:52.286Z,0.02,0.066,3.3
2026-06-10T01:16:52.487Z,0.02,0.066,3.3
2026-06-10T01:16:52.688Z,0.01,0.033,3.3
2026-06-10T01:16:52.890Z,0.02,0.066,3.3
2026-06-10T01:16:53.090Z,0.02,0.066,3.3
2026-06-10T01:16:53.292Z,0.02,0.066,3.3
2026-06-10T01:16:53.494Z,0.02,0.066,3.3
2026-06-10T01:16:53.695Z,0.02,0.066,3.3
2026-06-10T01:16:53.897Z,0.02,0.066,3.3
2026-06-10T01:16:54.098Z,0.01,0.033,3.3
2026-06-10T01:16:54.299Z,0.02,0.066,3.3
2026-06-10T01:16:54.500Z,0.02,0.066,3.3
2026-06-10T01:16:54.702Z,0.02,0.066,3.3
2026-06-10T01:16:54.904Z,0.02,0.066,3.3
2026-06-10T01:16:55.104Z,0.02,0.066,3.3
2026-06-10T01:16:55.306Z,0.02,0.066,3.3
2026-06-10T01:16:55.507Z,0.01,0.033,3.3
2026-06-10T01:16:55.709Z,0.02,0.066,3.3
2026-06-10T01:16:55.911Z,0.02,0.066,3.3
2026-06-10T01:16:56.111Z,0.02,0.066,3.3
2026-06-10T01:16:56.311Z,0.02,0.066,3.3
2026-06-10T01:16:56.513Z,0.02,0.066,3.3
2026-06-10T01:16:56.713Z,0.02,0.066,3.3
2026-06-10T01:16:56.914Z,0.02,0.066,3.3
2026-06-10T01:16:57.114Z,0.01,0.033,3.3
2026-06-10T01:16:57.316Z,0.02,0.066,3.3
2026-06-10T01:16:57.518Z,0.02,0.066,3.3
2026-06-10T01:16:57.720Z,0.02,0.066,3.3
2026-06-10T01:16:57.922Z,0.02,0.066,3.3
2026-06-10T01:16:58.123Z,0.02,0.066,3.3
2026-06-10T01:16:58.324Z,0.02,0.066,3.3
2026-06-10T01:16:58.525Z,0.02,0.066,3.3
2026-06-10T01:16:58.725Z,0.01,0.033,3.3
2026-06-10T01:16:58.926Z,0.01,0.033,3.3
2026-06-10T01:16:59.128Z,0.01,0.033,3.3
2026-06-10T01:16:59.329Z,0.02,0.066,3.3
2026-06-10T01:16:59.529Z,0.02,0.066,3.3
2026-06-10T01:16:59.730Z,0.02,0.066,3.3
2026-06-10T01:16:59.931Z,0.01,0.033,3.3
2026-06-10T01:17:00.132Z,0.01,0.033,3.3
2026-06-10T01:17:00.332Z,0.01,0.033,3.3
2026-06-10T01:17:00.535Z,0.02,0.066,3.3
2026-06-10T01:17:00.735Z,0.02,0.066,3.3
2026-06-10T01:17:00.937Z,0.02,0.066,3.3
2026-06-10T01:17:01.138Z,0.02,0.066,3.3
2026-06-10T01:17:01.340Z,0.01,0.033,3.3
2026-06-10T01:17:01.542Z,0.01,0.033,3.3
2026-06-10T01:17:01.743Z,0.01,0.033,3.3
2026-06-10T01:17:01.944Z,0.02,0.066,3.3
2026-06-10T01:17:02.144Z,0.02,0.066,3.3
2026-06-10T01:17:02.346Z,0.02,0.066,3.3
2026-06-10T01:17:02.547Z,0.02,0.066,3.3
2026-06-10T01:17:02.749Z,0.01,0.033,3.3
2026-06-10T01:17:02.950Z,0.01,0.033,3.3
2026-06-10T01:17:03.152Z,0.01,0.033,3.3
2026-06-10T01:17:03.353Z,0.01,0.033,3.3
2026-06-10T01:17:03.554Z,0.01,0.033,3.3
2026-06-10T01:17:03.756Z,0.01,0.033,3.3
2026-06-10T01:17:03.958Z,0.01,0.033,3.3
2026-06-10T01:17:04.159Z,0.01,0.033,3.3
2026-06-10T01:17:04.359Z,0.01,0.033,3.3
2026-06-10T01:17:04.559Z,0.02,0.066,3.3
2026-06-10T01:17:04.761Z,0.02,0.066,3.3
2026-06-10T01:17:04.962Z,0.02,0.066,3.3
2026-06-10T01:17:05.164Z,0.02,0.066,3.3
2026-06-10T01:17:05.365Z,0.02,0.066,3.3
2026-06-10T01:17:05.566Z,0.01,0.033,3.3
2026-06-10T01:17:05.768Z,0.01,0.033,3.3
2026-06-10T01:17:05.969Z,0.02,0.066,3.3
2026-06-10T01:17:06.171Z,0.03,0.099,3.3
2026-06-10T01:17:06.372Z,0.02,0.066,3.3
2026-06-10T01:17:06.575Z,0.02,0.066,3.3
2026-06-10T01:17:06.776Z,0.02,0.066,3.3
2026-06-10T01:17:06.976Z,0.02,0.066,3.3
2026-06-10T01:17:07.177Z,0.01,0.033,3.3
2026-06-10T01:17:07.379Z,0.02,0.066,3.3
2026-06-10T01:17:07.579Z,0.01,0.033,3.3
2026-06-10T01:17:07.781Z,0.02,0.066,3.3
2026-06-10T01:17:07.982Z,0.01,0.033,3.3
2026-06-10T01:17:08.183Z,0.01,0.033,3.3
2026-06-10T01:17:08.384Z,0.02,0.066,3.3
2026-06-10T01:17:08.586Z,0.02,0.066,3.3
2026-06-10T01:17:08.787Z,0.02,0.066,3.3
2026-06-10T01:17:08.987Z,0.02,0.066,3.3
2026-06-10T01:17:09.189Z,0.02,0.066,3.3
2026-06-10T01:17:09.395Z,0.02,0.066,3.3
2026-06-10T01:17:09.592Z,0.02,0.066,3.3
2026-06-10T01:17:09.793Z,0.01,0.033,3.3
2026-06-10T01:17:09.994Z,0.01,0.033,3.3
2026-06-10T01:17:10.194Z,0.02,0.066,3.3
2026-06-10T01:17:10.397Z,0.02,0.066,3.3
2026-06-10T01:17:10.598Z,0.02,0.066,3.3
2026-06-10T01:17:10.800Z,0.02,0.066,3.3
2026-06-10T01:17:11.001Z,0.02,0.066,3.3
2026-06-10T01:17:11.201Z,0.01,0.033,3.3
2026-06-10T01:17:11.402Z,0.01,0.033,3.3
2026-06-10T01:17:11.604Z,0.01,0.033,3.3
2026-06-10T01:17:11.806Z,0.01,0.033,3.3
2026-06-10T01:17:12.008Z,0.02,0.066,3.3
2026-06-10T01:17:12.210Z,0.02,0.066,3.3
2026-06-10T01:17:12.414Z,0.02,0.066,3.3
2026-06-10T01:17:12.616Z,0.02,0.066,3.3
2026-06-10T01:17:12.816Z,0.01,0.033,3.3
2026-06-10T01:17:13.017Z,0.01,0.033,3.3
2026-06-10T01:17:13.217Z,0.01,0.033,3.3
2026-06-10T01:17:13.420Z,0.01,0.033,3.3
2026-06-10T01:17:13.621Z,0.02,0.066,3.3
2026-06-10T01:17:13.822Z,0.02,0.066,3.3
2026-06-10T01:17:14.024Z,0.02,0.066,3.3
2026-06-10T01:17:14.225Z,0.02,0.066,3.3
2026-06-10T01:17:14.426Z,0.01,0.033,3.3
2026-06-10T01:17:14.627Z,0.01,0.033,3.3
2026-06-10T01:17:14.830Z,0.02,0.066,3.3
2026-06-10T01:17:15.031Z,0.02,0.066,3.3
2026-06-10T01:17:15.232Z,0.02,0.066,3.3
2026-06-10T01:17:15.434Z,0.01,0.033,3.3
2026-06-10T01:17:15.635Z,0,0,3.3
2026-06-10T01:17:15.837Z,0,0,3.3
2026-06-10T01:17:16.038Z,0,0,3.3
2026-06-10T01:17:16.241Z,0,0,3.3
2026-06-10T01:17:16.441Z,0,0,3.3
2026-06-10T01:17:16.642Z,0,0,3.3
2026-06-10T01:17:16.843Z,0,0,3.3
2026-06-10T01:17:17.044Z,0,0,3.3
2026-06-10T01:17:17.245Z,0,0,3.3
2026-06-10T01:17:17.448Z,0,0,3.3
2026-06-10T01:17:17.649Z,0,0,3.3
2026-06-10T01:17:17.850Z,0,0,3.3
2026-06-10T01:17:18.050Z,0,0,3.3
2026-06-10T01:17:18.252Z,0,0,3.3
2026-06-10T01:17:18.453Z,0.01,0.033,3.3
2026-06-10T01:17:18.654Z,0.01,0.033,3.3
2026-06-10T01:17:18.855Z,0.01,0.033,3.3
2026-06-10T01:17:19.056Z,0.01,0.033,3.3
2026-06-10T01:17:19.257Z,0,0,3.3
2026-06-10T01:17:19.458Z,0,0,3.3
2026-06-10T01:17:19.661Z,0.01,0.033,3.3
2026-06-10T01:17:19.862Z,0.01,0.033,3.3
2026-06-10T01:17:20.064Z,0.01,0.033,3.3
2026-06-10T01:17:20.265Z,0.01,0.033,3.3
2026-06-10T01:17:20.466Z,0,0,3.3
2026-06-10T01:17:20.667Z,0.01,0.033,3.3
2026-06-10T01:17:20.867Z,0.01,0.033,3.3
2026-06-10T01:17:21.070Z,0.01,0.033,3.3
2026-06-10T01:17:21.271Z,0.01,0.033,3.3
2026-06-10T01:17:21.472Z,0.01,0.033,3.3
2026-06-10T01:17:21.673Z,0.01,0.033,3.3
2026-06-10T01:17:21.875Z,0.02,0.066,3.3
2026-06-10T01:17:22.078Z,0.03,0.099,3.3
2026-06-10T01:17:22.280Z,0.02,0.066,3.3
2026-06-10T01:17:22.480Z,0.02,0.066,3.3
2026-06-10T01:17:22.680Z,0.01,0.033,3.3
2026-06-10T01:17:22.881Z,0.01,0.033,3.3
2026-06-10T01:17:23.082Z,0.01,0.033,3.3
2026-06-10T01:17:23.285Z,0.01,0.033,3.3
2026-06-10T01:17:23.486Z,0.02,0.066,3.3
2026-06-10T01:17:23.688Z,0.02,0.066,3.3
2026-06-10T01:17:23.890Z,0.02,0.066,3.3
2026-06-10T01:17:24.092Z,0.02,0.066,3.3
2026-06-10T01:17:24.293Z,0.01,0.033,3.3
2026-06-10T01:17:24.493Z,0.02,0.066,3.3
2026-06-10T01:17:24.697Z,0.02,0.066,3.3
2026-06-10T01:17:24.896Z,0.02,0.066,3.3
2026-06-10T01:17:25.098Z,0.02,0.066,3.3
2026-06-10T01:17:25.299Z,0.02,0.066,3.3
2026-06-10T01:17:25.500Z,0.02,0.066,3.3
2026-06-10T01:17:25.702Z,0.02,0.066,3.3
2026-06-10T01:17:25.904Z,0.01,0.033,3.3
2026-06-10T01:17:26.106Z,0.01,0.033,3.3
2026-06-10T01:17:26.308Z,0.01,0.033,3.3
2026-06-10T01:17:26.509Z,0.02,0.066,3.3
2026-06-10T01:17:26.711Z,0.02,0.066,3.3
2026-06-10T01:17:26.913Z,0.01,0.033,3.3
2026-06-10T01:17:27.115Z,0.01,0.033,3.3
2026-06-10T01:17:27.316Z,0.02,0.066,3.3
2026-06-10T01:17:27.518Z,0.02,0.066,3.3
2026-06-10T01:17:27.720Z,0.02,0.066,3.3
2026-06-10T01:17:27.921Z,0.02,0.066,3.3
2026-06-10T01:17:28.122Z,0.01,0.033,3.3
2026-06-10T01:17:28.323Z,0.01,0.033,3.3
2026-06-10T01:17:28.525Z,0.01,0.033,3.3
2026-06-10T01:17:28.727Z,0.02,0.066,3.3
2026-06-10T01:17:28.929Z,0.02,0.066,3.3
2026-06-10T01:17:29.129Z,0.02,0.066,3.3
2026-06-10T01:17:29.330Z,0.02,0.066,3.3
2026-06-10T01:17:29.533Z,0.01,0.033,3.3
2026-06-10T01:17:29.735Z,0.01,0.033,3.3
2026-06-10T01:17:29.936Z,0.02,0.066,3.3
2026-06-10T01:17:30.137Z,0.02,0.066,3.3
2026-06-10T01:17:30.339Z,0.02,0.066,3.3
2026-06-10T01:17:30.541Z,0.01,0.033,3.3
2026-06-10T01:17:30.743Z,0.01,0.033,3.3
2026-06-10T01:17:30.945Z,0.01,0.033,3.3
2026-06-10T01:17:31.148Z,0.02,0.066,3.3
2026-06-10T01:17:31.349Z,0.02,0.066,3.3
2026-06-10T01:17:31.551Z,0.02,0.066,3.3
2026-06-10T01:17:31.751Z,0.02,0.066,3.3
2026-06-10T01:17:31.952Z,0.01,0.033,3.3
2026-06-10T01:17:32.154Z,0.01,0.033,3.3
2026-06-10T01:17:32.356Z,0.01,0.033,3.3
2026-06-10T01:17:32.558Z,0.01,0.033,3.3
2026-06-10T01:17:32.758Z,0.02,0.066,3.3
2026-06-10T01:17:32.960Z,0.02,0.066,3.3
2026-06-10T01:17:33.162Z,0.02,0.066,3.3
2026-06-10T01:17:33.365Z,0.02,0.066,3.3
2026-06-10T01:17:33.567Z,0.01,0.033,3.3
2026-06-10T01:17:33.769Z,0.01,0.033,3.3
2026-06-10T01:17:33.971Z,0.01,0.033,3.3
2026-06-10T01:17:34.173Z,0.02,0.066,3.3
2026-06-10T01:17:34.373Z,0.02,0.066,3.3
2026-06-10T01:17:34.575Z,0.02,0.066,3.3
2026-06-10T01:17:34.777Z,0.02,0.066,3.3
2026-06-10T01:17:34.978Z,0.01,0.033,3.3
2026-06-10T01:17:35.179Z,0.01,0.033,3.3
2026-06-10T01:17:35.381Z,0.01,0.033,3.3
2026-06-10T01:17:35.584Z,0.02,0.066,3.3
2026-06-10T01:17:35.786Z,0.02,0.066,3.3
2026-06-10T01:17:35.988Z,0.02,0.066,3.3
2026-06-10T01:17:36.188Z,0.02,0.066,3.3
2026-06-10T01:17:36.390Z,0.02,0.066,3.3
2026-06-10T01:17:36.592Z,0.02,0.066,3.3
2026-06-10T01:17:36.795Z,0.02,0.066,3.3
2026-06-10T01:17:36.996Z,0.02,0.066,3.3
2026-06-10T01:17:37.197Z,0.01,0.033,3.3
2026-06-10T01:17:37.398Z,0.01,0.033,3.3
2026-06-10T01:17:37.600Z,0.02,0.066,3.3
2026-06-10T01:17:37.801Z,0.02,0.066,3.3
2026-06-10T01:17:38.004Z,0.02,0.066,3.3
2026-06-10T01:17:38.205Z,0.02,0.066,3.3
2026-06-10T01:17:38.409Z,0.02,0.066,3.3
2026-06-10T01:17:38.611Z,0.01,0.033,3.3
2026-06-10T01:17:38.813Z,0.02,0.066,3.3
2026-06-10T01:17:39.015Z,0.01,0.033,3.3
2026-06-10T01:17:39.216Z,0.02,0.066,3.3
2026-06-10T01:17:39.417Z,0.09,0.297,3.3
2026-06-10T01:17:39.617Z,36.66,120.978,3.3
2026-06-10T01:17:39.818Z,63.56,209.748,3.3
2026-06-10T01:17:40.019Z,65.34,215.622,3.3
2026-06-10T01:17:40.219Z,65.31,215.523,3.3
2026-06-10T01:17:40.427Z,72.65,239.745,3.3
2026-06-10T01:17:40.630Z,70.8,233.64,3.3
2026-06-10T01:17:40.830Z,58.42,192.786,3.3
2026-06-10T01:17:41.031Z,55.25,182.325,3.3
2026-06-10T01:17:41.232Z,51.64,170.412,3.3
2026-06-10T01:17:41.433Z,53.2,175.56,3.3
2026-06-10T01:17:41.635Z,60.71,200.343,3.3
2026-06-10T01:17:41.835Z,68.33,225.489,3.3
2026-06-10T01:17:42.036Z,67.74,223.542,3.3
2026-06-10T01:17:42.238Z,62.6,206.58,3.3
2026-06-10T01:17:42.439Z,63.28,208.824,3.3
2026-06-10T01:17:42.640Z,64.35,212.355,3.3
2026-06-10T01:17:42.842Z,64.04,211.332,3.3
2026-06-10T01:17:43.043Z,61.52,203.016,3.3
2026-06-10T01:17:43.243Z,62.67,206.811,3.3
2026-06-10T01:17:43.445Z,77.8,256.74,3.3
2026-06-10T01:17:43.646Z,135.47,447.051,3.3
2026-06-10T01:17:43.848Z,120.09,396.297,3.3
2026-06-10T01:17:44.051Z,103.71,342.243,3.3
2026-06-10T01:17:44.252Z,117.41,387.453,3.3
2026-06-10T01:17:44.455Z,121.19,399.927,3.3
2026-06-10T01:17:44.656Z,102.81,339.273,3.3
2026-06-10T01:17:44.857Z,103.3,340.89,3.3
2026-06-10T01:17:45.058Z,102.9,339.57,3.3
2026-06-10T01:17:45.260Z,101.75,335.775,3.3
2026-06-10T01:17:45.461Z,103.5,341.55,3.3
2026-06-10T01:17:45.663Z,112.3,370.59,3.3
2026-06-10T01:17:45.865Z,121.15,399.795,3.3
2026-06-10T01:17:46.066Z,113.49,374.517,3.3
2026-06-10T01:17:46.266Z,98.79,326.007,3.3
2026-06-10T01:17:46.467Z,94.34,311.322,3.3
2026-06-10T01:17:46.669Z,94.76,312.708,3.3
2026-06-10T01:17:46.871Z,98.12,323.796,3.3
2026-06-10T01:17:47.073Z,97.44,321.552,3.3
2026-06-10T01:17:47.276Z,103.67,342.111,3.3
2026-06-10T01:17:47.478Z,87.96,290.268,3.3
2026-06-10T01:17:47.681Z,58.91,194.403,3.3
2026-06-10T01:17:47.882Z,39.16,129.228,3.3
2026-06-10T01:17:48.084Z,4.34,14.322,3.3
2026-06-10T01:17:48.286Z,0.81,2.673,3.3
2026-06-10T01:17:48.487Z,0.06,0.198,3.3
2026-06-10T01:17:48.689Z,0.03,0.099,3.3
2026-06-10T01:17:48.891Z,0.02,0.066,3.3
2026-06-10T01:17:49.093Z,0.02,0.066,3.3
2026-06-10T01:17:49.294Z,0.01,0.033,3.3
2026-06-10T01:17:49.494Z,0.01,0.033,3.3
2026-06-10T01:17:49.695Z,0,0,3.3
2026-06-10T01:17:49.897Z,0,0,3.3
2026-06-10T01:17:50.099Z,0,0,3.3
2026-06-10T01:17:50.300Z,0,0,3.3
2026-06-10T01:17:50.501Z,0,0,3.3
2026-06-10T01:17:50.701Z,0,0,3.3
2026-06-10T01:17:50.903Z,0.01,0.033,3.3
2026-06-10T01:17:51.104Z,0.01,0.033,3.3
2026-06-10T01:17:51.304Z,0.01,0.033,3.3
2026-06-10T01:17:51.506Z,0,0,3.3
2026-06-10T01:17:51.709Z,0.01,0.033,3.3
2026-06-10T01:17:51.910Z,0.01,0.033,3.3
2026-06-10T01:17:52.111Z,0.01,0.033,3.3
2026-06-10T01:17:52.312Z,0.01,0.033,3.3
2026-06-10T01:17:52.513Z,0.01,0.033,3.3
2026-06-10T01:17:52.714Z,0.01,0.033,3.3
2026-06-10T01:17:52.915Z,0.02,0.066,3.3
2026-06-10T01:17:53.116Z,0.02,0.066,3.3
2026-06-10T01:17:53.318Z,0.02,0.066,3.3
2026-06-10T01:17:53.518Z,0.02,0.066,3.3
2026-06-10T01:17:53.719Z,0.01,0.033,3.3
2026-06-10T01:17:53.920Z,0.01,0.033,3.3
2026-06-10T01:17:54.122Z,0.02,0.066,3.3
2026-06-10T01:17:54.324Z,0.01,0.033,3.3
2026-06-10T01:17:54.525Z,0.02,0.066,3.3
2026-06-10T01:17:54.727Z,0.02,0.066,3.3
2026-06-10T01:17:54.928Z,0.02,0.066,3.3
2026-06-10T01:17:55.130Z,0.01,0.033,3.3
2026-06-10T01:17:55.330Z,0.01,0.033,3.3
2026-06-10T01:17:55.533Z,0.01,0.033,3.3
2026-06-10T01:17:55.734Z,0.02,0.066,3.3
2026-06-10T01:17:55.934Z,0.02,0.066,3.3
2026-06-10T01:17:56.136Z,0.02,0.066,3.3
2026-06-10T01:17:56.337Z,0.02,0.066,3.3
2026-06-10T01:17:56.538Z,0.01,0.033,3.3
2026-06-10T01:17:56.739Z,0.01,0.033,3.3
2026-06-10T01:17:56.939Z,0.01,0.033,3.3
2026-06-10T01:17:57.140Z,0.01,0.033,3.3
2026-06-10T01:17:57.342Z,0.02,0.066,3.3
2026-06-10T01:17:57.544Z,0.02,0.066,3.3
2026-06-10T01:17:57.746Z,0.02,0.066,3.3
2026-06-10T01:17:57.947Z,0.02,0.066,3.3
2026-06-10T01:17:58.148Z,0.02,0.066,3.3
2026-06-10T01:17:58.350Z,0.01,0.033,3.3
2026-06-10T01:17:58.551Z,0.01,0.033,3.3
2026-06-10T01:17:58.752Z,0.01,0.033,3.3
2026-06-10T01:17:58.954Z,0.01,0.033,3.3
2026-06-10T01:17:59.156Z,0.01,0.033,3.3
2026-06-10T01:17:59.358Z,0.02,0.066,3.3
2026-06-10T01:17:59.559Z,0.02,0.066,3.3
2026-06-10T01:17:59.761Z,0.02,0.066,3.3
2026-06-10T01:17:59.964Z,0.01,0.033,3.3
2026-06-10T01:18:00.165Z,0.01,0.033,3.3
2026-06-10T01:18:00.367Z,0.01,0.033,3.3
2026-06-10T01:18:00.569Z,0.01,0.033,3.3
2026-06-10T01:18:00.771Z,0.02,0.066,3.3
2026-06-10T01:18:00.974Z,0.02,0.066,3.3
2026-06-10T01:18:01.174Z,0.02,0.066,3.3
2026-06-10T01:18:01.384Z,0.02,0.066,3.3
2026-06-10T01:18:01.578Z,0.02,0.066,3.3
2026-06-10T01:18:01.779Z,0.01,0.033,3.3
2026-06-10T01:18:01.980Z,0.02,0.066,3.3
2026-06-10T01:18:02.181Z,0.01,0.033,3.3
2026-06-10T01:18:02.384Z,0.01,0.033,3.3
2026-06-10T01:18:02.584Z,0.02,0.066,3.3
2026-06-10T01:18:02.786Z,0.02,0.066,3.3
2026-06-10T01:18:02.987Z,0.02,0.066,3.3
2026-06-10T01:18:03.187Z,0.02,0.066,3.3
2026-06-10T01:18:03.388Z,0.02,0.066,3.3
2026-06-10T01:18:03.588Z,0.02,0.066,3.3
2026-06-10T01:18:03.790Z,0.01,0.033,3.3
2026-06-10T01:18:03.991Z,0.01,0.033,3.3
2026-06-10T01:18:04.191Z,0.01,0.033,3.3
2026-06-10T01:18:04.393Z,0.02,0.066,3.3
2026-06-10T01:18:04.594Z,0.02,0.066,3.3
2026-06-10T01:18:04.796Z,0.02,0.066,3.3
2026-06-10T01:18:04.997Z,0.02,0.066,3.3
2026-06-10T01:18:05.198Z,0.02,0.066,3.3
2026-06-10T01:18:05.402Z,0.02,0.066,3.3
2026-06-10T01:18:05.603Z,0.01,0.033,3.3
2026-06-10T01:18:05.805Z,0.02,0.066,3.3
2026-06-10T01:18:06.006Z,0.01,0.033,3.3
2026-06-10T01:18:06.208Z,0.01,0.033,3.3
2026-06-10T01:18:06.409Z,0.02,0.066,3.3
2026-06-10T01:18:06.611Z,0.02,0.066,3.3
2026-06-10T01:18:06.811Z,0.02,0.066,3.3
2026-06-10T01:18:07.013Z,0.02,0.066,3.3
2026-06-10T01:18:07.214Z,0.02,0.066,3.3
2026-06-10T01:18:07.415Z,0.02,0.066,3.3
2026-06-10T01:18:07.616Z,0.01,0.033,3.3
2026-06-10T01:18:07.818Z,0.01,0.033,3.3
2026-06-10T01:18:08.019Z,0.01,0.033,3.3
2026-06-10T01:18:08.219Z,0.02,0.066,3.3
2026-06-10T01:18:08.422Z,0.02,0.066,3.3
2026-06-10T01:18:08.623Z,0.02,0.066,3.3
2026-06-10T01:18:08.825Z,0.01,0.033,3.3
2026-06-10T01:18:09.027Z,0.01,0.033,3.3
2026-06-10T01:18:09.229Z,0.01,0.033,3.3
2026-06-10T01:18:09.431Z,0,0,3.3
2026-06-10T01:18:09.634Z,0,0,3.3
2026-06-10T01:18:09.836Z,0.01,0.033,3.3
2026-06-10T01:18:10.037Z,0.01,0.033,3.3
2026-06-10T01:18:10.239Z,0.01,0.033,3.3
2026-06-10T01:18:10.441Z,0.01,0.033,3.3
2026-06-10T01:18:10.644Z,0.02,0.066,3.3
2026-06-10T01:18:10.845Z,0.02,0.066,3.3
2026-06-10T01:18:11.047Z,0.02,0.066,3.3
2026-06-10T01:18:11.249Z,0.01,0.033,3.3
2026-06-10T01:18:11.451Z,0.01,0.033,3.3
2026-06-10T01:18:11.651Z,0.02,0.066,3.3
2026-06-10T01:18:11.854Z,0.02,0.066,3.3
2026-06-10T01:18:12.054Z,0.02,0.066,3.3
2026-06-10T01:18:12.256Z,0.01,0.033,3.3
2026-06-10T01:18:12.457Z,0.01,0.033,3.3
2026-06-10T01:18:12.658Z,0.01,0.033,3.3
2026-06-10T01:18:12.859Z,0.02,0.066,3.3
2026-06-10T01:18:13.060Z,0.02,0.066,3.3
2026-06-10T01:18:13.263Z,0.02,0.066,3.3
2026-06-10T01:18:13.465Z,0.02,0.066,3.3
2026-06-10T01:18:13.665Z,0.02,0.066,3.3
2026-06-10T01:18:13.866Z,0.01,0.033,3.3
2026-06-10T01:18:14.067Z,0.01,0.033,3.3
2026-06-10T01:18:14.267Z,0.01,0.033,3.3
2026-06-10T01:18:14.468Z,0.01,0.033,3.3
2026-06-10T01:18:14.670Z,0.01,0.033,3.3
2026-06-10T01:18:14.871Z,0.01,0.033,3.3
2026-06-10T01:18:15.073Z,0.02,0.066,3.3
2026-06-10T01:18:15.276Z,0.02,0.066,3.3
2026-06-10T01:18:15.478Z,0.02,0.066,3.3
2026-06-10T01:18:15.679Z,0.02,0.066,3.3
2026-06-10T01:18:15.881Z,0.02,0.066,3.3
2026-06-10T01:18:16.081Z,0.02,0.066,3.3
2026-06-10T01:18:16.282Z,0.02,0.066,3.3
2026-06-10T01:18:16.482Z,0.02,0.066,3.3
2026-06-10T01:18:16.684Z,0.01,0.033,3.3
2026-06-10T01:18:16.885Z,0.01,0.033,3.3
2026-06-10T01:18:17.086Z,0.01,0.033,3.3
2026-06-10T01:18:17.288Z,0.02,0.066,3.3
2026-06-10T01:18:17.489Z,0.02,0.066,3.3
2026-06-10T01:18:17.689Z,0.02,0.066,3.3
2026-06-10T01:18:17.890Z,0.02,0.066,3.3
2026-06-10T01:18:18.091Z,0.02,0.066,3.3
2026-06-10T01:18:18.292Z,0.01,0.033,3.3
2026-06-10T01:18:18.494Z,0.01,0.033,3.3
2026-06-10T01:18:18.696Z,0.02,0.066,3.3
2026-06-10T01:18:18.897Z,0.02,0.066,3.3
2026-06-10T01:18:19.099Z,0.02,0.066,3.3
2026-06-10T01:18:19.299Z,0.02,0.066,3.3
2026-06-10T01:18:19.502Z,0.02,0.066,3.3
2026-06-10T01:18:19.702Z,0.02,0.066,3.3
2026-06-10T01:18:19.904Z,0.01,0.033,3.3
2026-06-10T01:18:20.107Z,0.01,0.033,3.3
2026-06-10T01:18:20.307Z,0.02,0.066,3.3
2026-06-10T01:18:20.508Z,0.02,0.066,3.3
2026-06-10T01:18:20.710Z,0.01,0.033,3.3
2026-06-10T01:18:20.912Z,0,0,3.3
2026-06-10T01:18:21.112Z,0.01,0.033,3.3
2026-06-10T01:18:21.313Z,0.01,0.033,3.3
2026-06-10T01:18:21.515Z,0.01,0.033,3.3
2026-06-10T01:18:21.716Z,0.01,0.033,3.3
2026-06-10T01:18:21.916Z,0.01,0.033,3.3
2026-06-10T01:18:22.117Z,0,0,3.3
2026-06-10T01:18:22.318Z,0,0,3.3
2026-06-10T01:18:22.521Z,0.01,0.033,3.3
2026-06-10T01:18:22.724Z,0.01,0.033,3.3
2026-06-10T01:18:22.925Z,0.01,0.033,3.3
2026-06-10T01:18:23.127Z,0.01,0.033,3.3
2026-06-10T01:18:23.328Z,0.02,0.066,3.3
2026-06-10T01:18:23.529Z,0.02,0.066,3.3
2026-06-10T01:18:23.730Z,0.02,0.066,3.3
2026-06-10T01:18:23.932Z,0.02,0.066,3.3
2026-06-10T01:18:24.133Z,0.02,0.066,3.3
2026-06-10T01:18:24.334Z,0.01,0.033,3.3
2026-06-10T01:18:24.536Z,0.01,0.033,3.3
2026-06-10T01:18:24.737Z,0.01,0.033,3.3
2026-06-10T01:18:24.939Z,0.02,0.066,3.3
2026-06-10T01:18:25.139Z,0.02,0.066,3.3
2026-06-10T01:18:25.341Z,0.02,0.066,3.3
2026-06-10T01:18:25.543Z,0.02,0.066,3.3
2026-06-10T01:18:25.746Z,0.02,0.066,3.3
2026-06-10T01:18:25.948Z,0.01,0.033,3.3
2026-06-10T01:18:26.149Z,0.01,0.033,3.3
2026-06-10T01:18:26.349Z,0.01,0.033,3.3
2026-06-10T01:18:26.551Z,0.01,0.033,3.3
2026-06-10T01:18:26.753Z,0.01,0.033,3.3
2026-06-10T01:18:26.954Z,0.02,0.066,3.3
2026-06-10T01:18:27.157Z,0.02,0.066,3.3
2026-06-10T01:18:27.358Z,0.02,0.066,3.3
2026-06-10T01:18:27.559Z,0.02,0.066,3.3
2026-06-10T01:18:27.761Z,0.02,0.066,3.3
2026-06-10T01:18:27.963Z,0.02,0.066,3.3
2026-06-10T01:18:28.163Z,0.01,0.033,3.3
2026-06-10T01:18:28.365Z,0.01,0.033,3.3
2026-06-10T01:18:28.567Z,0.01,0.033,3.3
2026-06-10T01:18:28.768Z,0.01,0.033,3.3
2026-06-10T01:18:28.970Z,0.02,0.066,3.3
2026-06-10T01:18:29.171Z,0.02,0.066,3.3
2026-06-10T01:18:29.375Z,0.02,0.066,3.3
2026-06-10T01:18:29.576Z,0.02,0.066,3.3
2026-06-10T01:18:29.778Z,0.01,0.033,3.3
2026-06-10T01:18:29.980Z,0.01,0.033,3.3
2026-06-10T01:18:30.182Z,0.01,0.033,3.3
2026-06-10T01:18:30.384Z,0.01,0.033,3.3
2026-06-10T01:18:30.585Z,0.02,0.066,3.3
2026-06-10T01:18:30.786Z,0.02,0.066,3.3
2026-06-10T01:18:30.989Z,0.02,0.066,3.3
2026-06-10T01:18:31.190Z,0.02,0.066,3.3
2026-06-10T01:18:31.391Z,0.01,0.033,3.3
2026-06-10T01:18:31.592Z,0.01,0.033,3.3
2026-06-10T01:18:31.793Z,0.01,0.033,3.3
2026-06-10T01:18:31.995Z,0.02,0.066,3.3
2026-06-10T01:18:32.197Z,0.01,0.033,3.3
2026-06-10T01:18:32.401Z,0.01,0.033,3.3
2026-06-10T01:18:32.602Z,0.01,0.033,3.3
2026-06-10T01:18:32.803Z,0.01,0.033,3.3
2026-06-10T01:18:33.003Z,0.02,0.066,3.3
2026-06-10T01:18:33.205Z,0.02,0.066,3.3
2026-06-10T01:18:33.408Z,0.01,0.033,3.3
2026-06-10T01:18:33.610Z,0.02,0.066,3.3
2026-06-10T01:18:33.812Z,0.02,0.066,3.3
2026-06-10T01:18:34.015Z,0.02,0.066,3.3
2026-06-10T01:18:34.217Z,0.02,0.066,3.3
2026-06-10T01:18:34.417Z,0.02,0.066,3.3
2026-06-10T01:18:34.617Z,0.02,0.066,3.3
2026-06-10T01:18:34.820Z,0.02,0.066,3.3
2026-06-10T01:18:35.021Z,0.01,0.033,3.3
2026-06-10T01:18:35.222Z,0.01,0.033,3.3
2026-06-10T01:18:35.423Z,0.02,0.066,3.3
2026-06-10T01:18:35.625Z,0.02,0.066,3.3
2026-06-10T01:18:35.827Z,0.01,0.033,3.3
2026-06-10T01:18:36.028Z,0.02,0.066,3.3
2026-06-10T01:18:36.230Z,0.02,0.066,3.3
2026-06-10T01:18:36.432Z,0.02,0.066,3.3
2026-06-10T01:18:36.633Z,0.02,0.066,3.3
2026-06-10T01:18:36.833Z,0.02,0.066,3.3
2026-06-10T01:18:37.036Z,0.01,0.033,3.3
2026-06-10T01:18:37.238Z,0.01,0.033,3.3
2026-06-10T01:18:37.439Z,0.01,0.033,3.3
2026-06-10T01:18:37.641Z,0.01,0.033,3.3
2026-06-10T01:18:37.841Z,0.01,0.033,3.3
2026-06-10T01:18:38.043Z,0.01,0.033,3.3
2026-06-10T01:18:38.244Z,0.01,0.033,3.3
2026-06-10T01:18:38.445Z,0.02,0.066,3.3
2026-06-10T01:18:38.648Z,0.02,0.066,3.3
2026-06-10T01:18:38.849Z,0.01,0.033,3.3
2026-06-10T01:18:39.051Z,0.01,0.033,3.3
2026-06-10T01:18:39.252Z,0.02,0.066,3.3
2026-06-10T01:18:39.455Z,0.02,0.066,3.3
2026-06-10T01:18:39.657Z,0.02,0.066,3.3
2026-06-10T01:18:39.857Z,0.01,0.033,3.3
2026-06-10T01:18:40.057Z,0.01,0.033,3.3
2026-06-10T01:18:40.259Z,0.02,0.066,3.3
2026-06-10T01:18:40.461Z,34.76,114.708,3.3
2026-06-10T01:18:40.663Z,63.37,209.121,3.3
2026-06-10T01:18:40.866Z,65.41,215.853,3.3
2026-06-10T01:18:41.068Z,65.33,215.589,3.3
2026-06-10T01:18:41.269Z,72.34,238.722,3.3
2026-06-10T01:18:41.471Z,70.66,233.178,3.3
2026-06-10T01:18:41.673Z,58.73,193.809,3.3
2026-06-10T01:18:41.874Z,55.48,183.084,3.3
2026-06-10T01:18:42.076Z,51.69,170.577,3.3
2026-06-10T01:18:42.278Z,53.09,175.197,3.3
2026-06-10T01:18:42.479Z,60.41,199.353,3.3
2026-06-10T01:18:42.680Z,68.41,225.753,3.3
2026-06-10T01:18:42.882Z,67.92,224.136,3.3
2026-06-10T01:18:43.084Z,62.6,206.58,3.3
2026-06-10T01:18:43.286Z,63.25,208.725,3.3
2026-06-10T01:18:43.486Z,64.64,213.312,3.3
2026-06-10T01:18:43.687Z,64.4,212.52,3.3
2026-06-10T01:18:43.890Z,62.02,204.666,3.3
2026-06-10T01:18:44.091Z,62.28,205.524,3.3
2026-06-10T01:18:44.294Z,62.58,206.514,3.3
2026-06-10T01:18:44.495Z,109.12,360.096,3.3
2026-06-10T01:18:44.696Z,140.84,464.772,3.3
2026-06-10T01:18:44.898Z,103.88,342.804,3.3
2026-06-10T01:18:45.100Z,115.3,380.49,3.3
2026-06-10T01:18:45.301Z,115.32,380.556,3.3
2026-06-10T01:18:45.503Z,101.79,335.907,3.3
2026-06-10T01:18:45.705Z,101.05,333.465,3.3
2026-06-10T01:18:45.907Z,100,330,3.3
2026-06-10T01:18:46.108Z,97.67,322.311,3.3
2026-06-10T01:18:46.310Z,103.98,343.134,3.3
2026-06-10T01:18:46.511Z,116.89,385.737,3.3
2026-06-10T01:18:46.712Z,121.81,401.973,3.3
2026-06-10T01:18:46.914Z,112.99,372.867,3.3
2026-06-10T01:18:47.114Z,96.33,317.889,3.3
2026-06-10T01:18:47.316Z,93.07,307.131,3.3
2026-06-10T01:18:47.518Z,93.14,307.362,3.3
2026-06-10T01:18:47.720Z,96.1,317.13,3.3
2026-06-10T01:18:47.921Z,95.11,313.863,3.3
2026-06-10T01:18:48.123Z,99.51,328.383,3.3
2026-06-10T01:18:48.324Z,86.44,285.252,3.3
2026-06-10T01:18:48.526Z,58.96,194.568,3.3
2026-06-10T01:18:48.728Z,38.78,127.974,3.3
2026-06-10T01:18:48.929Z,3.95,13.035,3.3
2026-06-10T01:18:49.130Z,0.85,2.805,3.3
2026-06-10T01:18:49.330Z,0.08,0.264,3.3
2026-06-10T01:18:49.531Z,0.05,0.165,3.3
2026-06-10T01:18:49.734Z,0.04,0.132,3.3
2026-06-10T01:18:49.935Z,0.03,0.099,3.3
2026-06-10T01:18:50.135Z,0.01,0.033,3.3
2026-06-10T01:18:50.336Z,0.01,0.033,3.3
2026-06-10T01:18:50.536Z,0.01,0.033,3.3
2026-06-10T01:18:50.738Z,0.01,0.033,3.3
2026-06-10T01:18:50.939Z,0.01,0.033,3.3
2026-06-10T01:18:51.142Z,0,0,3.3
2026-06-10T01:18:51.343Z,0,0,3.3
2026-06-10T01:18:51.544Z,0,0,3.3
2026-06-10T01:18:51.747Z,0,0,3.3
2026-06-10T01:18:51.950Z,0,0,3.3
2026-06-10T01:18:52.151Z,0,0,3.3
2026-06-10T01:18:52.352Z,0,0,3.3
2026-06-10T01:18:52.556Z,0,0,3.3
2026-06-10T01:18:52.757Z,0,0,3.3
2026-06-10T01:18:52.958Z,0,0,3.3
2026-06-10T01:18:53.159Z,0.01,0.033,3.3
2026-06-10T01:18:53.362Z,0.01,0.033,3.3
2026-06-10T01:18:53.563Z,0.01,0.033,3.3
2026-06-10T01:18:53.765Z,0.01,0.033,3.3
2026-06-10T01:18:53.967Z,0.02,0.066,3.3
2026-06-10T01:18:54.169Z,0.02,0.066,3.3
2026-06-10T01:18:54.372Z,0.02,0.066,3.3
2026-06-10T01:18:54.572Z,0.02,0.066,3.3
2026-06-10T01:18:54.772Z,0.02,0.066,3.3
2026-06-10T01:18:54.974Z,0.02,0.066,3.3
2026-06-10T01:18:55.177Z,0.02,0.066,3.3
2026-06-10T01:18:55.384Z,0.01,0.033,3.3
2026-06-10T01:18:55.580Z,0.01,0.033,3.3
2026-06-10T01:18:55.783Z,0.02,0.066,3.3
2026-06-10T01:18:55.984Z,0.01,0.033,3.3
2026-06-10T01:18:56.186Z,0.02,0.066,3.3
2026-06-10T01:18:56.388Z,0.02,0.066,3.3
2026-06-10T01:18:56.589Z,0.02,0.066,3.3
2026-06-10T01:18:56.791Z,0.02,0.066,3.3
2026-06-10T01:18:56.994Z,0.02,0.066,3.3
2026-06-10T01:18:57.196Z,0.01,0.033,3.3
2026-06-10T01:18:57.400Z,0.02,0.066,3.3
2026-06-10T01:18:57.601Z,0.02,0.066,3.3
2026-06-10T01:18:57.803Z,0.01,0.033,3.3
2026-06-10T01:18:58.004Z,0.01,0.033,3.3
2026-06-10T01:18:58.206Z,0.01,0.033,3.3
2026-06-10T01:18:58.409Z,0.02,0.066,3.3
2026-06-10T01:18:58.611Z,0.02,0.066,3.3
2026-06-10T01:18:58.813Z,0.02,0.066,3.3
2026-06-10T01:18:59.015Z,0.01,0.033,3.3
2026-06-10T01:18:59.217Z,0.01,0.033,3.3
2026-06-10T01:18:59.419Z,0.02,0.066,3.3
2026-06-10T01:18:59.621Z,0.02,0.066,3.3
2026-06-10T01:18:59.823Z,0.02,0.066,3.3
2026-06-10T01:19:00.037Z,0.02,0.066,3.3
2026-06-10T01:19:00.239Z,0.02,0.066,3.3
2026-06-10T01:19:00.442Z,0.01,0.033,3.3
2026-06-10T01:19:00.645Z,0.01,0.033,3.3
2026-06-10T01:19:00.847Z,0.01,0.033,3.3
2026-06-10T01:19:01.049Z,0.01,0.033,3.3
2026-06-10T01:19:01.250Z,0.01,0.033,3.3
2026-06-10T01:19:01.451Z,0.02,0.066,3.3
2026-06-10T01:19:01.652Z,0.02,0.066,3.3
2026-06-10T01:19:01.854Z,0.02,0.066,3.3
2026-06-10T01:19:02.056Z,0.02,0.066,3.3
2026-06-10T01:19:02.256Z,0.01,0.033,3.3
2026-06-10T01:19:02.457Z,0.01,0.033,3.3
2026-06-10T01:19:02.659Z,0.01,0.033,3.3
2026-06-10T01:19:02.860Z,0.01,0.033,3.3
2026-06-10T01:19:03.062Z,0.01,0.033,3.3
2026-06-10T01:19:03.265Z,0.02,0.066,3.3
2026-06-10T01:19:03.466Z,0.02,0.066,3.3
2026-06-10T01:19:03.667Z,0.02,0.066,3.3
2026-06-10T01:19:03.869Z,0.01,0.033,3.3
2026-06-10T01:19:04.071Z,0.01,0.033,3.3
2026-06-10T01:19:04.272Z,0.01,0.033,3.3
2026-06-10T01:19:04.473Z,0.01,0.033,3.3
2026-06-10T01:19:04.675Z,0.02,0.066,3.3
2026-06-10T01:19:04.878Z,0.02,0.066,3.3
2026-06-10T01:19:05.077Z,0.02,0.066,3.3
2026-06-10T01:19:05.280Z,0.02,0.066,3.3
2026-06-10T01:19:05.481Z,0.01,0.033,3.3
2026-06-10T01:19:05.682Z,0.01,0.033,3.3
2026-06-10T01:19:05.883Z,0.01,0.033,3.3
2026-06-10T01:19:06.084Z,0.02,0.066,3.3
2026-06-10T01:19:06.285Z,0.02,0.066,3.3
2026-06-10T01:19:06.487Z,0.02,0.066,3.3
2026-06-10T01:19:06.687Z,0.02,0.066,3.3
2026-06-10T01:19:06.889Z,0.02,0.066,3.3
2026-06-10T01:19:07.091Z,0.01,0.033,3.3
2026-06-10T01:19:07.291Z,0.01,0.033,3.3
2026-06-10T01:19:07.491Z,0.01,0.033,3.3
2026-06-10T01:19:07.692Z,0.02,0.066,3.3
2026-06-10T01:19:07.894Z,0.02,0.066,3.3
2026-06-10T01:19:08.095Z,0.02,0.066,3.3
2026-06-10T01:19:08.297Z,0.02,0.066,3.3
2026-06-10T01:19:08.499Z,0.01,0.033,3.3
2026-06-10T01:19:08.700Z,0.01,0.033,3.3
2026-06-10T01:19:08.902Z,0.01,0.033,3.3
2026-06-10T01:19:09.103Z,0.01,0.033,3.3
2026-06-10T01:19:09.305Z,0.02,0.066,3.3
2026-06-10T01:19:09.507Z,0.02,0.066,3.3
2026-06-10T01:19:09.710Z,0.02,0.066,3.3
2026-06-10T01:19:09.910Z,0.02,0.066,3.3
2026-06-10T01:19:10.110Z,0.01,0.033,3.3
2026-06-10T01:19:10.312Z,0.01,0.033,3.3
2026-06-10T01:19:10.515Z,0.01,0.033,3.3
2026-06-10T01:19:10.717Z,0.01,0.033,3.3
2026-06-10T01:19:10.918Z,0.01,0.033,3.3
2026-06-10T01:19:11.121Z,0.01,0.033,3.3
2026-06-10T01:19:11.321Z,0.01,0.033,3.3
2026-06-10T01:19:11.524Z,0.01,0.033,3.3
2026-06-10T01:19:11.725Z,0.02,0.066,3.3
2026-06-10T01:19:11.926Z,0.02,0.066,3.3
2026-06-10T01:19:12.127Z,0.02,0.066,3.3
2026-06-10T01:19:12.328Z,0.01,0.033,3.3
2026-06-10T01:19:12.529Z,0.01,0.033,3.3
2026-06-10T01:19:12.730Z,0.01,0.033,3.3
2026-06-10T01:19:12.933Z,0.01,0.033,3.3
2026-06-10T01:19:13.133Z,0.01,0.033,3.3
2026-06-10T01:19:13.333Z,0.02,0.066,3.3
2026-06-10T01:19:13.536Z,0.01,0.033,3.3
2026-06-10T01:19:13.737Z,0.02,0.066,3.3
2026-06-10T01:19:13.940Z,0.02,0.066,3.3
2026-06-10T01:19:14.139Z,0.02,0.066,3.3
2026-06-10T01:19:14.342Z,0.02,0.066,3.3
2026-06-10T01:19:14.544Z,0.01,0.033,3.3
2026-06-10T01:19:14.746Z,0.01,0.033,3.3
2026-06-10T01:19:14.947Z,0.01,0.033,3.3
2026-06-10T01:19:15.148Z,0.02,0.066,3.3
2026-06-10T01:19:15.348Z,0.02,0.066,3.3
2026-06-10T01:19:15.550Z,0.02,0.066,3.3
2026-06-10T01:19:15.751Z,0.02,0.066,3.3
2026-06-10T01:19:15.952Z,0.02,0.066,3.3
2026-06-10T01:19:16.152Z,0.02,0.066,3.3
2026-06-10T01:19:16.354Z,0.02,0.066,3.3
2026-06-10T01:19:16.554Z,0.01,0.033,3.3
2026-06-10T01:19:16.756Z,0.01,0.033,3.3
2026-06-10T01:19:16.957Z,0.01,0.033,3.3
2026-06-10T01:19:17.160Z,0.02,0.066,3.3
2026-06-10T01:19:17.361Z,0.02,0.066,3.3
2026-06-10T01:19:17.563Z,0.02,0.066,3.3
2026-06-10T01:19:17.765Z,0.01,0.033,3.3
2026-06-10T01:19:17.967Z,0.01,0.033,3.3
2026-06-10T01:19:18.170Z,0.01,0.033,3.3
2026-06-10T01:19:18.374Z,0.01,0.033,3.3
2026-06-10T01:19:18.572Z,0.02,0.066,3.3
2026-06-10T01:19:18.772Z,0.02,0.066,3.3
2026-06-10T01:19:18.973Z,0.02,0.066,3.3
2026-06-10T01:19:19.175Z,0.01,0.033,3.3
2026-06-10T01:19:19.377Z,0.01,0.033,3.3
2026-06-10T01:19:19.578Z,0.01,0.033,3.3
2026-06-10T01:19:19.779Z,0.01,0.033,3.3
2026-06-10T01:19:19.980Z,0.01,0.033,3.3
2026-06-10T01:19:20.185Z,0,0,3.3
2026-06-10T01:19:20.386Z,0,0,3.3
2026-06-10T01:19:20.589Z,0,0,3.3
2026-06-10T01:19:20.791Z,0,0,3.3
2026-06-10T01:19:20.994Z,0,0,3.3
2026-06-10T01:19:21.194Z,0.01,0.033,3.3
2026-06-10T01:19:21.395Z,0.01,0.033,3.3
2026-06-10T01:19:21.596Z,0.01,0.033,3.3
2026-06-10T01:19:21.798Z,0,0,3.3
2026-06-10T01:19:21.999Z,0,0,3.3
2026-06-10T01:19:22.201Z,0.01,0.033,3.3
2026-06-10T01:19:22.404Z,0.01,0.033,3.3
2026-06-10T01:19:22.606Z,0.01,0.033,3.3
2026-06-10T01:19:22.808Z,0,0,3.3
2026-06-10T01:19:23.009Z,0,0,3.3
2026-06-10T01:19:23.210Z,0.01,0.033,3.3
2026-06-10T01:19:23.412Z,0,0,3.3
2026-06-10T01:19:23.614Z,0,0,3.3
2026-06-10T01:19:23.815Z,0,0,3.3
2026-06-10T01:19:24.016Z,0.01,0.033,3.3
2026-06-10T01:19:24.219Z,0.01,0.033,3.3
2026-06-10T01:19:24.420Z,0.01,0.033,3.3
2026-06-10T01:19:24.621Z,0.01,0.033,3.3
2026-06-10T01:19:24.823Z,0.01,0.033,3.3
2026-06-10T01:19:25.025Z,0.01,0.033,3.3
2026-06-10T01:19:25.227Z,0.01,0.033,3.3
2026-06-10T01:19:25.429Z,0.01,0.033,3.3
2026-06-10T01:19:25.631Z,0.01,0.033,3.3
2026-06-10T01:19:25.832Z,0.01,0.033,3.3
2026-06-10T01:19:26.034Z,0.01,0.033,3.3
2026-06-10T01:19:26.236Z,0.01,0.033,3.3
2026-06-10T01:19:26.437Z,0.01,0.033,3.3
2026-06-10T01:19:26.639Z,0.01,0.033,3.3
2026-06-10T01:19:26.840Z,0.01,0.033,3.3
2026-06-10T01:19:27.042Z,0.02,0.066,3.3
2026-06-10T01:19:27.242Z,0.02,0.066,3.3
2026-06-10T01:19:27.444Z,0.02,0.066,3.3
2026-06-10T01:19:27.645Z,0.02,0.066,3.3
2026-06-10T01:19:27.846Z,0.02,0.066,3.3
2026-06-10T01:19:28.047Z,0.02,0.066,3.3
2026-06-10T01:19:28.250Z,0.01,0.033,3.3
2026-06-10T01:19:28.450Z,0.01,0.033,3.3
2026-06-10T01:19:28.652Z,0.01,0.033,3.3
2026-06-10T01:19:28.853Z,0.01,0.033,3.3
2026-06-10T01:19:29.055Z,0.01,0.033,3.3
2026-06-10T01:19:29.256Z,0.01,0.033,3.3
2026-06-10T01:19:29.458Z,0.01,0.033,3.3
2026-06-10T01:19:29.659Z,0.02,0.066,3.3
2026-06-10T01:19:29.860Z,0.02,0.066,3.3
2026-06-10T01:19:30.060Z,0.02,0.066,3.3
2026-06-10T01:19:30.262Z,0.02,0.066,3.3
2026-06-10T01:19:30.464Z,0.02,0.066,3.3
2026-06-10T01:19:30.664Z,0.01,0.033,3.3
2026-06-10T01:19:30.865Z,0.01,0.033,3.3
2026-06-10T01:19:31.065Z,0.01,0.033,3.3
2026-06-10T01:19:31.268Z,0.01,0.033,3.3
2026-06-10T01:19:31.469Z,0.01,0.033,3.3
2026-06-10T01:19:31.670Z,0.01,0.033,3.3
2026-06-10T01:19:31.872Z,0.02,0.066,3.3
2026-06-10T01:19:32.075Z,0.02,0.066,3.3
2026-06-10T01:19:32.276Z,0.02,0.066,3.3
2026-06-10T01:19:32.477Z,0.02,0.066,3.3
2026-06-10T01:19:32.679Z,0.01,0.033,3.3
2026-06-10T01:19:32.880Z,0.01,0.033,3.3
2026-06-10T01:19:33.081Z,0.02,0.066,3.3
2026-06-10T01:19:33.282Z,0.02,0.066,3.3
2026-06-10T01:19:33.482Z,0.02,0.066,3.3
2026-06-10T01:19:33.685Z,0.01,0.033,3.3
2026-06-10T01:19:33.887Z,0.01,0.033,3.3
2026-06-10T01:19:34.088Z,0.01,0.033,3.3
2026-06-10T01:19:34.289Z,0.02,0.066,3.3
2026-06-10T01:19:34.490Z,0.02,0.066,3.3
2026-06-10T01:19:34.692Z,0.02,0.066,3.3
2026-06-10T01:19:34.894Z,0.02,0.066,3.3
2026-06-10T01:19:35.095Z,0.01,0.033,3.3
2026-06-10T01:19:35.296Z,0.01,0.033,3.3
2026-06-10T01:19:35.497Z,0.01,0.033,3.3
2026-06-10T01:19:35.699Z,0.02,0.066,3.3
2026-06-10T01:19:35.900Z,0.02,0.066,3.3
2026-06-10T01:19:36.102Z,0.02,0.066,3.3
2026-06-10T01:19:36.303Z,0.02,0.066,3.3
2026-06-10T01:19:36.504Z,0.01,0.033,3.3
2026-06-10T01:19:36.705Z,0.01,0.033,3.3
2026-06-10T01:19:36.906Z,0,0,3.3
2026-06-10T01:19:37.108Z,0.01,0.033,3.3
2026-06-10T01:19:37.308Z,0.02,0.066,3.3
2026-06-10T01:19:37.510Z,0.01,0.033,3.3
2026-06-10T01:19:37.712Z,0.01,0.033,3.3
2026-06-10T01:19:37.913Z,0.01,0.033,3.3
2026-06-10T01:19:38.115Z,0.01,0.033,3.3
2026-06-10T01:19:38.315Z,0.02,0.066,3.3
2026-06-10T01:19:38.517Z,0.02,0.066,3.3
2026-06-10T01:19:38.718Z,0.02,0.066,3.3
2026-06-10T01:19:38.919Z,0.01,0.033,3.3
2026-06-10T01:19:39.120Z,0.01,0.033,3.3
2026-06-10T01:19:39.322Z,0,0,3.3
2026-06-10T01:19:39.524Z,0,0,3.3
2026-06-10T01:19:39.726Z,0,0,3.3
2026-06-10T01:19:39.928Z,0,0,3.3
2026-06-10T01:19:40.130Z,0.81,2.673,3.3
2026-06-10T01:19:40.333Z,40.21,132.693,3.3
2026-06-10T01:19:40.533Z,64.04,211.332,3.3
2026-06-10T01:19:40.733Z,65.32,215.556,3.3
2026-06-10T01:19:40.935Z,65.66,216.678,3.3
2026-06-10T01:19:41.136Z,72.51,239.283,3.3
2026-06-10T01:19:41.338Z,70.08,231.264,3.3
2026-06-10T01:19:41.539Z,57.72,190.476,3.3
2026-06-10T01:19:41.741Z,54.67,180.411,3.3
2026-06-10T01:19:41.943Z,51.66,170.478,3.3
2026-06-10T01:19:42.146Z,54.56,180.048,3.3
2026-06-10T01:19:42.346Z,61.68,203.544,3.3
2026-06-10T01:19:42.548Z,68.17,224.961,3.3
2026-06-10T01:19:42.749Z,67.36,222.288,3.3
2026-06-10T01:19:42.950Z,62.38,205.854,3.3
2026-06-10T01:19:43.152Z,63.54,209.682,3.3
2026-06-10T01:19:43.352Z,64.58,213.114,3.3
2026-06-10T01:19:43.554Z,64.62,213.246,3.3
2026-06-10T01:19:43.755Z,61.6,203.28,3.3
2026-06-10T01:19:43.956Z,62.27,205.491,3.3
2026-06-10T01:19:44.157Z,63.91,210.903,3.3
2026-06-10T01:19:44.358Z,121.58,401.214,3.3
2026-06-10T01:19:44.560Z,136.02,448.866,3.3
2026-06-10T01:19:44.761Z,103.18,340.494,3.3
2026-06-10T01:19:44.961Z,111.21,366.993,3.3
2026-06-10T01:19:45.163Z,109.81,362.373,3.3
2026-06-10T01:19:45.365Z,99.79,329.307,3.3
2026-06-10T01:19:45.566Z,99.25,327.525,3.3
2026-06-10T01:19:45.768Z,97.76,322.608,3.3
2026-06-10T01:19:45.970Z,97.19,320.727,3.3
2026-06-10T01:19:46.172Z,106.63,351.879,3.3
2026-06-10T01:19:46.375Z,119.65,394.845,3.3
2026-06-10T01:19:46.576Z,117.52,387.816,3.3
2026-06-10T01:19:46.778Z,98.59,325.347,3.3
2026-06-10T01:19:46.980Z,90.35,298.155,3.3
2026-06-10T01:19:47.181Z,90,297,3.3
2026-06-10T01:19:47.386Z,91.07,300.531,3.3
2026-06-10T01:19:47.583Z,91.96,303.468,3.3
2026-06-10T01:19:47.784Z,96.51,318.483,3.3
2026-06-10T01:19:47.987Z,93.09,307.197,3.3
2026-06-10T01:19:48.189Z,73.1,241.23,3.3
2026-06-10T01:19:48.392Z,52.9,174.57,3.3
2026-06-10T01:19:48.593Z,18.18,59.994,3.3
2026-06-10T01:19:48.794Z,1.91,6.303,3.3
2026-06-10T01:19:48.995Z,0.13,0.429,3.3
2026-06-10T01:19:49.197Z,0.04,0.132,3.3
2026-06-10T01:19:49.400Z,0.03,0.099,3.3
2026-06-10T01:19:49.601Z,0.02,0.066,3.3
2026-06-10T01:19:49.802Z,0.02,0.066,3.3
2026-06-10T01:19:50.004Z,0.01,0.033,3.3
2026-06-10T01:19:50.205Z,0.01,0.033,3.3
2026-06-10T01:19:50.410Z,0.01,0.033,3.3
2026-06-10T01:19:50.612Z,0.01,0.033,3.3
2026-06-10T01:19:50.814Z,0.01,0.033,3.3
2026-06-10T01:19:51.016Z,0.01,0.033,3.3
2026-06-10T01:19:51.218Z,0.01,0.033,3.3
2026-06-10T01:19:51.421Z,0.01,0.033,3.3
2026-06-10T01:19:51.623Z,0.01,0.033,3.3
2026-06-10T01:19:51.824Z,0.01,0.033,3.3
2026-06-10T01:19:52.025Z,0.01,0.033,3.3
2026-06-10T01:19:52.227Z,0.01,0.033,3.3
2026-06-10T01:19:52.428Z,0.02,0.066,3.3
2026-06-10T01:19:52.629Z,0.02,0.066,3.3
2026-06-10T01:19:52.831Z,0.02,0.066,3.3
2026-06-10T01:19:53.032Z,0.02,0.066,3.3
2026-06-10T01:19:53.234Z,0.01,0.033,3.3
2026-06-10T01:19:53.435Z,0.01,0.033,3.3
2026-06-10T01:19:53.636Z,0.01,0.033,3.3
2026-06-10T01:19:53.838Z,0.02,0.066,3.3
2026-06-10T01:19:54.041Z,0.02,0.066,3.3
2026-06-10T01:19:54.243Z,0.02,0.066,3.3
2026-06-10T01:19:54.444Z,0.02,0.066,3.3
2026-06-10T01:19:54.646Z,0.02,0.066,3.3
2026-06-10T01:19:54.846Z,0.01,0.033,3.3
2026-06-10T01:19:55.047Z,0.01,0.033,3.3
2026-06-10T01:19:55.249Z,0.01,0.033,3.3
2026-06-10T01:19:55.451Z,0.02,0.066,3.3
2026-06-10T01:19:55.653Z,0.02,0.066,3.3
2026-06-10T01:19:55.855Z,0.02,0.066,3.3
2026-06-10T01:19:56.055Z,0.02,0.066,3.3
2026-06-10T01:19:56.257Z,0.02,0.066,3.3
2026-06-10T01:19:56.459Z,0.01,0.033,3.3
2026-06-10T01:19:56.660Z,0.01,0.033,3.3
2026-06-10T01:19:56.862Z,0.01,0.033,3.3
2026-06-10T01:19:57.064Z,0.01,0.033,3.3
2026-06-10T01:19:57.266Z,0.02,0.066,3.3
2026-06-10T01:19:57.466Z,0.02,0.066,3.3
2026-06-10T01:19:57.668Z,0.02,0.066,3.3
2026-06-10T01:19:57.869Z,0.02,0.066,3.3
2026-06-10T01:19:58.071Z,0.01,0.033,3.3
2026-06-10T01:19:58.273Z,0.01,0.033,3.3
2026-06-10T01:19:58.475Z,0.01,0.033,3.3
2026-06-10T01:19:58.677Z,0.01,0.033,3.3
2026-06-10T01:19:58.879Z,0.01,0.033,3.3
2026-06-10T01:19:59.081Z,0.02,0.066,3.3
2026-06-10T01:19:59.282Z,0.02,0.066,3.3
2026-06-10T01:19:59.483Z,0.02,0.066,3.3
2026-06-10T01:19:59.686Z,0.02,0.066,3.3
2026-06-10T01:19:59.887Z,0.01,0.033,3.3
2026-06-10T01:20:00.087Z,0.01,0.033,3.3
2026-06-10T01:20:00.288Z,0.01,0.033,3.3
2026-06-10T01:20:00.489Z,0.01,0.033,3.3
2026-06-10T01:20:00.691Z,0.01,0.033,3.3
2026-06-10T01:20:00.892Z,0.02,0.066,3.3
2026-06-10T01:20:01.095Z,0.01,0.033,3.3
2026-06-10T01:20:01.295Z,0.01,0.033,3.3
2026-06-10T01:20:01.496Z,0.01,0.033,3.3
2026-06-10T01:20:01.697Z,0.02,0.066,3.3
2026-06-10T01:20:01.898Z,0.02,0.066,3.3
2026-06-10T01:20:02.098Z,0.02,0.066,3.3
2026-06-10T01:20:02.300Z,0.02,0.066,3.3
2026-06-10T01:20:02.500Z,0.01,0.033,3.3
2026-06-10T01:20:02.702Z,0.01,0.033,3.3
2026-06-10T01:20:02.904Z,0.01,0.033,3.3
2026-06-10T01:20:03.106Z,0.01,0.033,3.3
2026-06-10T01:20:03.308Z,0.02,0.066,3.3
2026-06-10T01:20:03.510Z,0.02,0.066,3.3
2026-06-10T01:20:03.711Z,0.02,0.066,3.3
2026-06-10T01:20:03.914Z,0.02,0.066,3.3
2026-06-10T01:20:04.115Z,0.01,0.033,3.3
2026-06-10T01:20:04.316Z,0.01,0.033,3.3
2026-06-10T01:20:04.519Z,0.01,0.033,3.3
2026-06-10T01:20:04.720Z,0.01,0.033,3.3
2026-06-10T01:20:04.922Z,0.02,0.066,3.3
2026-06-10T01:20:05.123Z,0.02,0.066,3.3
2026-06-10T01:20:05.323Z,0.02,0.066,3.3
2026-06-10T01:20:05.525Z,0.02,0.066,3.3
2026-06-10T01:20:05.726Z,0.02,0.066,3.3
2026-06-10T01:20:05.927Z,0.02,0.066,3.3
2026-06-10T01:20:06.127Z,0.02,0.066,3.3
2026-06-10T01:20:06.329Z,0.02,0.066,3.3
2026-06-10T01:20:06.529Z,0.01,0.033,3.3
2026-06-10T01:20:06.730Z,0.01,0.033,3.3
2026-06-10T01:20:06.932Z,0.02,0.066,3.3
2026-06-10T01:20:07.134Z,0.01,0.033,3.3
2026-06-10T01:20:07.335Z,0.02,0.066,3.3
2026-06-10T01:20:07.536Z,0.02,0.066,3.3
2026-06-10T01:20:07.738Z,0.02,0.066,3.3
2026-06-10T01:20:07.939Z,0.01,0.033,3.3
2026-06-10T01:20:08.141Z,0.01,0.033,3.3
2026-06-10T01:20:08.345Z,0.01,0.033,3.3
2026-06-10T01:20:08.545Z,0.01,0.033,3.3
2026-06-10T01:20:08.746Z,0.01,0.033,3.3
2026-06-10T01:20:08.948Z,0.01,0.033,3.3
2026-06-10T01:20:09.148Z,0.01,0.033,3.3
2026-06-10T01:20:09.350Z,0,0,3.3
2026-06-10T01:20:09.552Z,0.01,0.033,3.3
2026-06-10T01:20:10.764Z,0.02,0.066,3.3
2026-06-10T01:20:10.965Z,0.01,0.033,3.3
2026-06-10T01:20:11.166Z,0.01,0.033,3.3
2026-06-10T01:20:11.368Z,0.01,0.033,3.3
2026-06-10T01:20:11.569Z,0.01,0.033,3.3
2026-06-10T01:20:11.770Z,0.01,0.033,3.3
2026-06-10T01:20:11.972Z,0.02,0.066,3.3
2026-06-10T01:20:12.173Z,0.02,0.066,3.3
2026-06-10T01:20:12.377Z,0.02,0.066,3.3
2026-06-10T01:20:12.576Z,0.02,0.066,3.3
2026-06-10T01:20:12.777Z,0.01,0.033,3.3
2026-06-10T01:20:12.978Z,0.01,0.033,3.3
2026-06-10T01:20:13.180Z,0.01,0.033,3.3
2026-06-10T01:20:13.384Z,0.01,0.033,3.3
2026-06-10T01:20:13.583Z,0.02,0.066,3.3
2026-06-10T01:20:13.784Z,0.02,0.066,3.3
2026-06-10T01:20:13.985Z,0.02,0.066,3.3
2026-06-10T01:20:14.185Z,0.02,0.066,3.3
2026-06-10T01:20:14.387Z,0.01,0.033,3.3
2026-06-10T01:20:14.589Z,0.01,0.033,3.3
2026-06-10T01:20:14.791Z,0.01,0.033,3.3
2026-06-10T01:20:14.992Z,0.02,0.066,3.3
2026-06-10T01:20:15.194Z,0.02,0.066,3.3
2026-06-10T01:20:15.399Z,0.02,0.066,3.3
2026-06-10T01:20:15.599Z,0.02,0.066,3.3
2026-06-10T01:20:15.801Z,0.01,0.033,3.3
2026-06-10T01:20:16.003Z,0.01,0.033,3.3
2026-06-10T01:20:16.203Z,0.01,0.033,3.3
2026-06-10T01:20:16.408Z,0.01,0.033,3.3
2026-06-10T01:20:16.609Z,0.01,0.033,3.3
2026-06-10T01:20:16.810Z,0.01,0.033,3.3
2026-06-10T01:20:17.011Z,0.01,0.033,3.3
2026-06-10T01:20:17.212Z,0.02,0.066,3.3
2026-06-10T01:20:17.414Z,0.02,0.066,3.3
2026-06-10T01:20:17.616Z,0.02,0.066,3.3
2026-06-10T01:20:17.818Z,0.02,0.066,3.3
2026-06-10T01:20:18.018Z,0.02,0.066,3.3
2026-06-10T01:20:18.219Z,0.01,0.033,3.3
2026-06-10T01:20:18.424Z,0.01,0.033,3.3
2026-06-10T01:20:18.625Z,0.01,0.033,3.3
2026-06-10T01:20:18.826Z,0.02,0.066,3.3
2026-06-10T01:20:19.027Z,0.02,0.066,3.3
2026-06-10T01:20:19.228Z,0.02,0.066,3.3
2026-06-10T01:20:19.430Z,0.02,0.066,3.3
2026-06-10T01:20:19.632Z,0.02,0.066,3.3
2026-06-10T01:20:19.834Z,0.02,0.066,3.3
2026-06-10T01:20:20.036Z,0.01,0.033,3.3
2026-06-10T01:20:20.237Z,0.01,0.033,3.3
2026-06-10T01:20:20.440Z,0.01,0.033,3.3
2026-06-10T01:20:20.641Z,0.01,0.033,3.3
2026-06-10T01:20:20.840Z,0.02,0.066,3.3
2026-06-10T01:20:21.041Z,0.02,0.066,3.3
2026-06-10T01:20:21.242Z,0.02,0.066,3.3
2026-06-10T01:20:21.443Z,0.02,0.066,3.3
2026-06-10T01:20:21.645Z,0.01,0.033,3.3
2026-06-10T01:20:21.847Z,0.01,0.033,3.3
2026-06-10T01:20:22.048Z,0.01,0.033,3.3
2026-06-10T01:20:22.249Z,0.01,0.033,3.3
2026-06-10T01:20:22.450Z,0.02,0.066,3.3
2026-06-10T01:20:22.651Z,0.02,0.066,3.3
2026-06-10T01:20:22.853Z,0.02,0.066,3.3
2026-06-10T01:20:23.056Z,0.01,0.033,3.3
2026-06-10T01:20:23.256Z,0.01,0.033,3.3
2026-06-10T01:20:23.457Z,0.02,0.066,3.3
2026-06-10T01:20:23.658Z,0.02,0.066,3.3
2026-06-10T01:20:23.859Z,0.02,0.066,3.3
2026-06-10T01:20:24.060Z,0.02,0.066,3.3
2026-06-10T01:20:24.262Z,0.02,0.066,3.3
2026-06-10T01:20:24.465Z,0.02,0.066,3.3
2026-06-10T01:20:24.665Z,0.02,0.066,3.3
2026-06-10T01:20:24.865Z,0.02,0.066,3.3
2026-06-10T01:20:25.066Z,0.02,0.066,3.3
2026-06-10T01:20:25.267Z,0.01,0.033,3.3
2026-06-10T01:20:25.468Z,0.02,0.066,3.3
2026-06-10T01:20:25.671Z,0.02,0.066,3.3
2026-06-10T01:20:25.873Z,0.02,0.066,3.3
2026-06-10T01:20:26.074Z,0.02,0.066,3.3
2026-06-10T01:20:26.276Z,0.02,0.066,3.3
2026-06-10T01:20:26.478Z,0.01,0.033,3.3
2026-06-10T01:20:26.680Z,0,0,3.3
2026-06-10T01:20:26.881Z,0.01,0.033,3.3
2026-06-10T01:20:27.083Z,0.01,0.033,3.3
2026-06-10T01:20:27.284Z,0.02,0.066,3.3
2026-06-10T01:20:27.486Z,0.01,0.033,3.3
2026-06-10T01:20:27.688Z,0.01,0.033,3.3
2026-06-10T01:20:27.890Z,0.01,0.033,3.3
2026-06-10T01:20:28.091Z,0.03,0.099,3.3
2026-06-10T01:20:28.294Z,0.03,0.099,3.3
2026-06-10T01:20:28.495Z,0.02,0.066,3.3
2026-06-10T01:20:28.695Z,0.02,0.066,3.3
2026-06-10T01:20:28.897Z,0.03,0.099,3.3
2026-06-10T01:20:29.098Z,0.02,0.066,3.3
2026-06-10T01:20:29.298Z,0.02,0.066,3.3
2026-06-10T01:20:29.500Z,0.02,0.066,3.3
2026-06-10T01:20:29.699Z,0.02,0.066,3.3
2026-06-10T01:20:29.902Z,0.02,0.066,3.3
2026-06-10T01:20:30.103Z,0.02,0.066,3.3
2026-06-10T01:20:30.304Z,0.02,0.066,3.3
2026-06-10T01:20:30.505Z,0.02,0.066,3.3
2026-06-10T01:20:30.706Z,0.02,0.066,3.3
2026-06-10T01:20:30.908Z,0.02,0.066,3.3
2026-06-10T01:20:31.110Z,0.02,0.066,3.3
2026-06-10T01:20:31.312Z,0.02,0.066,3.3
2026-06-10T01:20:31.514Z,0.02,0.066,3.3
2026-06-10T01:20:31.715Z,0.02,0.066,3.3
2026-06-10T01:20:31.916Z,0.02,0.066,3.3
2026-06-10T01:20:32.119Z,0.01,0.033,3.3
2026-06-10T01:20:32.320Z,0.01,0.033,3.3
2026-06-10T01:20:32.521Z,0.01,0.033,3.3
2026-06-10T01:20:32.722Z,0.01,0.033,3.3
2026-06-10T01:20:32.923Z,0.02,0.066,3.3
2026-06-10T01:20:33.124Z,0.02,0.066,3.3
2026-06-10T01:20:33.325Z,0.02,0.066,3.3
2026-06-10T01:20:33.526Z,0.01,0.033,3.3
2026-06-10T01:20:33.727Z,0.01,0.033,3.3
2026-06-10T01:20:33.929Z,0,0,3.3
2026-06-10T01:20:34.130Z,0,0,3.3
2026-06-10T01:20:34.331Z,0,0,3.3
2026-06-10T01:20:34.532Z,0,0,3.3
2026-06-10T01:20:34.732Z,0,0,3.3
2026-06-10T01:20:34.933Z,0.01,0.033,3.3
2026-06-10T01:20:35.134Z,0.01,0.033,3.3
2026-06-10T01:20:35.336Z,0.01,0.033,3.3
2026-06-10T01:20:35.536Z,0.01,0.033,3.3
2026-06-10T01:20:35.737Z,0.01,0.033,3.3
2026-06-10T01:20:35.939Z,0.01,0.033,3.3
2026-06-10T01:20:36.141Z,0.01,0.033,3.3
2026-06-10T01:20:36.342Z,0.01,0.033,3.3
2026-06-10T01:20:36.543Z,0.01,0.033,3.3
2026-06-10T01:20:36.745Z,0.01,0.033,3.3
2026-06-10T01:20:36.946Z,0.01,0.033,3.3
2026-06-10T01:20:37.147Z,0.01,0.033,3.3
2026-06-10T01:20:37.349Z,0.01,0.033,3.3
2026-06-10T01:20:37.551Z,0.01,0.033,3.3
2026-06-10T01:20:37.753Z,0.01,0.033,3.3
2026-06-10T01:20:37.955Z,0.01,0.033,3.3
2026-06-10T01:20:38.157Z,0.01,0.033,3.3
2026-06-10T01:20:38.360Z,0.01,0.033,3.3
2026-06-10T01:20:38.561Z,0.01,0.033,3.3
2026-06-10T01:20:38.762Z,0.02,0.066,3.3
2026-06-10T01:20:38.965Z,0.02,0.066,3.3
2026-06-10T01:20:39.166Z,0.02,0.066,3.3
2026-06-10T01:20:39.368Z,0.02,0.066,3.3
2026-06-10T01:20:39.571Z,0.01,0.033,3.3
2026-06-10T01:20:39.772Z,0.01,0.033,3.3
2026-06-10T01:20:39.972Z,4.67,15.411,3.3
2026-06-10T01:20:40.172Z,45.55,150.315,3.3
2026-06-10T01:20:40.374Z,64.63,213.279,3.3
2026-06-10T01:20:40.574Z,65.19,215.127,3.3
2026-06-10T01:20:40.775Z,67.61,223.113,3.3
2026-06-10T01:20:40.978Z,72.31,238.623,3.3
2026-06-10T01:20:41.179Z,67.67,223.311,3.3
2026-06-10T01:20:41.384Z,56.52,186.516,3.3
2026-06-10T01:20:41.581Z,53.96,178.068,3.3
2026-06-10T01:20:41.783Z,51.67,170.511,3.3
2026-06-10T01:20:41.984Z,54.88,181.104,3.3
2026-06-10T01:20:42.186Z,62.69,206.877,3.3
2026-06-10T01:20:42.387Z,68.47,225.951,3.3
2026-06-10T01:20:42.587Z,67.62,223.146,3.3
2026-06-10T01:20:42.788Z,62.49,206.217,3.3
2026-06-10T01:20:42.990Z,63.55,209.715,3.3
2026-06-10T01:20:43.192Z,64.69,213.477,3.3
2026-06-10T01:20:43.394Z,64.87,214.071,3.3
2026-06-10T01:20:43.597Z,62.99,207.867,3.3
2026-06-10T01:20:43.798Z,63.37,209.121,3.3
2026-06-10T01:20:43.999Z,64.03,211.299,3.3
2026-06-10T01:20:44.200Z,125.65,414.645,3.3
2026-06-10T01:20:44.402Z,138.13,455.829,3.3
2026-06-10T01:20:44.603Z,105.42,347.886,3.3
2026-06-10T01:20:44.806Z,128.36,423.588,3.3
2026-06-10T01:20:45.008Z,127.62,421.146,3.3
2026-06-10T01:20:45.208Z,101.89,336.237,3.3
2026-06-10T01:20:45.411Z,101.74,335.742,3.3
2026-06-10T01:20:45.613Z,100.69,332.277,3.3
2026-06-10T01:20:45.813Z,103.46,341.418,3.3
2026-06-10T01:20:46.015Z,119.79,395.307,3.3
2026-06-10T01:20:46.218Z,120.54,397.782,3.3
2026-06-10T01:20:46.420Z,103.85,342.705,3.3
2026-06-10T01:20:46.620Z,93.52,308.616,3.3
2026-06-10T01:20:46.822Z,92.29,304.557,3.3
2026-06-10T01:20:47.023Z,93.6,308.88,3.3
2026-06-10T01:20:47.224Z,96.04,316.932,3.3
2026-06-10T01:20:47.425Z,101.04,333.432,3.3
2026-06-10T01:20:47.626Z,95.45,314.985,3.3
2026-06-10T01:20:47.828Z,75.86,250.338,3.3
2026-06-10T01:20:48.029Z,55.41,182.853,3.3
2026-06-10T01:20:48.230Z,20.22,66.726,3.3
2026-06-10T01:20:48.432Z,2.39,7.887,3.3
2026-06-10T01:20:48.633Z,0.53,1.749,3.3
2026-06-10T01:20:48.835Z,0.03,0.099,3.3
2026-06-10T01:20:49.037Z,0.02,0.066,3.3
2026-06-10T01:20:49.238Z,0.02,0.066,3.3
2026-06-10T01:20:49.441Z,0.02,0.066,3.3
2026-06-10T01:20:49.642Z,0.01,0.033,3.3
2026-06-10T01:20:49.844Z,0.01,0.033,3.3
2026-06-10T01:20:50.045Z,0.01,0.033,3.3
2026-06-10T01:20:50.246Z,0.02,0.066,3.3
2026-06-10T01:20:50.447Z,0.02,0.066,3.3
2026-06-10T01:20:50.648Z,0.02,0.066,3.3
2026-06-10T01:20:50.849Z,0.01,0.033,3.3
2026-06-10T01:20:51.051Z,0.01,0.033,3.3
2026-06-10T01:20:51.251Z,0.01,0.033,3.3
2026-06-10T01:20:51.454Z,0.02,0.066,3.3
2026-06-10T01:20:51.655Z,0.02,0.066,3.3
2026-06-10T01:20:51.857Z,0.02,0.066,3.3
2026-06-10T01:20:52.060Z,0.03,0.099,3.3
2026-06-10T01:20:52.261Z,0.03,0.099,3.3
2026-06-10T01:20:52.463Z,0.02,0.066,3.3
2026-06-10T01:20:52.665Z,0.02,0.066,3.3
2026-06-10T01:20:52.866Z,0.02,0.066,3.3
2026-06-10T01:20:53.067Z,0.02,0.066,3.3
2026-06-10T01:20:53.269Z,0.02,0.066,3.3
2026-06-10T01:20:53.471Z,0.02,0.066,3.3
2026-06-10T01:20:53.673Z,0.01,0.033,3.3
2026-06-10T01:20:53.875Z,0.01,0.033,3.3
2026-06-10T01:20:54.076Z,0.01,0.033,3.3
2026-06-10T01:20:54.278Z,0.01,0.033,3.3
2026-06-10T01:20:54.480Z,0.01,0.033,3.3
2026-06-10T01:20:54.682Z,0.02,0.066,3.3
2026-06-10T01:20:54.883Z,0.02,0.066,3.3
2026-06-10T01:20:55.084Z,0.02,0.066,3.3
2026-06-10T01:20:55.286Z,0.03,0.099,3.3
2026-06-10T01:20:55.488Z,0.02,0.066,3.3
2026-06-10T01:20:55.691Z,0.02,0.066,3.3
2026-06-10T01:20:55.893Z,0.02,0.066,3.3
2026-06-10T01:20:56.095Z,0.02,0.066,3.3
2026-06-10T01:20:56.295Z,0.02,0.066,3.3
2026-06-10T01:20:56.497Z,0.02,0.066,3.3
2026-06-10T01:20:56.698Z,0.02,0.066,3.3
2026-06-10T01:20:56.900Z,0.02,0.066,3.3
2026-06-10T01:20:57.102Z,0.02,0.066,3.3
2026-06-10T01:20:57.302Z,0.02,0.066,3.3
2026-06-10T01:20:57.503Z,0.02,0.066,3.3
2026-06-10T01:20:57.704Z,0.02,0.066,3.3
2026-06-10T01:20:57.906Z,0.02,0.066,3.3
2026-06-10T01:20:58.108Z,0.02,0.066,3.3
2026-06-10T01:20:58.310Z,0.02,0.066,3.3
2026-06-10T01:20:58.513Z,0.02,0.066,3.3
2026-06-10T01:20:58.714Z,0.02,0.066,3.3
2026-06-10T01:20:58.915Z,0.02,0.066,3.3
2026-06-10T01:20:59.116Z,0.02,0.066,3.3
2026-06-10T01:20:59.317Z,0.02,0.066,3.3
2026-06-10T01:20:59.518Z,0.02,0.066,3.3
2026-06-10T01:20:59.719Z,0.02,0.066,3.3
2026-06-10T01:20:59.920Z,0.02,0.066,3.3
2026-06-10T01:21:00.121Z,0.01,0.033,3.3
2026-06-10T01:21:00.323Z,0.01,0.033,3.3
2026-06-10T01:21:00.524Z,0.01,0.033,3.3
2026-06-10T01:21:00.725Z,0.02,0.066,3.3
2026-06-10T01:21:00.927Z,0.02,0.066,3.3
2026-06-10T01:21:01.128Z,0.02,0.066,3.3
2026-06-10T01:21:01.331Z,0.02,0.066,3.3
2026-06-10T01:21:01.532Z,0.02,0.066,3.3
2026-06-10T01:21:01.734Z,0.01,0.033,3.3
2026-06-10T01:21:01.937Z,0.01,0.033,3.3
2026-06-10T01:21:02.139Z,0.02,0.066,3.3
2026-06-10T01:21:02.340Z,0.03,0.099,3.3
2026-06-10T01:21:02.541Z,0.03,0.099,3.3
2026-06-10T01:21:02.744Z,0.03,0.099,3.3
2026-06-10T01:21:02.945Z,0.02,0.066,3.3
2026-06-10T01:21:03.147Z,0.02,0.066,3.3
2026-06-10T01:21:03.349Z,0.01,0.033,3.3
2026-06-10T01:21:03.550Z,0.01,0.033,3.3
2026-06-10T01:21:03.752Z,0.01,0.033,3.3
2026-06-10T01:21:03.952Z,0.02,0.066,3.3
2026-06-10T01:21:04.153Z,0.01,0.033,3.3
2026-06-10T01:21:04.354Z,0.02,0.066,3.3
2026-06-10T01:21:04.554Z,0.02,0.066,3.3
2026-06-10T01:21:04.756Z,0.01,0.033,3.3
2026-06-10T01:21:04.958Z,0.02,0.066,3.3
2026-06-10T01:21:05.159Z,0.02,0.066,3.3
2026-06-10T01:21:05.362Z,0.03,0.099,3.3
2026-06-10T01:21:05.564Z,0.03,0.099,3.3
2026-06-10T01:21:05.766Z,0.02,0.066,3.3
2026-06-10T01:21:05.968Z,0.02,0.066,3.3
2026-06-10T01:21:06.169Z,0.02,0.066,3.3
2026-06-10T01:21:06.375Z,0.01,0.033,3.3
2026-06-10T01:21:06.573Z,0.01,0.033,3.3
2026-06-10T01:21:06.775Z,0.01,0.033,3.3
2026-06-10T01:21:06.976Z,0.01,0.033,3.3
2026-06-10T01:21:07.177Z,0.01,0.033,3.3
2026-06-10T01:21:07.378Z,0.02,0.066,3.3
2026-06-10T01:21:07.580Z,0.02,0.066,3.3
2026-06-10T01:21:07.781Z,0.02,0.066,3.3
2026-06-10T01:21:07.983Z,0.02,0.066,3.3
2026-06-10T01:21:08.184Z,0.02,0.066,3.3
2026-06-10T01:21:08.387Z,0.02,0.066,3.3
2026-06-10T01:21:08.587Z,0.02,0.066,3.3
2026-06-10T01:21:08.789Z,0.01,0.033,3.3
2026-06-10T01:21:08.991Z,0.01,0.033,3.3
2026-06-10T01:21:09.192Z,0.01,0.033,3.3
2026-06-10T01:21:09.394Z,0.02,0.066,3.3
2026-06-10T01:21:09.595Z,0.02,0.066,3.3
2026-06-10T01:21:09.796Z,0.02,0.066,3.3
2026-06-10T01:21:09.997Z,0.02,0.066,3.3
2026-06-10T01:21:10.198Z,0.02,0.066,3.3
2026-06-10T01:21:10.400Z,0.02,0.066,3.3
2026-06-10T01:21:10.603Z,0.02,0.066,3.3
2026-06-10T01:21:10.803Z,0.02,0.066,3.3
2026-06-10T01:21:11.005Z,0.02,0.066,3.3
2026-06-10T01:21:11.206Z,0.02,0.066,3.3
2026-06-10T01:21:11.408Z,0.02,0.066,3.3
2026-06-10T01:21:11.609Z,0.01,0.033,3.3
2026-06-10T01:21:11.811Z,0.02,0.066,3.3
2026-06-10T01:21:12.012Z,0.01,0.033,3.3
2026-06-10T01:21:12.213Z,0.02,0.066,3.3
2026-06-10T01:21:12.415Z,0.02,0.066,3.3
2026-06-10T01:21:12.615Z,0.02,0.066,3.3
2026-06-10T01:21:12.816Z,0.02,0.066,3.3
2026-06-10T01:21:13.016Z,0.02,0.066,3.3
2026-06-10T01:21:13.217Z,0.02,0.066,3.3
2026-06-10T01:21:13.418Z,0.02,0.066,3.3
2026-06-10T01:21:13.619Z,0.02,0.066,3.3
2026-06-10T01:21:13.819Z,0.02,0.066,3.3
2026-06-10T01:21:14.022Z,0.02,0.066,3.3
2026-06-10T01:21:14.224Z,0.02,0.066,3.3
2026-06-10T01:21:14.426Z,0.02,0.066,3.3
2026-06-10T01:21:14.628Z,0.02,0.066,3.3
2026-06-10T01:21:14.829Z,0.01,0.033,3.3
2026-06-10T01:21:15.029Z,0.01,0.033,3.3
2026-06-10T01:21:15.231Z,0.01,0.033,3.3
2026-06-10T01:21:15.433Z,0.01,0.033,3.3
2026-06-10T01:21:15.635Z,0.01,0.033,3.3
2026-06-10T01:21:15.837Z,0.01,0.033,3.3
2026-06-10T01:21:16.038Z,0.01,0.033,3.3
2026-06-10T01:21:16.238Z,0.01,0.033,3.3
2026-06-10T01:21:16.439Z,0.01,0.033,3.3
2026-06-10T01:21:16.641Z,0.02,0.066,3.3
2026-06-10T01:21:16.843Z,0.02,0.066,3.3
2026-06-10T01:21:17.045Z,0.02,0.066,3.3
2026-06-10T01:21:17.245Z,0.02,0.066,3.3
2026-06-10T01:21:17.446Z,0.02,0.066,3.3
2026-06-10T01:21:17.649Z,0.02,0.066,3.3
2026-06-10T01:21:17.850Z,0.01,0.033,3.3
2026-06-10T01:21:18.052Z,0.01,0.033,3.3
2026-06-10T01:21:18.254Z,0.01,0.033,3.3
2026-06-10T01:21:18.456Z,0.02,0.066,3.3
2026-06-10T01:21:18.658Z,0.02,0.066,3.3
2026-06-10T01:21:18.860Z,0.02,0.066,3.3
2026-06-10T01:21:19.061Z,0.02,0.066,3.3
2026-06-10T01:21:19.263Z,0.01,0.033,3.3
2026-06-10T01:21:19.464Z,0.01,0.033,3.3
2026-06-10T01:21:19.666Z,0.01,0.033,3.3
2026-06-10T01:21:19.868Z,0.01,0.033,3.3
2026-06-10T01:21:20.070Z,0.02,0.066,3.3
2026-06-10T01:21:20.272Z,0.02,0.066,3.3
2026-06-10T01:21:20.473Z,0.02,0.066,3.3
2026-06-10T01:21:20.675Z,0.02,0.066,3.3
2026-06-10T01:21:20.876Z,0.01,0.033,3.3
2026-06-10T01:21:21.077Z,0.01,0.033,3.3
2026-06-10T01:21:21.278Z,0.01,0.033,3.3
2026-06-10T01:21:21.479Z,0.02,0.066,3.3
2026-06-10T01:21:21.681Z,0.02,0.066,3.3
2026-06-10T01:21:21.882Z,0.03,0.099,3.3
2026-06-10T01:21:22.084Z,0.02,0.066,3.3
2026-06-10T01:21:22.285Z,0.01,0.033,3.3
2026-06-10T01:21:22.487Z,0.01,0.033,3.3
2026-06-10T01:21:22.688Z,0.01,0.033,3.3
2026-06-10T01:21:22.890Z,0.01,0.033,3.3
2026-06-10T01:21:23.090Z,0.02,0.066,3.3
2026-06-10T01:21:23.293Z,0.02,0.066,3.3
2026-06-10T01:21:23.493Z,0.02,0.066,3.3
2026-06-10T01:21:23.694Z,0.02,0.066,3.3
2026-06-10T01:21:23.896Z,0.01,0.033,3.3
2026-06-10T01:21:24.099Z,0.01,0.033,3.3
2026-06-10T01:21:24.299Z,0.01,0.033,3.3
2026-06-10T01:21:24.500Z,0.01,0.033,3.3
2026-06-10T01:21:24.701Z,0.02,0.066,3.3
2026-06-10T01:21:24.902Z,0.02,0.066,3.3
2026-06-10T01:21:25.104Z,0.01,0.033,3.3
2026-06-10T01:21:25.306Z,0.01,0.033,3.3
2026-06-10T01:21:25.508Z,0.01,0.033,3.3
2026-06-10T01:21:25.709Z,0.02,0.066,3.3
2026-06-10T01:21:25.909Z,0.02,0.066,3.3
2026-06-10T01:21:26.110Z,0.02,0.066,3.3
2026-06-10T01:21:26.312Z,0.02,0.066,3.3
2026-06-10T01:21:26.514Z,0.01,0.033,3.3
2026-06-10T01:21:26.715Z,0.01,0.033,3.3
2026-06-10T01:21:26.916Z,0.02,0.066,3.3
2026-06-10T01:21:27.117Z,0.02,0.066,3.3
2026-06-10T01:21:27.318Z,0.02,0.066,3.3
2026-06-10T01:21:27.519Z,0.02,0.066,3.3
2026-06-10T01:21:27.721Z,0.01,0.033,3.3
2026-06-10T01:21:27.921Z,0.01,0.033,3.3
2026-06-10T01:21:28.122Z,0.02,0.066,3.3
2026-06-10T01:21:28.324Z,0.03,0.099,3.3
2026-06-10T01:21:28.526Z,0.02,0.066,3.3
2026-06-10T01:21:28.727Z,0.01,0.033,3.3
2026-06-10T01:21:28.928Z,0.01,0.033,3.3
2026-06-10T01:21:29.129Z,0.01,0.033,3.3
2026-06-10T01:21:29.330Z,0.01,0.033,3.3
2026-06-10T01:21:29.532Z,0.01,0.033,3.3
2026-06-10T01:21:29.735Z,0.01,0.033,3.3
2026-06-10T01:21:29.935Z,0.01,0.033,3.3
2026-06-10T01:21:30.136Z,0.02,0.066,3.3
2026-06-10T01:21:30.337Z,0.02,0.066,3.3
2026-06-10T01:21:30.538Z,0.02,0.066,3.3
2026-06-10T01:21:30.739Z,0.02,0.066,3.3
2026-06-10T01:21:30.941Z,0.01,0.033,3.3
2026-06-10T01:21:31.143Z,0.01,0.033,3.3
2026-06-10T01:21:31.344Z,0.01,0.033,3.3
2026-06-10T01:21:31.545Z,0.02,0.066,3.3
2026-06-10T01:21:31.746Z,0.02,0.066,3.3
2026-06-10T01:21:31.946Z,0.02,0.066,3.3
2026-06-10T01:21:32.148Z,0.01,0.033,3.3
2026-06-10T01:21:32.350Z,0.02,0.066,3.3
2026-06-10T01:21:32.551Z,0.02,0.066,3.3
2026-06-10T01:21:32.752Z,0.02,0.066,3.3
2026-06-10T01:21:32.954Z,0.02,0.066,3.3
2026-06-10T01:21:33.156Z,0.02,0.066,3.3
2026-06-10T01:21:33.357Z,0.01,0.033,3.3
2026-06-10T01:21:33.559Z,0.01,0.033,3.3
2026-06-10T01:21:33.761Z,0.01,0.033,3.3
2026-06-10T01:21:33.962Z,0.02,0.066,3.3
2026-06-10T01:21:34.164Z,0.01,0.033,3.3
2026-06-10T01:21:34.364Z,0.02,0.066,3.3
2026-06-10T01:21:34.573Z,0.02,0.066,3.3
2026-06-10T01:21:34.776Z,0.02,0.066,3.3
2026-06-10T01:21:34.976Z,0.02,0.066,3.3
2026-06-10T01:21:35.178Z,0.02,0.066,3.3
2026-06-10T01:21:35.379Z,0.02,0.066,3.3
2026-06-10T01:21:35.580Z,0.01,0.033,3.3
2026-06-10T01:21:35.781Z,0.02,0.066,3.3
2026-06-10T01:21:35.982Z,0.02,0.066,3.3
2026-06-10T01:21:36.185Z,0.02,0.066,3.3
2026-06-10T01:21:36.386Z,0.02,0.066,3.3
2026-06-10T01:21:36.588Z,0.01,0.033,3.3
2026-06-10T01:21:36.789Z,0.01,0.033,3.3
2026-06-10T01:21:36.989Z,0.01,0.033,3.3
2026-06-10T01:21:37.191Z,0.02,0.066,3.3
2026-06-10T01:21:37.392Z,0.02,0.066,3.3
2026-06-10T01:21:37.594Z,0.02,0.066,3.3
2026-06-10T01:21:37.795Z,0.02,0.066,3.3
2026-06-10T01:21:37.996Z,0.02,0.066,3.3
2026-06-10T01:21:38.198Z,0.02,0.066,3.3
2026-06-10T01:21:38.402Z,0.02,0.066,3.3
2026-06-10T01:21:38.604Z,0.02,0.066,3.3
2026-06-10T01:21:38.806Z,0.01,0.033,3.3
2026-06-10T01:21:39.008Z,0.01,0.033,3.3
2026-06-10T01:21:39.210Z,0.02,0.066,3.3
2026-06-10T01:21:39.411Z,0.02,0.066,3.3
2026-06-10T01:21:39.613Z,0.15,0.495,3.3
2026-06-10T01:21:39.813Z,37.12,122.496,3.3
2026-06-10T01:21:40.015Z,63.62,209.946,3.3
2026-06-10T01:21:40.215Z,65.38,215.754,3.3
2026-06-10T01:21:40.416Z,65.42,215.886,3.3
2026-06-10T01:21:40.618Z,72.61,239.613,3.3
2026-06-10T01:21:40.820Z,70.63,233.079,3.3
2026-06-10T01:21:41.022Z,58.19,192.027,3.3
2026-06-10T01:21:41.225Z,55.14,181.962,3.3
2026-06-10T01:21:41.427Z,51.66,170.478,3.3
2026-06-10T01:21:41.628Z,53.33,175.989,3.3
2026-06-10T01:21:41.829Z,60.91,201.003,3.3
2026-06-10T01:21:42.031Z,68.23,225.159,3.3
2026-06-10T01:21:42.232Z,67.58,223.014,3.3
2026-06-10T01:21:42.434Z,62.38,205.854,3.3
2026-06-10T01:21:42.635Z,62.87,207.471,3.3
2026-06-10T01:21:42.836Z,62.08,204.864,3.3
2026-06-10T01:21:43.037Z,61.78,203.874,3.3
2026-06-10T01:21:43.240Z,63,207.9,3.3
2026-06-10T01:21:43.442Z,65.14,214.962,3.3
2026-06-10T01:21:43.644Z,93.26,307.758,3.3
2026-06-10T01:21:43.846Z,132.77,438.141,3.3
2026-06-10T01:21:44.048Z,111.68,368.544,3.3
2026-06-10T01:21:44.248Z,102.86,339.438,3.3
2026-06-10T01:21:44.449Z,114.71,378.543,3.3
2026-06-10T01:21:44.651Z,117.03,386.199,3.3
2026-06-10T01:21:44.853Z,103.08,340.164,3.3
2026-06-10T01:21:45.053Z,103.6,341.88,3.3
2026-06-10T01:21:45.255Z,102.66,338.778,3.3
2026-06-10T01:21:45.456Z,99.83,329.439,3.3
2026-06-10T01:21:45.657Z,102.97,339.801,3.3
2026-06-10T01:21:45.859Z,111.89,369.237,3.3
2026-06-10T01:21:46.064Z,121.17,399.861,3.3
2026-06-10T01:21:46.263Z,114.5,377.85,3.3
2026-06-10T01:21:46.464Z,97.88,323.004,3.3
2026-06-10T01:21:46.666Z,93.03,306.999,3.3
2026-06-10T01:21:46.868Z,92.95,306.735,3.3
2026-06-10T01:21:47.070Z,94.51,311.883,3.3
2026-06-10T01:21:47.272Z,93.23,307.659,3.3
2026-06-10T01:21:47.474Z,96.61,318.813,3.3
2026-06-10T01:21:47.676Z,83.95,277.035,3.3
2026-06-10T01:21:47.878Z,59.34,195.822,3.3
2026-06-10T01:21:48.080Z,43.96,145.068,3.3
2026-06-10T01:21:48.282Z,9.14,30.162,3.3
2026-06-10T01:21:48.483Z,0.89,2.937,3.3
2026-06-10T01:21:48.686Z,0.07,0.231,3.3
2026-06-10T01:21:48.887Z,0.04,0.132,3.3
2026-06-10T01:21:49.088Z,0.03,0.099,3.3
2026-06-10T01:21:49.289Z,0.02,0.066,3.3
2026-06-10T01:21:49.491Z,0.01,0.033,3.3
2026-06-10T01:21:49.693Z,0.01,0.033,3.3
2026-06-10T01:21:49.895Z,0,0,3.3
2026-06-10T01:21:50.095Z,0.01,0.033,3.3
2026-06-10T01:21:50.297Z,0.01,0.033,3.3
2026-06-10T01:21:50.498Z,0,0,3.3
2026-06-10T01:21:50.699Z,0,0,3.3
2026-06-10T01:21:50.901Z,0,0,3.3
2026-06-10T01:21:51.102Z,0,0,3.3
2026-06-10T01:21:51.304Z,0,0,3.3
2026-06-10T01:21:51.504Z,0.01,0.033,3.3
2026-06-10T01:21:51.706Z,0,0,3.3
2026-06-10T01:21:51.907Z,0,0,3.3
2026-06-10T01:21:52.108Z,0.01,0.033,3.3
2026-06-10T01:21:52.309Z,0.01,0.033,3.3
2026-06-10T01:21:52.511Z,0.01,0.033,3.3
2026-06-10T01:21:52.712Z,0.01,0.033,3.3
2026-06-10T01:21:52.912Z,0.01,0.033,3.3
2026-06-10T01:21:53.114Z,0.01,0.033,3.3
2026-06-10T01:21:53.316Z,0.01,0.033,3.3
2026-06-10T01:21:53.516Z,0.01,0.033,3.3
2026-06-10T01:21:53.717Z,0,0,3.3
2026-06-10T01:21:53.917Z,0.01,0.033,3.3
2026-06-10T01:21:54.118Z,0.01,0.033,3.3
2026-06-10T01:21:54.319Z,0.01,0.033,3.3
2026-06-10T01:21:54.521Z,0.01,0.033,3.3
2026-06-10T01:21:54.722Z,0,0,3.3
2026-06-10T01:21:54.923Z,0,0,3.3
2026-06-10T01:21:55.125Z,0.01,0.033,3.3
2026-06-10T01:21:55.326Z,0.01,0.033,3.3
2026-06-10T01:21:55.528Z,0.01,0.033,3.3
2026-06-10T01:21:55.730Z,0.01,0.033,3.3
2026-06-10T01:21:55.931Z,0.01,0.033,3.3
2026-06-10T01:21:56.133Z,0.01,0.033,3.3
2026-06-10T01:21:56.335Z,0,0,3.3
2026-06-10T01:21:56.535Z,0,0,3.3
2026-06-10T01:21:56.736Z,0.01,0.033,3.3
2026-06-10T01:21:56.938Z,0.01,0.033,3.3
2026-06-10T01:21:57.140Z,0.02,0.066,3.3
2026-06-10T01:21:57.341Z,0.02,0.066,3.3
2026-06-10T01:21:57.541Z,0.02,0.066,3.3
2026-06-10T01:21:57.743Z,0.02,0.066,3.3
2026-06-10T01:21:57.944Z,0.01,0.033,3.3
2026-06-10T01:21:58.144Z,0.01,0.033,3.3
2026-06-10T01:21:58.347Z,0.01,0.033,3.3
2026-06-10T01:21:58.547Z,0.01,0.033,3.3
2026-06-10T01:21:58.750Z,0.01,0.033,3.3
2026-06-10T01:21:58.952Z,0,0,3.3
2026-06-10T01:21:59.154Z,0,0,3.3
2026-06-10T01:21:59.355Z,0.01,0.033,3.3
2026-06-10T01:21:59.555Z,0.01,0.033,3.3
2026-06-10T01:21:59.758Z,0.01,0.033,3.3
2026-06-10T01:21:59.960Z,0,0,3.3
2026-06-10T01:22:00.161Z,0,0,3.3
2026-06-10T01:22:00.362Z,0,0,3.3
2026-06-10T01:22:00.564Z,0,0,3.3
2026-06-10T01:22:00.765Z,0,0,3.3
2026-06-10T01:22:00.966Z,0,0,3.3
2026-06-10T01:22:01.167Z,0,0,3.3
2026-06-10T01:22:01.367Z,0,0,3.3
2026-06-10T01:22:01.568Z,0,0,3.3
2026-06-10T01:22:01.770Z,0,0,3.3
2026-06-10T01:22:01.973Z,0,0,3.3
2026-06-10T01:22:02.174Z,0.01,0.033,3.3
2026-06-10T01:22:02.376Z,0.01,0.033,3.3
2026-06-10T01:22:02.577Z,0.01,0.033,3.3
2026-06-10T01:22:02.777Z,0.01,0.033,3.3
2026-06-10T01:22:02.979Z,0.01,0.033,3.3
2026-06-10T01:22:03.181Z,0.01,0.033,3.3
2026-06-10T01:22:03.384Z,0.02,0.066,3.3
2026-06-10T01:22:03.586Z,0.02,0.066,3.3
2026-06-10T01:22:03.787Z,0.02,0.066,3.3
2026-06-10T01:22:03.990Z,0.02,0.066,3.3
2026-06-10T01:22:04.191Z,0.02,0.066,3.3
2026-06-10T01:22:04.392Z,0.02,0.066,3.3
2026-06-10T01:22:04.593Z,0.02,0.066,3.3
2026-06-10T01:22:04.795Z,0.01,0.033,3.3
2026-06-10T01:22:04.996Z,0.02,0.066,3.3
2026-06-10T01:22:05.198Z,0.02,0.066,3.3
2026-06-10T01:22:05.400Z,0.02,0.066,3.3
2026-06-10T01:22:05.602Z,0.02,0.066,3.3
2026-06-10T01:22:05.804Z,0.02,0.066,3.3
2026-06-10T01:22:06.006Z,0.02,0.066,3.3
2026-06-10T01:22:06.207Z,0.01,0.033,3.3
2026-06-10T01:22:06.409Z,0.01,0.033,3.3
2026-06-10T01:22:06.609Z,0.01,0.033,3.3
2026-06-10T01:22:06.812Z,0.01,0.033,3.3
2026-06-10T01:22:07.013Z,0.02,0.066,3.3
2026-06-10T01:22:07.214Z,0.02,0.066,3.3
2026-06-10T01:22:07.416Z,0.01,0.033,3.3
2026-06-10T01:22:07.617Z,0.01,0.033,3.3
2026-06-10T01:22:07.817Z,0.01,0.033,3.3
2026-06-10T01:22:08.019Z,0.02,0.066,3.3
2026-06-10T01:22:08.221Z,0.03,0.099,3.3
2026-06-10T01:22:08.422Z,0.02,0.066,3.3
2026-06-10T01:22:08.624Z,0.02,0.066,3.3
2026-06-10T01:22:08.825Z,0.01,0.033,3.3
2026-06-10T01:22:09.026Z,0.01,0.033,3.3
2026-06-10T01:22:09.227Z,0.02,0.066,3.3
2026-06-10T01:22:09.429Z,0.02,0.066,3.3
2026-06-10T01:22:09.632Z,0.02,0.066,3.3
2026-06-10T01:22:09.831Z,0.01,0.033,3.3
2026-06-10T01:22:10.032Z,0.01,0.033,3.3
2026-06-10T01:22:10.234Z,0.01,0.033,3.3
2026-06-10T01:22:10.435Z,0.02,0.066,3.3
2026-06-10T01:22:10.637Z,0.03,0.099,3.3
2026-06-10T01:22:10.837Z,0.02,0.066,3.3
2026-06-10T01:22:11.039Z,0.01,0.033,3.3
2026-06-10T01:22:11.240Z,0.01,0.033,3.3
2026-06-10T01:22:11.441Z,0.01,0.033,3.3
2026-06-10T01:22:11.643Z,0.01,0.033,3.3
2026-06-10T01:22:11.844Z,0.01,0.033,3.3
2026-06-10T01:22:12.045Z,0.02,0.066,3.3
2026-06-10T01:22:12.246Z,0.02,0.066,3.3
2026-06-10T01:22:12.446Z,0.02,0.066,3.3
2026-06-10T01:22:12.648Z,0.02,0.066,3.3
2026-06-10T01:22:12.850Z,0.02,0.066,3.3
2026-06-10T01:22:13.052Z,0.01,0.033,3.3
2026-06-10T01:22:13.254Z,0.01,0.033,3.3
2026-06-10T01:22:13.454Z,0.02,0.066,3.3
2026-06-10T01:22:13.656Z,0.03,0.099,3.3
2026-06-10T01:22:13.857Z,0.02,0.066,3.3
2026-06-10T01:22:14.058Z,0.02,0.066,3.3
2026-06-10T01:22:14.259Z,0.02,0.066,3.3
2026-06-10T01:22:14.460Z,0.02,0.066,3.3
2026-06-10T01:22:14.660Z,0.02,0.066,3.3
2026-06-10T01:22:14.863Z,0.02,0.066,3.3
2026-06-10T01:22:15.064Z,0.02,0.066,3.3
2026-06-10T01:22:15.267Z,0.02,0.066,3.3
2026-06-10T01:22:15.468Z,0.02,0.066,3.3
2026-06-10T01:22:15.668Z,0.02,0.066,3.3
2026-06-10T01:22:15.870Z,0.02,0.066,3.3
2026-06-10T01:22:16.071Z,0.01,0.033,3.3
2026-06-10T01:22:16.273Z,0.01,0.033,3.3
2026-06-10T01:22:16.474Z,0.02,0.066,3.3
2026-06-10T01:22:16.675Z,0.02,0.066,3.3
2026-06-10T01:22:16.877Z,0.03,0.099,3.3
2026-06-10T01:22:17.078Z,0.02,0.066,3.3
2026-06-10T01:22:17.278Z,0.02,0.066,3.3
2026-06-10T01:22:17.479Z,0.02,0.066,3.3
2026-06-10T01:22:17.680Z,0.01,0.033,3.3
2026-06-10T01:22:17.880Z,0.01,0.033,3.3
2026-06-10T01:22:18.082Z,0.01,0.033,3.3
2026-06-10T01:22:18.284Z,0.01,0.033,3.3
2026-06-10T01:22:18.486Z,0.02,0.066,3.3
2026-06-10T01:22:18.688Z,0.03,0.099,3.3
2026-06-10T01:22:18.890Z,0.02,0.066,3.3
2026-06-10T01:22:19.091Z,0.02,0.066,3.3
2026-06-10T01:22:19.291Z,0.01,0.033,3.3
2026-06-10T01:22:19.492Z,0.01,0.033,3.3
2026-06-10T01:22:19.693Z,0.01,0.033,3.3
2026-06-10T01:22:19.894Z,0.02,0.066,3.3
2026-06-10T01:22:20.096Z,0.02,0.066,3.3
2026-06-10T01:22:20.299Z,0.03,0.099,3.3
2026-06-10T01:22:20.500Z,0.02,0.066,3.3
2026-06-10T01:22:20.702Z,0.01,0.033,3.3
2026-06-10T01:22:20.902Z,0.01,0.033,3.3
2026-06-10T01:22:21.102Z,0.01,0.033,3.3
2026-06-10T01:22:21.304Z,0.01,0.033,3.3
2026-06-10T01:22:21.505Z,0.01,0.033,3.3
2026-06-10T01:22:21.705Z,0.02,0.066,3.3
2026-06-10T01:22:21.905Z,0.02,0.066,3.3
2026-06-10T01:22:22.106Z,0.03,0.099,3.3
2026-06-10T01:22:22.308Z,0.02,0.066,3.3
2026-06-10T01:22:22.508Z,0.02,0.066,3.3
2026-06-10T01:22:22.709Z,0.02,0.066,3.3
2026-06-10T01:22:22.912Z,0.01,0.033,3.3
2026-06-10T01:22:23.114Z,0.01,0.033,3.3
2026-06-10T01:22:23.316Z,0.01,0.033,3.3
2026-06-10T01:22:23.519Z,0.02,0.066,3.3
2026-06-10T01:22:23.720Z,0.02,0.066,3.3
2026-06-10T01:22:23.921Z,0.02,0.066,3.3
2026-06-10T01:22:24.123Z,0.02,0.066,3.3
2026-06-10T01:22:24.325Z,0.02,0.066,3.3
2026-06-10T01:22:24.527Z,0.02,0.066,3.3
2026-06-10T01:22:24.729Z,0.01,0.033,3.3
2026-06-10T01:22:24.930Z,0.01,0.033,3.3
2026-06-10T01:22:25.132Z,0.01,0.033,3.3
2026-06-10T01:22:25.333Z,0.01,0.033,3.3
2026-06-10T01:22:25.535Z,0.01,0.033,3.3
2026-06-10T01:22:25.737Z,0.01,0.033,3.3
2026-06-10T01:22:25.938Z,0.01,0.033,3.3
2026-06-10T01:22:26.139Z,0.01,0.033,3.3
2026-06-10T01:22:26.341Z,0.01,0.033,3.3
2026-06-10T01:22:26.541Z,0.01,0.033,3.3
2026-06-10T01:22:26.742Z,0.01,0.033,3.3
2026-06-10T01:22:26.944Z,0.01,0.033,3.3
2026-06-10T01:22:27.146Z,0.01,0.033,3.3
2026-06-10T01:22:27.348Z,0.01,0.033,3.3
2026-06-10T01:22:27.548Z,0.01,0.033,3.3
2026-06-10T01:22:27.750Z,0.02,0.066,3.3
2026-06-10T01:22:27.952Z,0.02,0.066,3.3
2026-06-10T01:22:28.152Z,0.02,0.066,3.3
2026-06-10T01:22:28.353Z,0.02,0.066,3.3
2026-06-10T01:22:28.555Z,0.02,0.066,3.3
2026-06-10T01:22:28.757Z,0.01,0.033,3.3
2026-06-10T01:22:28.959Z,0.01,0.033,3.3
2026-06-10T01:22:29.159Z,0.01,0.033,3.3
2026-06-10T01:22:29.360Z,0.01,0.033,3.3
2026-06-10T01:22:29.560Z,0.01,0.033,3.3
2026-06-10T01:22:29.762Z,0.01,0.033,3.3
2026-06-10T01:22:29.963Z,0.01,0.033,3.3
2026-06-10T01:22:30.165Z,0.01,0.033,3.3
2026-06-10T01:22:30.367Z,0.02,0.066,3.3
2026-06-10T01:22:30.568Z,0.02,0.066,3.3
2026-06-10T01:22:30.770Z,0.02,0.066,3.3
2026-06-10T01:22:30.970Z,0.02,0.066,3.3
2026-06-10T01:22:31.170Z,0.01,0.033,3.3
2026-06-10T01:22:31.374Z,0.01,0.033,3.3
2026-06-10T01:22:31.573Z,0.02,0.066,3.3
2026-06-10T01:22:31.774Z,0.02,0.066,3.3
2026-06-10T01:22:31.976Z,0.02,0.066,3.3
2026-06-10T01:22:32.177Z,0.02,0.066,3.3
2026-06-10T01:22:32.378Z,0.02,0.066,3.3
2026-06-10T01:22:32.578Z,0.01,0.033,3.3
2026-06-10T01:22:32.779Z,0.01,0.033,3.3
2026-06-10T01:22:32.981Z,0.01,0.033,3.3
2026-06-10T01:22:33.182Z,0.01,0.033,3.3
2026-06-10T01:22:33.385Z,0.01,0.033,3.3
2026-06-10T01:22:33.585Z,0.02,0.066,3.3
2026-06-10T01:22:33.787Z,0.02,0.066,3.3
2026-06-10T01:22:33.988Z,0.02,0.066,3.3
2026-06-10T01:22:34.189Z,0.02,0.066,3.3
2026-06-10T01:22:34.389Z,0.01,0.033,3.3
2026-06-10T01:22:34.592Z,0.01,0.033,3.3
2026-06-10T01:22:34.794Z,0.01,0.033,3.3
2026-06-10T01:22:34.995Z,0.01,0.033,3.3
2026-06-10T01:22:35.197Z,0.02,0.066,3.3
2026-06-10T01:22:35.401Z,0.02,0.066,3.3
2026-06-10T01:22:35.600Z,0.02,0.066,3.3
2026-06-10T01:22:35.801Z,0.02,0.066,3.3
2026-06-10T01:22:36.004Z,0.02,0.066,3.3
2026-06-10T01:22:36.205Z,0.01,0.033,3.3
2026-06-10T01:22:36.411Z,0.02,0.066,3.3
2026-06-10T01:22:36.612Z,0.02,0.066,3.3
2026-06-10T01:22:36.814Z,0.02,0.066,3.3
2026-06-10T01:22:37.016Z,0.02,0.066,3.3
2026-06-10T01:22:37.217Z,0.02,0.066,3.3
2026-06-10T01:22:37.419Z,0.02,0.066,3.3
2026-06-10T01:22:37.620Z,0.01,0.033,3.3
2026-06-10T01:22:37.822Z,0.02,0.066,3.3
2026-06-10T01:22:38.025Z,0.02,0.066,3.3
2026-06-10T01:22:38.227Z,0.02,0.066,3.3
2026-06-10T01:22:38.427Z,0.02,0.066,3.3
2026-06-10T01:22:38.628Z,0.02,0.066,3.3
2026-06-10T01:22:38.830Z,0.01,0.033,3.3
2026-06-10T01:22:39.031Z,0.02,0.066,3.3
2026-06-10T01:22:39.233Z,0.02,0.066,3.3
2026-06-10T01:22:39.435Z,0.02,0.066,3.3
2026-06-10T01:22:39.635Z,9.67,31.911,3.3
2026-06-10T01:22:39.837Z,50.5,166.65,3.3
2026-06-10T01:22:40.038Z,65.24,215.292,3.3
2026-06-10T01:22:40.239Z,65.01,214.533,3.3
2026-06-10T01:22:40.441Z,69.1,228.03,3.3
2026-06-10T01:22:40.644Z,71.26,235.158,3.3
2026-06-10T01:22:40.844Z,65.53,216.249,3.3
2026-06-10T01:22:41.045Z,56.61,186.813,3.3
2026-06-10T01:22:41.246Z,53.19,175.527,3.3
2026-06-10T01:22:41.448Z,51.64,170.412,3.3
2026-06-10T01:22:41.649Z,55.89,184.437,3.3
2026-06-10T01:22:41.851Z,63.31,208.923,3.3
2026-06-10T01:22:42.051Z,68.19,225.027,3.3
2026-06-10T01:22:42.253Z,67.35,222.255,3.3
2026-06-10T01:22:42.456Z,62.5,206.25,3.3
2026-06-10T01:22:42.655Z,63.88,210.804,3.3
2026-06-10T01:22:42.858Z,64.67,213.411,3.3
2026-06-10T01:22:43.059Z,65.37,215.721,3.3
2026-06-10T01:22:43.260Z,62.86,207.438,3.3
2026-06-10T01:22:43.462Z,64.44,212.652,3.3
2026-06-10T01:22:43.664Z,97.39,321.387,3.3
2026-06-10T01:22:43.865Z,133.61,440.913,3.3
2026-06-10T01:22:44.066Z,106.67,352.011,3.3
2026-06-10T01:22:44.268Z,114.64,378.312,3.3
2026-06-10T01:22:44.470Z,116.34,383.922,3.3
2026-06-10T01:22:44.671Z,105.33,347.589,3.3
2026-06-10T01:22:44.872Z,102.68,338.844,3.3
2026-06-10T01:22:45.073Z,101.39,334.587,3.3
2026-06-10T01:22:45.275Z,99.51,328.383,3.3
2026-06-10T01:22:45.477Z,107.56,354.948,3.3
2026-06-10T01:22:45.678Z,121.02,399.366,3.3
2026-06-10T01:22:45.880Z,118.81,392.073,3.3
2026-06-10T01:22:46.082Z,98.9,326.37,3.3
2026-06-10T01:22:46.283Z,88.99,293.667,3.3
2026-06-10T01:22:46.483Z,88.32,291.456,3.3
2026-06-10T01:22:46.685Z,88.48,291.984,3.3
2026-06-10T01:22:46.886Z,89.73,296.109,3.3
2026-06-10T01:22:47.088Z,94.51,311.883,3.3
2026-06-10T01:22:47.289Z,94.05,310.365,3.3
2026-06-10T01:22:47.489Z,87.51,288.783,3.3
2026-06-10T01:22:47.692Z,60.19,198.627,3.3
2026-06-10T01:22:47.894Z,20.22,66.726,3.3
2026-06-10T01:22:48.095Z,2.8,9.24,3.3
2026-06-10T01:22:48.297Z,1.31,4.323,3.3
2026-06-10T01:22:48.497Z,0.02,0.066,3.3
2026-06-10T01:22:48.700Z,0.01,0.033,3.3
2026-06-10T01:22:48.901Z,0,0,3.3
2026-06-10T01:22:49.102Z,0,0,3.3
2026-06-10T01:22:49.302Z,0,0,3.3
2026-06-10T01:22:49.504Z,0,0,3.3
2026-06-10T01:22:49.706Z,0,0,3.3
2026-06-10T01:22:49.907Z,0,0,3.3
2026-06-10T01:22:50.110Z,0,0,3.3
2026-06-10T01:22:50.310Z,0,0,3.3
2026-06-10T01:22:50.512Z,0.01,0.033,3.3
2026-06-10T01:22:50.713Z,0.01,0.033,3.3
2026-06-10T01:22:50.914Z,0.01,0.033,3.3
2026-06-10T01:22:51.115Z,0.01,0.033,3.3
2026-06-10T01:22:51.317Z,0,0,3.3
2026-06-10T01:22:51.520Z,0.01,0.033,3.3
2026-06-10T01:22:51.720Z,0.01,0.033,3.3
2026-06-10T01:22:51.920Z,0.01,0.033,3.3
2026-06-10T01:22:52.121Z,0.01,0.033,3.3
2026-06-10T01:22:52.321Z,0.01,0.033,3.3
2026-06-10T01:22:52.522Z,0.01,0.033,3.3
2026-06-10T01:22:52.723Z,0.01,0.033,3.3
2026-06-10T01:22:52.925Z,0.02,0.066,3.3
2026-06-10T01:22:53.127Z,0.02,0.066,3.3
2026-06-10T01:22:53.329Z,0.02,0.066,3.3
2026-06-10T01:22:53.532Z,0.01,0.033,3.3
2026-06-10T01:22:53.733Z,0.01,0.033,3.3
2026-06-10T01:22:53.934Z,0.01,0.033,3.3
2026-06-10T01:22:54.135Z,0.01,0.033,3.3
2026-06-10T01:22:54.336Z,0.01,0.033,3.3
2026-06-10T01:22:54.539Z,0.02,0.066,3.3
2026-06-10T01:22:54.741Z,0.02,0.066,3.3
2026-06-10T01:22:54.941Z,0.02,0.066,3.3
2026-06-10T01:22:55.143Z,0.01,0.033,3.3
2026-06-10T01:22:55.344Z,0.01,0.033,3.3
2026-06-10T01:22:55.546Z,0.01,0.033,3.3
2026-06-10T01:22:55.746Z,0.02,0.066,3.3
2026-06-10T01:22:55.947Z,0.02,0.066,3.3
2026-06-10T01:22:56.149Z,0.02,0.066,3.3
2026-06-10T01:22:56.352Z,0.02,0.066,3.3
2026-06-10T01:22:56.552Z,0.01,0.033,3.3
2026-06-10T01:22:56.753Z,0.01,0.033,3.3
2026-06-10T01:22:56.956Z,0.01,0.033,3.3
2026-06-10T01:22:57.157Z,0.02,0.066,3.3
2026-06-10T01:22:57.357Z,0.02,0.066,3.3
2026-06-10T01:22:57.559Z,0.02,0.066,3.3
2026-06-10T01:22:57.760Z,0.01,0.033,3.3
2026-06-10T01:22:57.961Z,0.01,0.033,3.3
2026-06-10T01:22:58.161Z,0.02,0.066,3.3
2026-06-10T01:22:58.362Z,0.02,0.066,3.3
2026-06-10T01:22:58.564Z,0.02,0.066,3.3
2026-06-10T01:22:58.765Z,0.02,0.066,3.3
2026-06-10T01:22:58.967Z,0.02,0.066,3.3
2026-06-10T01:22:59.168Z,0.02,0.066,3.3
2026-06-10T01:22:59.370Z,0.01,0.033,3.3
2026-06-10T01:22:59.571Z,0.01,0.033,3.3
2026-06-10T01:22:59.772Z,0.01,0.033,3.3
2026-06-10T01:22:59.973Z,0.01,0.033,3.3
2026-06-10T01:23:00.175Z,0.02,0.066,3.3
2026-06-10T01:23:00.377Z,0.02,0.066,3.3
2026-06-10T01:23:00.576Z,0.02,0.066,3.3
2026-06-10T01:23:00.777Z,0.02,0.066,3.3
2026-06-10T01:23:00.980Z,0.02,0.066,3.3
2026-06-10T01:23:01.180Z,0.01,0.033,3.3
2026-06-10T01:23:01.385Z,0.01,0.033,3.3
2026-06-10T01:23:01.583Z,0.01,0.033,3.3
2026-06-10T01:23:01.785Z,0.01,0.033,3.3
2026-06-10T01:23:01.987Z,0.02,0.066,3.3
2026-06-10T01:23:02.189Z,0.01,0.033,3.3
2026-06-10T01:23:02.391Z,0.02,0.066,3.3
2026-06-10T01:23:02.592Z,0.01,0.033,3.3
2026-06-10T01:23:02.794Z,0.01,0.033,3.3
2026-06-10T01:23:02.996Z,0.01,0.033,3.3
2026-06-10T01:23:03.197Z,0.01,0.033,3.3
2026-06-10T01:23:03.400Z,0.01,0.033,3.3
2026-06-10T01:23:03.603Z,0.02,0.066,3.3
2026-06-10T01:23:03.805Z,0.02,0.066,3.3
2026-06-10T01:23:04.006Z,0.02,0.066,3.3
2026-06-10T01:23:04.208Z,0.01,0.033,3.3
2026-06-10T01:23:04.410Z,0.01,0.033,3.3
2026-06-10T01:23:04.611Z,0.01,0.033,3.3
2026-06-10T01:23:04.812Z,0.02,0.066,3.3
2026-06-10T01:23:05.013Z,0.02,0.066,3.3
2026-06-10T01:23:05.214Z,0.02,0.066,3.3
2026-06-10T01:23:05.415Z,0.02,0.066,3.3
2026-06-10T01:23:05.617Z,0.02,0.066,3.3
2026-06-10T01:23:05.819Z,0.01,0.033,3.3
2026-06-10T01:23:06.020Z,0.01,0.033,3.3
2026-06-10T01:23:06.221Z,0.02,0.066,3.3
2026-06-10T01:23:06.423Z,0.02,0.066,3.3
2026-06-10T01:23:06.624Z,0.01,0.033,3.3
2026-06-10T01:23:06.827Z,0.01,0.033,3.3
2026-06-10T01:23:07.027Z,0.01,0.033,3.3
2026-06-10T01:23:07.227Z,0.02,0.066,3.3
2026-06-10T01:23:07.429Z,0.02,0.066,3.3
2026-06-10T01:23:07.631Z,0.02,0.066,3.3
2026-06-10T01:23:07.833Z,0.02,0.066,3.3
2026-06-10T01:23:08.035Z,0.02,0.066,3.3
2026-06-10T01:23:08.235Z,0.01,0.033,3.3
2026-06-10T01:23:08.438Z,0.01,0.033,3.3
2026-06-10T01:23:08.639Z,0.01,0.033,3.3
2026-06-10T01:23:08.839Z,0.01,0.033,3.3
2026-06-10T01:23:09.041Z,0.02,0.066,3.3
2026-06-10T01:23:09.243Z,0.02,0.066,3.3
2026-06-10T01:23:09.445Z,0.02,0.066,3.3
2026-06-10T01:23:09.646Z,0.01,0.033,3.3
2026-06-10T01:23:09.848Z,0.01,0.033,3.3
2026-06-10T01:23:10.049Z,0.01,0.033,3.3
2026-06-10T01:23:10.250Z,0.02,0.066,3.3
2026-06-10T01:23:10.450Z,0.02,0.066,3.3
2026-06-10T01:23:10.653Z,0.02,0.066,3.3
2026-06-10T01:23:10.858Z,0.02,0.066,3.3
2026-06-10T01:23:11.057Z,0.02,0.066,3.3
2026-06-10T01:23:11.258Z,0.01,0.033,3.3
2026-06-10T01:23:11.459Z,0.01,0.033,3.3
2026-06-10T01:23:11.661Z,0.01,0.033,3.3
2026-06-10T01:23:11.863Z,0.01,0.033,3.3
2026-06-10T01:23:12.063Z,0.02,0.066,3.3
2026-06-10T01:23:12.264Z,0.02,0.066,3.3
2026-06-10T01:23:12.465Z,0.02,0.066,3.3
2026-06-10T01:23:12.666Z,0.02,0.066,3.3
2026-06-10T01:23:12.868Z,0.02,0.066,3.3
2026-06-10T01:23:13.069Z,0.02,0.066,3.3
2026-06-10T01:23:13.270Z,0.01,0.033,3.3
2026-06-10T01:23:13.471Z,0.01,0.033,3.3
2026-06-10T01:23:13.673Z,0.01,0.033,3.3
2026-06-10T01:23:13.875Z,0.02,0.066,3.3
2026-06-10T01:23:14.077Z,0.02,0.066,3.3
2026-06-10T01:23:14.279Z,0.02,0.066,3.3
2026-06-10T01:23:14.480Z,0.02,0.066,3.3
2026-06-10T01:23:14.682Z,0.01,0.033,3.3
2026-06-10T01:23:14.883Z,0.01,0.033,3.3
2026-06-10T01:23:15.085Z,0.01,0.033,3.3
2026-06-10T01:23:15.287Z,0.02,0.066,3.3
2026-06-10T01:23:15.488Z,0.02,0.066,3.3
2026-06-10T01:23:15.688Z,0.02,0.066,3.3
2026-06-10T01:23:15.890Z,0.02,0.066,3.3
2026-06-10T01:23:16.092Z,0.03,0.099,3.3
2026-06-10T01:23:16.294Z,0.02,0.066,3.3
2026-06-10T01:23:16.495Z,0.01,0.033,3.3
2026-06-10T01:23:16.697Z,0.01,0.033,3.3
2026-06-10T01:23:16.898Z,0.01,0.033,3.3
2026-06-10T01:23:17.100Z,0.01,0.033,3.3
2026-06-10T01:23:17.301Z,0,0,3.3
2026-06-10T01:23:17.503Z,0,0,3.3
2026-06-10T01:23:17.705Z,0.01,0.033,3.3
2026-06-10T01:23:17.906Z,0.01,0.033,3.3
2026-06-10T01:23:18.107Z,0,0,3.3
2026-06-10T01:23:18.309Z,0,0,3.3
2026-06-10T01:23:18.510Z,0,0,3.3
2026-06-10T01:23:18.713Z,0.01,0.033,3.3
2026-06-10T01:23:18.913Z,0.01,0.033,3.3
2026-06-10T01:23:19.114Z,0.01,0.033,3.3
2026-06-10T01:23:19.316Z,0.01,0.033,3.3
2026-06-10T01:23:19.518Z,0.01,0.033,3.3
2026-06-10T01:23:19.718Z,0.01,0.033,3.3
2026-06-10T01:23:19.921Z,0.02,0.066,3.3
2026-06-10T01:23:20.123Z,0.02,0.066,3.3
2026-06-10T01:23:20.325Z,0.02,0.066,3.3
2026-06-10T01:23:20.528Z,0.02,0.066,3.3
2026-06-10T01:23:20.729Z,0.01,0.033,3.3
2026-06-10T01:23:20.930Z,0.01,0.033,3.3
2026-06-10T01:23:21.131Z,0.01,0.033,3.3
2026-06-10T01:23:21.332Z,0.01,0.033,3.3
2026-06-10T01:23:21.533Z,0.02,0.066,3.3
2026-06-10T01:23:21.734Z,0.02,0.066,3.3
2026-06-10T01:23:21.935Z,0.02,0.066,3.3
2026-06-10T01:23:22.136Z,0.02,0.066,3.3
2026-06-10T01:23:22.337Z,0.02,0.066,3.3
2026-06-10T01:23:22.538Z,0.01,0.033,3.3
2026-06-10T01:23:22.739Z,0.01,0.033,3.3
2026-06-10T01:23:22.940Z,0.01,0.033,3.3
2026-06-10T01:23:23.142Z,0.01,0.033,3.3
2026-06-10T01:23:23.344Z,0.02,0.066,3.3
2026-06-10T01:23:23.545Z,0.02,0.066,3.3
2026-06-10T01:23:23.746Z,0.02,0.066,3.3
2026-06-10T01:23:23.949Z,0.01,0.033,3.3
2026-06-10T01:23:24.149Z,0.01,0.033,3.3
2026-06-10T01:23:24.350Z,0.01,0.033,3.3
2026-06-10T01:23:24.552Z,0.01,0.033,3.3
2026-06-10T01:23:24.752Z,0.01,0.033,3.3
2026-06-10T01:23:24.954Z,0.02,0.066,3.3
2026-06-10T01:23:25.155Z,0.03,0.099,3.3
2026-06-10T01:23:25.357Z,0.02,0.066,3.3
2026-06-10T01:23:25.559Z,0.02,0.066,3.3
2026-06-10T01:23:25.760Z,0.01,0.033,3.3
2026-06-10T01:23:25.962Z,0.01,0.033,3.3
2026-06-10T01:23:26.163Z,0.01,0.033,3.3
2026-06-10T01:23:26.365Z,0.02,0.066,3.3
2026-06-10T01:23:26.565Z,0.02,0.066,3.3
2026-06-10T01:23:26.767Z,0.02,0.066,3.3
2026-06-10T01:23:26.969Z,0.01,0.033,3.3
2026-06-10T01:23:27.171Z,0.01,0.033,3.3
2026-06-10T01:23:27.373Z,0.01,0.033,3.3
2026-06-10T01:23:27.575Z,0.01,0.033,3.3
2026-06-10T01:23:27.777Z,0.02,0.066,3.3
2026-06-10T01:23:27.978Z,0.02,0.066,3.3
2026-06-10T01:23:28.181Z,0.02,0.066,3.3
2026-06-10T01:23:28.384Z,0.01,0.033,3.3
2026-06-10T01:23:28.583Z,0.01,0.033,3.3
2026-06-10T01:23:28.785Z,0.01,0.033,3.3
2026-06-10T01:23:28.988Z,0.01,0.033,3.3
2026-06-10T01:23:29.189Z,0.01,0.033,3.3
2026-06-10T01:23:29.390Z,0.01,0.033,3.3
2026-06-10T01:23:29.592Z,0.01,0.033,3.3
2026-06-10T01:23:29.793Z,0.02,0.066,3.3
2026-06-10T01:23:29.996Z,0.02,0.066,3.3
2026-06-10T01:23:30.196Z,0.02,0.066,3.3
2026-06-10T01:23:30.401Z,0.02,0.066,3.3
2026-06-10T01:23:30.601Z,0.02,0.066,3.3
2026-06-10T01:23:30.802Z,0.02,0.066,3.3
2026-06-10T01:23:31.003Z,0.02,0.066,3.3
2026-06-10T01:23:31.205Z,0.01,0.033,3.3
2026-06-10T01:23:31.409Z,0.01,0.033,3.3
2026-06-10T01:23:31.611Z,0.01,0.033,3.3
2026-06-10T01:23:31.814Z,0.02,0.066,3.3
2026-06-10T01:23:32.014Z,0.02,0.066,3.3
2026-06-10T01:23:32.215Z,0.02,0.066,3.3
2026-06-10T01:23:32.417Z,0.02,0.066,3.3
2026-06-10T01:23:32.619Z,0.01,0.033,3.3
2026-06-10T01:23:32.820Z,0.02,0.066,3.3
2026-06-10T01:23:33.022Z,0.02,0.066,3.3
2026-06-10T01:23:33.224Z,0.02,0.066,3.3
2026-06-10T01:23:33.426Z,0.02,0.066,3.3
2026-06-10T01:23:33.626Z,0.02,0.066,3.3
2026-06-10T01:23:33.827Z,0.02,0.066,3.3
2026-06-10T01:23:34.029Z,0.02,0.066,3.3
2026-06-10T01:23:34.231Z,0.01,0.033,3.3
2026-06-10T01:23:34.433Z,0.01,0.033,3.3
2026-06-10T01:23:34.633Z,0.01,0.033,3.3
2026-06-10T01:23:34.835Z,0.02,0.066,3.3
2026-06-10T01:23:35.036Z,0.02,0.066,3.3
2026-06-10T01:23:35.238Z,0.02,0.066,3.3
2026-06-10T01:23:35.439Z,0.02,0.066,3.3
2026-06-10T01:23:35.640Z,0.02,0.066,3.3
2026-06-10T01:23:35.840Z,0.01,0.033,3.3
2026-06-10T01:23:36.042Z,0,0,3.3
2026-06-10T01:23:36.243Z,0,0,3.3
2026-06-10T01:23:36.445Z,0.01,0.033,3.3
2026-06-10T01:23:36.647Z,0.02,0.066,3.3
2026-06-10T01:23:36.847Z,0.01,0.033,3.3
2026-06-10T01:23:37.049Z,0,0,3.3
2026-06-10T01:23:37.250Z,0.01,0.033,3.3
2026-06-10T01:23:37.452Z,0.02,0.066,3.3
2026-06-10T01:23:37.653Z,0.02,0.066,3.3
2026-06-10T01:23:37.856Z,0.02,0.066,3.3
2026-06-10T01:23:38.057Z,0.02,0.066,3.3
2026-06-10T01:23:38.258Z,0.01,0.033,3.3
2026-06-10T01:23:38.460Z,0.01,0.033,3.3
2026-06-10T01:23:38.660Z,0.01,0.033,3.3
2026-06-10T01:23:38.861Z,0.02,0.066,3.3
2026-06-10T01:23:39.062Z,0.02,0.066,3.3
2026-06-10T01:23:39.264Z,11.41,37.653,3.3
2026-06-10T01:23:39.465Z,52.25,172.425,3.3
2026-06-10T01:23:39.665Z,65.25,215.325,3.3
2026-06-10T01:23:39.867Z,65.07,214.731,3.3
2026-06-10T01:23:40.067Z,69.9,230.67,3.3
2026-06-10T01:23:40.268Z,71.55,236.115,3.3
2026-06-10T01:23:40.469Z,64.8,213.84,3.3
2026-06-10T01:23:40.671Z,56.54,186.582,3.3
2026-06-10T01:23:40.872Z,52.96,174.768,3.3
2026-06-10T01:23:41.074Z,51.64,170.412,3.3
2026-06-10T01:23:41.276Z,55.96,184.668,3.3
2026-06-10T01:23:41.478Z,63.82,210.606,3.3
2026-06-10T01:23:41.680Z,68.54,226.182,3.3
2026-06-10T01:23:41.880Z,67.15,221.595,3.3
2026-06-10T01:23:42.081Z,62.41,205.953,3.3
2026-06-10T01:23:42.283Z,63.64,210.012,3.3
2026-06-10T01:23:42.483Z,64.11,211.563,3.3
2026-06-10T01:23:42.685Z,64.07,211.431,3.3
2026-06-10T01:23:42.887Z,61.07,201.531,3.3
2026-06-10T01:23:43.088Z,62.3,205.59,3.3
2026-06-10T01:23:43.290Z,85.61,282.513,3.3
2026-06-10T01:23:43.490Z,135.93,448.569,3.3
2026-06-10T01:23:43.692Z,116.77,385.341,3.3
2026-06-10T01:23:43.895Z,127.95,422.235,3.3
2026-06-10T01:23:44.096Z,124.73,411.609,3.3
2026-06-10T01:23:44.297Z,110.49,364.617,3.3
2026-06-10T01:23:44.499Z,103.71,342.243,3.3
2026-06-10T01:23:44.701Z,102.18,337.194,3.3
2026-06-10T01:23:44.903Z,102.75,339.075,3.3
2026-06-10T01:23:45.105Z,106.02,349.866,3.3
2026-06-10T01:23:45.305Z,120.22,396.726,3.3
2026-06-10T01:23:45.505Z,120.32,397.056,3.3
2026-06-10T01:23:45.706Z,104.25,344.025,3.3
2026-06-10T01:23:45.908Z,93.81,309.573,3.3
2026-06-10T01:23:46.110Z,93.66,309.078,3.3
2026-06-10T01:23:46.311Z,94.46,311.718,3.3
2026-06-10T01:23:46.513Z,95.19,314.127,3.3
2026-06-10T01:23:46.716Z,99.31,327.723,3.3
2026-06-10T01:23:46.918Z,93.08,307.164,3.3
2026-06-10T01:23:47.119Z,72.5,239.25,3.3
2026-06-10T01:23:47.321Z,53.82,177.606,3.3
2026-06-10T01:23:47.522Z,19.19,63.327,3.3
2026-06-10T01:23:47.722Z,1.59,5.247,3.3
2026-06-10T01:23:47.924Z,0.09,0.297,3.3
2026-06-10T01:23:48.128Z,0.03,0.099,3.3
2026-06-10T01:23:48.327Z,0.01,0.033,3.3
2026-06-10T01:23:48.530Z,0.01,0.033,3.3
2026-06-10T01:23:48.731Z,0.01,0.033,3.3
2026-06-10T01:23:48.932Z,0.01,0.033,3.3
2026-06-10T01:23:49.134Z,0.02,0.066,3.3
2026-06-10T01:23:49.334Z,0.01,0.033,3.3
2026-06-10T01:23:49.535Z,0.02,0.066,3.3
2026-06-10T01:23:49.738Z,0.01,0.033,3.3
2026-06-10T01:23:49.940Z,0.01,0.033,3.3
2026-06-10T01:23:50.142Z,0.01,0.033,3.3
2026-06-10T01:23:50.343Z,0.01,0.033,3.3
2026-06-10T01:23:50.545Z,0.02,0.066,3.3
2026-06-10T01:23:50.747Z,0.02,0.066,3.3
2026-06-10T01:23:50.948Z,0.02,0.066,3.3
2026-06-10T01:23:51.150Z,0.02,0.066,3.3
2026-06-10T01:23:51.352Z,0.01,0.033,3.3
2026-06-10T01:23:51.554Z,0.01,0.033,3.3
2026-06-10T01:23:51.755Z,0.01,0.033,3.3
2026-06-10T01:23:51.957Z,0.01,0.033,3.3
2026-06-10T01:23:52.159Z,0.01,0.033,3.3
2026-06-10T01:23:52.361Z,0.01,0.033,3.3
2026-06-10T01:23:52.562Z,0.01,0.033,3.3
2026-06-10T01:23:52.765Z,0.01,0.033,3.3
2026-06-10T01:23:52.967Z,0.01,0.033,3.3
2026-06-10T01:23:53.169Z,0.01,0.033,3.3
2026-06-10T01:23:53.371Z,0.01,0.033,3.3
2026-06-10T01:23:53.572Z,0.01,0.033,3.3
2026-06-10T01:23:53.774Z,0.01,0.033,3.3
2026-06-10T01:23:53.975Z,0.01,0.033,3.3
2026-06-10T01:23:54.176Z,0.02,0.066,3.3
2026-06-10T01:23:54.378Z,0.02,0.066,3.3
2026-06-10T01:23:54.580Z,0.02,0.066,3.3
2026-06-10T01:23:54.782Z,0.01,0.033,3.3
2026-06-10T01:23:54.984Z,0.01,0.033,3.3
2026-06-10T01:23:55.185Z,0,0,3.3
2026-06-10T01:23:55.387Z,0.01,0.033,3.3
2026-06-10T01:23:55.589Z,0.02,0.066,3.3
2026-06-10T01:23:55.791Z,0.02,0.066,3.3
2026-06-10T01:23:55.993Z,0.02,0.066,3.3
2026-06-10T01:23:56.194Z,0.02,0.066,3.3
2026-06-10T01:23:56.395Z,0.01,0.033,3.3
2026-06-10T01:23:56.595Z,0.02,0.066,3.3
2026-06-10T01:23:56.797Z,0.01,0.033,3.3
2026-06-10T01:23:56.997Z,0.01,0.033,3.3
2026-06-10T01:23:57.199Z,0.01,0.033,3.3
2026-06-10T01:23:57.402Z,0.01,0.033,3.3
2026-06-10T01:23:57.604Z,0.02,0.066,3.3
2026-06-10T01:23:57.806Z,0.01,0.033,3.3
2026-06-10T01:23:58.007Z,0.02,0.066,3.3
2026-06-10T01:23:58.208Z,0.02,0.066,3.3
2026-06-10T01:23:58.411Z,0.02,0.066,3.3
2026-06-10T01:23:58.612Z,0.02,0.066,3.3
2026-06-10T01:23:58.814Z,0.01,0.033,3.3
2026-06-10T01:23:59.016Z,0.01,0.033,3.3
2026-06-10T01:23:59.216Z,0,0,3.3
2026-06-10T01:23:59.419Z,0,0,3.3
2026-06-10T01:23:59.621Z,0.01,0.033,3.3
2026-06-10T01:23:59.822Z,0.01,0.033,3.3
2026-06-10T01:24:00.024Z,0.01,0.033,3.3
2026-06-10T01:24:00.226Z,0.01,0.033,3.3
2026-06-10T01:24:00.427Z,0.01,0.033,3.3
2026-06-10T01:24:00.630Z,0.01,0.033,3.3
2026-06-10T01:24:00.830Z,0.01,0.033,3.3
2026-06-10T01:24:01.033Z,0,0,3.3
2026-06-10T01:24:01.234Z,0.01,0.033,3.3
2026-06-10T01:24:01.435Z,0.01,0.033,3.3
2026-06-10T01:24:01.636Z,0,0,3.3
2026-06-10T01:24:01.838Z,0,0,3.3
2026-06-10T01:24:02.040Z,0,0,3.3
2026-06-10T01:24:02.242Z,0,0,3.3
2026-06-10T01:24:02.444Z,0,0,3.3
2026-06-10T01:24:02.646Z,0.01,0.033,3.3
2026-06-10T01:24:02.848Z,0.01,0.033,3.3
2026-06-10T01:24:03.050Z,0,0,3.3
2026-06-10T01:24:03.251Z,0,0,3.3
2026-06-10T01:24:03.452Z,0.01,0.033,3.3
2026-06-10T01:24:03.653Z,0.01,0.033,3.3
2026-06-10T01:24:03.855Z,0.01,0.033,3.3
2026-06-10T01:24:04.056Z,0.01,0.033,3.3
2026-06-10T01:24:04.256Z,0.01,0.033,3.3
2026-06-10T01:24:04.456Z,0.01,0.033,3.3
2026-06-10T01:24:04.658Z,0.01,0.033,3.3
2026-06-10T01:24:04.859Z,0.01,0.033,3.3
2026-06-10T01:24:05.060Z,0.01,0.033,3.3
2026-06-10T01:24:05.262Z,0,0,3.3
2026-06-10T01:24:05.464Z,0.01,0.033,3.3
2026-06-10T01:24:05.665Z,0.01,0.033,3.3
2026-06-10T01:24:05.866Z,0.01,0.033,3.3
2026-06-10T01:24:06.066Z,0.01,0.033,3.3
2026-06-10T01:24:06.268Z,0.01,0.033,3.3
2026-06-10T01:24:06.471Z,0.01,0.033,3.3
2026-06-10T01:24:06.673Z,0.01,0.033,3.3
2026-06-10T01:24:06.875Z,0.01,0.033,3.3
2026-06-10T01:24:07.078Z,0.01,0.033,3.3
2026-06-10T01:24:07.280Z,0.01,0.033,3.3
2026-06-10T01:24:07.481Z,0.01,0.033,3.3
2026-06-10T01:24:07.682Z,0.01,0.033,3.3
2026-06-10T01:24:07.883Z,0,0,3.3
2026-06-10T01:24:08.083Z,0,0,3.3
2026-06-10T01:24:08.285Z,0,0,3.3
2026-06-10T01:24:08.487Z,0.01,0.033,3.3
2026-06-10T01:24:08.687Z,0,0,3.3
2026-06-10T01:24:08.889Z,0,0,3.3
2026-06-10T01:24:09.091Z,0,0,3.3
2026-06-10T01:24:09.292Z,0.01,0.033,3.3
2026-06-10T01:24:09.494Z,0.01,0.033,3.3
2026-06-10T01:24:09.695Z,0.01,0.033,3.3
2026-06-10T01:24:09.898Z,0.01,0.033,3.3
2026-06-10T01:24:10.097Z,0.02,0.066,3.3
2026-06-10T01:24:10.298Z,0.02,0.066,3.3
2026-06-10T01:24:10.501Z,0.02,0.066,3.3
2026-06-10T01:24:10.702Z,0.02,0.066,3.3
2026-06-10T01:24:10.904Z,0.01,0.033,3.3
2026-06-10T01:24:11.106Z,0.02,0.066,3.3
2026-06-10T01:24:11.309Z,0.02,0.066,3.3
2026-06-10T01:24:11.509Z,0.02,0.066,3.3
2026-06-10T01:24:11.710Z,0.02,0.066,3.3
2026-06-10T01:24:11.914Z,0.02,0.066,3.3
2026-06-10T01:24:12.114Z,0.01,0.033,3.3
2026-06-10T01:24:12.316Z,0.01,0.033,3.3
2026-06-10T01:24:12.518Z,0.01,0.033,3.3
2026-06-10T01:24:12.719Z,0.02,0.066,3.3
2026-06-10T01:24:12.921Z,0.02,0.066,3.3
2026-06-10T01:24:13.123Z,0.02,0.066,3.3
2026-06-10T01:24:13.324Z,0.02,0.066,3.3
2026-06-10T01:24:13.525Z,0.01,0.033,3.3
2026-06-10T01:24:13.726Z,0.01,0.033,3.3
2026-06-10T01:24:13.927Z,0.01,0.033,3.3
2026-06-10T01:24:14.129Z,0.01,0.033,3.3
2026-06-10T01:24:14.329Z,0.02,0.066,3.3
2026-06-10T01:24:14.531Z,0.01,0.033,3.3
2026-06-10T01:24:14.733Z,0.01,0.033,3.3
2026-06-10T01:24:14.934Z,0.02,0.066,3.3
2026-06-10T01:24:15.136Z,0.01,0.033,3.3
2026-06-10T01:24:15.337Z,0.01,0.033,3.3
2026-06-10T01:24:15.538Z,0.01,0.033,3.3
2026-06-10T01:24:15.743Z,0.02,0.066,3.3
2026-06-10T01:24:15.944Z,0.02,0.066,3.3
2026-06-10T01:24:16.146Z,0.02,0.066,3.3
2026-06-10T01:24:16.348Z,0.02,0.066,3.3
2026-06-10T01:24:16.548Z,0.01,0.033,3.3
2026-06-10T01:24:16.751Z,0.01,0.033,3.3
2026-06-10T01:24:16.953Z,0.01,0.033,3.3
2026-06-10T01:24:17.154Z,0.02,0.066,3.3
2026-06-10T01:24:17.356Z,0.02,0.066,3.3
2026-06-10T01:24:17.558Z,0.02,0.066,3.3
2026-06-10T01:24:17.759Z,0.02,0.066,3.3
2026-06-10T01:24:17.959Z,0.01,0.033,3.3
2026-06-10T01:24:18.160Z,0.01,0.033,3.3
2026-06-10T01:24:18.361Z,0.01,0.033,3.3
2026-06-10T01:24:18.562Z,0.01,0.033,3.3
2026-06-10T01:24:18.764Z,0.02,0.066,3.3
2026-06-10T01:24:18.966Z,0.02,0.066,3.3
2026-06-10T01:24:19.168Z,0.02,0.066,3.3
2026-06-10T01:24:19.371Z,0.02,0.066,3.3
2026-06-10T01:24:19.572Z,0.02,0.066,3.3
2026-06-10T01:24:19.773Z,0.01,0.033,3.3
2026-06-10T01:24:19.974Z,0.01,0.033,3.3
2026-06-10T01:24:20.176Z,0.01,0.033,3.3
2026-06-10T01:24:20.378Z,0.01,0.033,3.3
2026-06-10T01:24:20.580Z,0.01,0.033,3.3
2026-06-10T01:24:20.781Z,0.02,0.066,3.3
2026-06-10T01:24:20.983Z,0.02,0.066,3.3
2026-06-10T01:24:21.183Z,0.02,0.066,3.3
2026-06-10T01:24:21.385Z,0.02,0.066,3.3
2026-06-10T01:24:21.587Z,0.02,0.066,3.3
2026-06-10T01:24:21.788Z,0.01,0.033,3.3
2026-06-10T01:24:21.989Z,0.01,0.033,3.3
2026-06-10T01:24:22.190Z,0.01,0.033,3.3
2026-06-10T01:24:22.391Z,0.02,0.066,3.3
2026-06-10T01:24:22.593Z,0.02,0.066,3.3
2026-06-10T01:24:22.796Z,0.02,0.066,3.3
2026-06-10T01:24:22.998Z,0.02,0.066,3.3
2026-06-10T01:24:23.200Z,0.01,0.033,3.3
2026-06-10T01:24:23.403Z,0.01,0.033,3.3
2026-06-10T01:24:23.604Z,0.01,0.033,3.3
2026-06-10T01:24:23.805Z,0.01,0.033,3.3
2026-06-10T01:24:24.007Z,0.01,0.033,3.3
2026-06-10T01:24:24.208Z,0.02,0.066,3.3
2026-06-10T01:24:24.411Z,0.02,0.066,3.3
2026-06-10T01:24:24.612Z,0.02,0.066,3.3
2026-06-10T01:24:24.814Z,0.02,0.066,3.3
2026-06-10T01:24:25.016Z,0.02,0.066,3.3
2026-06-10T01:24:25.218Z,0.01,0.033,3.3
2026-06-10T01:24:25.420Z,0.01,0.033,3.3
2026-06-10T01:24:25.621Z,0.01,0.033,3.3
2026-06-10T01:24:25.823Z,0.01,0.033,3.3
2026-06-10T01:24:26.025Z,0.01,0.033,3.3
2026-06-10T01:24:26.226Z,0.01,0.033,3.3
2026-06-10T01:24:26.427Z,0.02,0.066,3.3
2026-06-10T01:24:26.629Z,0.02,0.066,3.3
2026-06-10T01:24:26.832Z,0.02,0.066,3.3
2026-06-10T01:24:27.034Z,0.02,0.066,3.3
2026-06-10T01:24:27.236Z,0.01,0.033,3.3
2026-06-10T01:24:27.439Z,0.01,0.033,3.3
2026-06-10T01:24:27.639Z,0.01,0.033,3.3
2026-06-10T01:24:27.840Z,0.02,0.066,3.3
2026-06-10T01:24:28.042Z,0.02,0.066,3.3
2026-06-10T01:24:28.243Z,0.02,0.066,3.3
2026-06-10T01:24:28.446Z,0.02,0.066,3.3
2026-06-10T01:24:28.647Z,0.02,0.066,3.3
2026-06-10T01:24:28.848Z,0.01,0.033,3.3
2026-06-10T01:24:29.050Z,0.01,0.033,3.3
2026-06-10T01:24:29.251Z,0.02,0.066,3.3
2026-06-10T01:24:29.452Z,0.02,0.066,3.3
2026-06-10T01:24:29.653Z,0.03,0.099,3.3
2026-06-10T01:24:29.855Z,0.03,0.099,3.3
2026-06-10T01:24:30.056Z,0.03,0.099,3.3
2026-06-10T01:24:30.256Z,0.02,0.066,3.3
2026-06-10T01:24:30.456Z,0.03,0.099,3.3
2026-06-10T01:24:30.657Z,0.02,0.066,3.3
2026-06-10T01:24:30.858Z,0.01,0.033,3.3
2026-06-10T01:24:31.059Z,0.01,0.033,3.3
2026-06-10T01:24:31.261Z,0.01,0.033,3.3
2026-06-10T01:24:31.461Z,0.01,0.033,3.3
2026-06-10T01:24:31.663Z,0.01,0.033,3.3
2026-06-10T01:24:31.865Z,0.01,0.033,3.3
2026-06-10T01:24:32.066Z,0.01,0.033,3.3
2026-06-10T01:24:32.267Z,0.02,0.066,3.3
2026-06-10T01:24:32.467Z,0.02,0.066,3.3
2026-06-10T01:24:32.668Z,0.02,0.066,3.3
2026-06-10T01:24:32.869Z,0.02,0.066,3.3
2026-06-10T01:24:33.071Z,0.02,0.066,3.3
2026-06-10T01:24:33.273Z,0.01,0.033,3.3
2026-06-10T01:24:33.476Z,0.01,0.033,3.3
2026-06-10T01:24:33.676Z,0.01,0.033,3.3
2026-06-10T01:24:33.877Z,0.02,0.066,3.3
2026-06-10T01:24:34.080Z,0.02,0.066,3.3
2026-06-10T01:24:34.279Z,0.02,0.066,3.3
2026-06-10T01:24:34.482Z,0.02,0.066,3.3
2026-06-10T01:24:34.683Z,0.01,0.033,3.3
2026-06-10T01:24:34.885Z,0.01,0.033,3.3
2026-06-10T01:24:35.087Z,0.01,0.033,3.3
2026-06-10T01:24:35.287Z,0.01,0.033,3.3
2026-06-10T01:24:35.488Z,0.02,0.066,3.3
2026-06-10T01:24:35.690Z,0.02,0.066,3.3
2026-06-10T01:24:35.891Z,0.02,0.066,3.3
2026-06-10T01:24:36.092Z,0.02,0.066,3.3
2026-06-10T01:24:36.292Z,0.02,0.066,3.3
2026-06-10T01:24:36.493Z,0.01,0.033,3.3
2026-06-10T01:24:36.695Z,0.01,0.033,3.3
2026-06-10T01:24:36.895Z,0.01,0.033,3.3
2026-06-10T01:24:37.098Z,0,0,3.3
2026-06-10T01:24:37.298Z,0,0,3.3
2026-06-10T01:24:37.500Z,0.01,0.033,3.3
2026-06-10T01:24:37.702Z,0.01,0.033,3.3
2026-06-10T01:24:37.902Z,0.01,0.033,3.3
2026-06-10T01:24:38.104Z,0.01,0.033,3.3
2026-06-10T01:24:38.305Z,0,0,3.3
2026-06-10T01:24:38.507Z,0,0,3.3
2026-06-10T01:24:38.709Z,0.01,0.033,3.3
2026-06-10T01:24:38.910Z,0.01,0.033,3.3
2026-06-10T01:24:39.110Z,0.01,0.033,3.3
2026-06-10T01:24:39.312Z,0.01,0.033,3.3
2026-06-10T01:24:39.514Z,0,0,3.3
2026-06-10T01:24:39.716Z,0.01,0.033,3.3
2026-06-10T01:24:39.916Z,32.67,107.811,3.3
2026-06-10T01:24:40.118Z,63,207.9,3.3
2026-06-10T01:24:40.319Z,65.5,216.15,3.3
2026-06-10T01:24:40.520Z,65.36,215.688,3.3
2026-06-10T01:24:40.722Z,72.46,239.118,3.3
2026-06-10T01:24:40.923Z,70.74,233.442,3.3
2026-06-10T01:24:41.125Z,59.11,195.063,3.3
2026-06-10T01:24:41.326Z,55.88,184.404,3.3
2026-06-10T01:24:41.529Z,51.69,170.577,3.3
2026-06-10T01:24:41.729Z,52.65,173.745,3.3
2026-06-10T01:24:41.931Z,59.9,197.67,3.3
2026-06-10T01:24:42.133Z,68.22,225.126,3.3
2026-06-10T01:24:42.334Z,67.77,223.641,3.3
2026-06-10T01:24:42.535Z,62.48,206.184,3.3
2026-06-10T01:24:42.737Z,63.14,208.362,3.3
2026-06-10T01:24:42.939Z,64.7,213.51,3.3
2026-06-10T01:24:43.140Z,64.4,212.52,3.3
2026-06-10T01:24:43.344Z,62.23,205.359,3.3
2026-06-10T01:24:43.547Z,62.48,206.184,3.3
2026-06-10T01:24:43.749Z,85.47,282.051,3.3
2026-06-10T01:24:43.950Z,134.98,445.434,3.3
2026-06-10T01:24:44.151Z,122.34,403.722,3.3
2026-06-10T01:24:44.353Z,125.48,414.084,3.3
2026-06-10T01:24:44.553Z,132.93,438.669,3.3
2026-06-10T01:24:44.754Z,114.91,379.203,3.3
2026-06-10T01:24:44.956Z,101.5,334.95,3.3
2026-06-10T01:24:45.158Z,99.82,329.406,3.3
2026-06-10T01:24:45.359Z,99.66,328.878,3.3
2026-06-10T01:24:45.560Z,103.69,342.177,3.3
2026-06-10T01:24:45.762Z,117.06,386.298,3.3
2026-06-10T01:24:45.966Z,122.37,403.821,3.3
2026-06-10T01:24:46.167Z,105.51,348.183,3.3
2026-06-10T01:24:46.367Z,91.32,301.356,3.3
2026-06-10T01:24:46.569Z,90.54,298.782,3.3
2026-06-10T01:24:46.770Z,91.96,303.468,3.3
2026-06-10T01:24:46.971Z,95.85,316.305,3.3
2026-06-10T01:24:47.172Z,98.39,324.687,3.3
2026-06-10T01:24:47.374Z,96.14,317.262,3.3
2026-06-10T01:24:47.576Z,76.96,253.968,3.3
2026-06-10T01:24:47.778Z,54.95,181.335,3.3
2026-06-10T01:24:47.978Z,22.3,73.59,3.3
2026-06-10T01:24:48.181Z,1.76,5.808,3.3
2026-06-10T01:24:48.386Z,0.12,0.396,3.3
2026-06-10T01:24:48.581Z,0.04,0.132,3.3
2026-06-10T01:24:48.784Z,0.02,0.066,3.3
2026-06-10T01:24:48.986Z,0.02,0.066,3.3
2026-06-10T01:24:49.188Z,0.01,0.033,3.3
2026-06-10T01:24:49.389Z,0.01,0.033,3.3
2026-06-10T01:24:49.591Z,0.02,0.066,3.3
2026-06-10T01:24:49.791Z,0.02,0.066,3.3
2026-06-10T01:24:49.992Z,0.02,0.066,3.3
2026-06-10T01:24:50.193Z,0.02,0.066,3.3
2026-06-10T01:24:50.394Z,0.02,0.066,3.3
2026-06-10T01:24:50.596Z,0.01,0.033,3.3
2026-06-10T01:24:50.797Z,0.01,0.033,3.3
2026-06-10T01:24:50.999Z,0.01,0.033,3.3
2026-06-10T01:24:51.199Z,0.01,0.033,3.3
2026-06-10T01:24:51.402Z,0.01,0.033,3.3
2026-06-10T01:24:51.604Z,0.01,0.033,3.3
2026-06-10T01:24:51.804Z,0.01,0.033,3.3
2026-06-10T01:24:52.005Z,0.01,0.033,3.3
2026-06-10T01:24:52.207Z,0.01,0.033,3.3
2026-06-10T01:24:52.414Z,0.01,0.033,3.3
2026-06-10T01:24:52.614Z,0.01,0.033,3.3
2026-06-10T01:24:52.815Z,0.01,0.033,3.3
2026-06-10T01:24:53.016Z,0.01,0.033,3.3
2026-06-10T01:24:53.217Z,0.01,0.033,3.3
2026-06-10T01:24:53.418Z,0.01,0.033,3.3
2026-06-10T01:24:53.619Z,0.01,0.033,3.3
2026-06-10T01:24:53.820Z,0.01,0.033,3.3
2026-06-10T01:24:54.021Z,0,0,3.3
2026-06-10T01:24:54.222Z,0,0,3.3
2026-06-10T01:24:54.425Z,0.01,0.033,3.3
2026-06-10T01:24:54.627Z,0,0,3.3
2026-06-10T01:24:54.829Z,0,0,3.3
2026-06-10T01:24:55.031Z,0,0,3.3
2026-06-10T01:24:55.233Z,0.01,0.033,3.3
2026-06-10T01:24:55.434Z,0.01,0.033,3.3
2026-06-10T01:24:55.635Z,0.01,0.033,3.3
2026-06-10T01:24:55.835Z,0.01,0.033,3.3
2026-06-10T01:24:56.038Z,0.01,0.033,3.3
2026-06-10T01:24:56.240Z,0.01,0.033,3.3
2026-06-10T01:24:56.441Z,0,0,3.3
2026-06-10T01:24:56.644Z,0.01,0.033,3.3
2026-06-10T01:24:56.846Z,0.01,0.033,3.3
2026-06-10T01:24:57.047Z,0.01,0.033,3.3
2026-06-10T01:24:57.248Z,0.01,0.033,3.3
2026-06-10T01:24:57.450Z,0.02,0.066,3.3
2026-06-10T01:24:57.651Z,0.01,0.033,3.3
2026-06-10T01:24:57.852Z,0.02,0.066,3.3
2026-06-10T01:24:58.055Z,0.02,0.066,3.3
2026-06-10T01:24:58.256Z,0.03,0.099,3.3
2026-06-10T01:24:58.458Z,0.03,0.099,3.3
2026-06-10T01:24:58.659Z,0.02,0.066,3.3
2026-06-10T01:24:58.861Z,0.01,0.033,3.3
2026-06-10T01:24:59.062Z,0.01,0.033,3.3
2026-06-10T01:24:59.263Z,0.01,0.033,3.3
2026-06-10T01:24:59.465Z,0.01,0.033,3.3
2026-06-10T01:24:59.666Z,0,0,3.3
2026-06-10T01:24:59.867Z,0,0,3.3
2026-06-10T01:25:00.069Z,0,0,3.3
2026-06-10T01:25:00.270Z,0,0,3.3
2026-06-10T01:25:00.472Z,0,0,3.3
2026-06-10T01:25:00.675Z,0,0,3.3
2026-06-10T01:25:00.876Z,0,0,3.3
2026-06-10T01:25:01.077Z,0,0,3.3
2026-06-10T01:25:01.278Z,0,0,3.3
2026-06-10T01:25:01.479Z,0,0,3.3
2026-06-10T01:25:01.680Z,0,0,3.3
2026-06-10T01:25:01.881Z,0,0,3.3
2026-06-10T01:25:02.082Z,0,0,3.3
2026-06-10T01:25:02.283Z,0.01,0.033,3.3
2026-06-10T01:25:02.485Z,0.01,0.033,3.3
2026-06-10T01:25:02.687Z,0,0,3.3
2026-06-10T01:25:02.889Z,0,0,3.3
2026-06-10T01:25:03.089Z,0.01,0.033,3.3
2026-06-10T01:25:03.291Z,0,0,3.3
2026-06-10T01:25:03.492Z,0.01,0.033,3.3
2026-06-10T01:25:03.693Z,0.01,0.033,3.3
2026-06-10T01:25:03.894Z,0.01,0.033,3.3
2026-06-10T01:25:04.096Z,0.01,0.033,3.3
2026-06-10T01:25:04.298Z,0.02,0.066,3.3
2026-06-10T01:25:04.500Z,0.02,0.066,3.3
2026-06-10T01:25:04.700Z,0.02,0.066,3.3
2026-06-10T01:25:04.902Z,0.01,0.033,3.3
2026-06-10T01:25:05.103Z,0.01,0.033,3.3
2026-06-10T01:25:05.305Z,0.01,0.033,3.3
2026-06-10T01:25:05.507Z,0.01,0.033,3.3
2026-06-10T01:25:05.709Z,0.01,0.033,3.3
2026-06-10T01:25:05.910Z,0.02,0.066,3.3
2026-06-10T01:25:06.111Z,0.02,0.066,3.3
2026-06-10T01:25:06.312Z,0.03,0.099,3.3
2026-06-10T01:25:06.513Z,0.02,0.066,3.3
2026-06-10T01:25:06.715Z,0.01,0.033,3.3
2026-06-10T01:25:06.917Z,0.01,0.033,3.3
2026-06-10T01:25:07.118Z,0.02,0.066,3.3
2026-06-10T01:25:07.320Z,0.01,0.033,3.3
2026-06-10T01:25:07.523Z,0.02,0.066,3.3
2026-06-10T01:25:07.723Z,0.02,0.066,3.3
2026-06-10T01:25:07.924Z,0.02,0.066,3.3
2026-06-10T01:25:08.125Z,0.01,0.033,3.3
2026-06-10T01:25:08.326Z,0.02,0.066,3.3
2026-06-10T01:25:08.528Z,0.02,0.066,3.3
2026-06-10T01:25:08.730Z,0.01,0.033,3.3
2026-06-10T01:25:08.931Z,0.02,0.066,3.3
2026-06-10T01:25:09.130Z,0.01,0.033,3.3
2026-06-10T01:25:09.331Z,0.02,0.066,3.3
2026-06-10T01:25:09.533Z,0.02,0.066,3.3
2026-06-10T01:25:09.735Z,0.02,0.066,3.3
2026-06-10T01:25:09.936Z,0.02,0.066,3.3
2026-06-10T01:25:10.137Z,0.01,0.033,3.3
2026-06-10T01:25:10.337Z,0.01,0.033,3.3
2026-06-10T01:25:10.537Z,0.01,0.033,3.3
2026-06-10T01:25:10.740Z,0.01,0.033,3.3
2026-06-10T01:25:10.942Z,0.02,0.066,3.3
2026-06-10T01:25:11.144Z,0.03,0.099,3.3
2026-06-10T01:25:11.346Z,0.03,0.099,3.3
2026-06-10T01:25:11.547Z,0.03,0.099,3.3
2026-06-10T01:25:11.749Z,0.02,0.066,3.3
2026-06-10T01:25:11.950Z,0.02,0.066,3.3
2026-06-10T01:25:12.151Z,0.01,0.033,3.3
2026-06-10T01:25:12.352Z,0.01,0.033,3.3
2026-06-10T01:25:12.552Z,0.01,0.033,3.3
2026-06-10T01:25:12.753Z,0.02,0.066,3.3
2026-06-10T01:25:12.957Z,0.03,0.099,3.3
2026-06-10T01:25:13.158Z,0.02,0.066,3.3
2026-06-10T01:25:13.359Z,0.02,0.066,3.3
2026-06-10T01:25:13.560Z,0.02,0.066,3.3
2026-06-10T01:25:13.762Z,0.02,0.066,3.3
2026-06-10T01:25:13.962Z,0.01,0.033,3.3
2026-06-10T01:25:14.165Z,0.01,0.033,3.3
2026-06-10T01:25:14.366Z,0.01,0.033,3.3
2026-06-10T01:25:14.568Z,0.01,0.033,3.3
2026-06-10T01:25:14.770Z,0.01,0.033,3.3
2026-06-10T01:25:14.970Z,0.01,0.033,3.3
2026-06-10T01:25:15.171Z,0.01,0.033,3.3
2026-06-10T01:25:15.377Z,0.02,0.066,3.3
2026-06-10T01:25:15.579Z,0.02,0.066,3.3
2026-06-10T01:25:15.781Z,0.02,0.066,3.3
2026-06-10T01:25:15.982Z,0.01,0.033,3.3
2026-06-10T01:25:16.182Z,0.01,0.033,3.3
2026-06-10T01:25:16.387Z,0.01,0.033,3.3
2026-06-10T01:25:16.587Z,0.01,0.033,3.3
2026-06-10T01:25:16.788Z,0.02,0.066,3.3
2026-06-10T01:25:16.989Z,0.02,0.066,3.3
2026-06-10T01:25:17.190Z,0.01,0.033,3.3
2026-06-10T01:25:17.390Z,0.01,0.033,3.3
2026-06-10T01:25:17.593Z,0.02,0.066,3.3
2026-06-10T01:25:17.795Z,0.02,0.066,3.3
2026-06-10T01:25:17.996Z,0.02,0.066,3.3
2026-06-10T01:25:18.199Z,0.02,0.066,3.3
2026-06-10T01:25:18.405Z,0.02,0.066,3.3
2026-06-10T01:25:18.606Z,0.01,0.033,3.3
2026-06-10T01:25:18.807Z,0.01,0.033,3.3
2026-06-10T01:25:19.008Z,0.01,0.033,3.3
2026-06-10T01:25:19.209Z,0.02,0.066,3.3
2026-06-10T01:25:19.411Z,0.02,0.066,3.3
2026-06-10T01:25:19.613Z,0.02,0.066,3.3
2026-06-10T01:25:19.815Z,0.02,0.066,3.3
2026-06-10T01:25:20.017Z,0.01,0.033,3.3
2026-06-10T01:25:20.218Z,0.01,0.033,3.3
2026-06-10T01:25:20.419Z,0.01,0.033,3.3
2026-06-10T01:25:20.621Z,0.02,0.066,3.3
2026-06-10T01:25:20.823Z,0.02,0.066,3.3
2026-06-10T01:25:21.025Z,0.02,0.066,3.3
2026-06-10T01:25:21.226Z,0.02,0.066,3.3
2026-06-10T01:25:21.427Z,0.01,0.033,3.3
2026-06-10T01:25:21.629Z,0.01,0.033,3.3
2026-06-10T01:25:21.832Z,0.01,0.033,3.3
2026-06-10T01:25:22.033Z,0.02,0.066,3.3
2026-06-10T01:25:22.234Z,0.02,0.066,3.3
2026-06-10T01:25:22.436Z,0.02,0.066,3.3
2026-06-10T01:25:22.637Z,0.02,0.066,3.3
2026-06-10T01:25:22.838Z,0.01,0.033,3.3
2026-06-10T01:25:23.041Z,0.01,0.033,3.3
2026-06-10T01:25:23.243Z,0.01,0.033,3.3
2026-06-10T01:25:23.445Z,0.02,0.066,3.3
2026-06-10T01:25:23.647Z,0.02,0.066,3.3
2026-06-10T01:25:23.849Z,0.01,0.033,3.3
2026-06-10T01:25:24.052Z,0.01,0.033,3.3
2026-06-10T01:25:24.252Z,0.01,0.033,3.3
2026-06-10T01:25:24.455Z,0.01,0.033,3.3
2026-06-10T01:25:24.655Z,0.02,0.066,3.3
2026-06-10T01:25:24.857Z,0.01,0.033,3.3
2026-06-10T01:25:25.058Z,0.02,0.066,3.3
2026-06-10T01:25:25.259Z,0.02,0.066,3.3
2026-06-10T01:25:25.460Z,0.01,0.033,3.3
2026-06-10T01:25:25.661Z,0.01,0.033,3.3
2026-06-10T01:25:25.863Z,0.01,0.033,3.3
2026-06-10T01:25:26.064Z,0.02,0.066,3.3
2026-06-10T01:25:26.266Z,0.02,0.066,3.3
2026-06-10T01:25:26.468Z,0.02,0.066,3.3
2026-06-10T01:25:26.669Z,0.02,0.066,3.3
2026-06-10T01:25:26.871Z,0.02,0.066,3.3
2026-06-10T01:25:27.073Z,0.02,0.066,3.3
2026-06-10T01:25:27.274Z,0.01,0.033,3.3
2026-06-10T01:25:27.475Z,0.01,0.033,3.3
2026-06-10T01:25:27.677Z,0.01,0.033,3.3
2026-06-10T01:25:27.879Z,0.02,0.066,3.3
2026-06-10T01:25:28.081Z,0.02,0.066,3.3
2026-06-10T01:25:28.283Z,0.01,0.033,3.3
2026-06-10T01:25:28.484Z,0.01,0.033,3.3
2026-06-10T01:25:28.686Z,0.01,0.033,3.3
2026-06-10T01:25:28.889Z,0.01,0.033,3.3
2026-06-10T01:25:29.089Z,0.02,0.066,3.3
2026-06-10T01:25:29.291Z,0.02,0.066,3.3
2026-06-10T01:25:29.493Z,0.02,0.066,3.3
2026-06-10T01:25:29.695Z,0.01,0.033,3.3
2026-06-10T01:25:29.896Z,0.02,0.066,3.3
2026-06-10T01:25:30.097Z,0.02,0.066,3.3
2026-06-10T01:25:30.299Z,0.02,0.066,3.3
2026-06-10T01:25:30.501Z,0.01,0.033,3.3
2026-06-10T01:25:30.703Z,0.01,0.033,3.3
2026-06-10T01:25:30.905Z,0.02,0.066,3.3
2026-06-10T01:25:31.105Z,0.02,0.066,3.3
2026-06-10T01:25:31.307Z,0.02,0.066,3.3
2026-06-10T01:25:31.509Z,0.01,0.033,3.3
2026-06-10T01:25:31.710Z,0.01,0.033,3.3
2026-06-10T01:25:31.911Z,0.01,0.033,3.3
2026-06-10T01:25:32.111Z,0.02,0.066,3.3
2026-06-10T01:25:32.313Z,0.02,0.066,3.3
2026-06-10T01:25:32.515Z,0.02,0.066,3.3
2026-06-10T01:25:32.717Z,0.02,0.066,3.3
2026-06-10T01:25:32.919Z,0.02,0.066,3.3
2026-06-10T01:25:33.121Z,0.01,0.033,3.3
2026-06-10T01:25:33.322Z,0.01,0.033,3.3
2026-06-10T01:25:33.523Z,0.01,0.033,3.3
2026-06-10T01:25:33.724Z,0.01,0.033,3.3
2026-06-10T01:25:33.926Z,0.01,0.033,3.3
2026-06-10T01:25:34.127Z,0,0,3.3
2026-06-10T01:25:34.329Z,0.01,0.033,3.3
2026-06-10T01:25:34.531Z,0,0,3.3
2026-06-10T01:25:34.731Z,0.01,0.033,3.3
2026-06-10T01:25:34.933Z,0.01,0.033,3.3
2026-06-10T01:25:35.134Z,0.01,0.033,3.3
2026-06-10T01:25:35.336Z,0.01,0.033,3.3
2026-06-10T01:25:35.536Z,0.01,0.033,3.3
2026-06-10T01:25:35.738Z,0.01,0.033,3.3
2026-06-10T01:25:35.940Z,0.01,0.033,3.3
2026-06-10T01:25:36.142Z,0.01,0.033,3.3
2026-06-10T01:25:36.342Z,0.01,0.033,3.3
2026-06-10T01:25:36.543Z,0.01,0.033,3.3
2026-06-10T01:25:36.745Z,0.01,0.033,3.3
2026-06-10T01:25:36.946Z,0.01,0.033,3.3
2026-06-10T01:25:37.147Z,0.01,0.033,3.3
2026-06-10T01:25:37.348Z,0.01,0.033,3.3
2026-06-10T01:25:37.549Z,0.01,0.033,3.3
2026-06-10T01:25:37.752Z,0.02,0.066,3.3
2026-06-10T01:25:37.954Z,0.01,0.033,3.3
2026-06-10T01:25:38.156Z,0.01,0.033,3.3
2026-06-10T01:25:38.357Z,0,0,3.3
2026-06-10T01:25:38.558Z,0.02,0.066,3.3
2026-06-10T01:25:38.760Z,0.02,0.066,3.3
2026-06-10T01:25:38.961Z,0.02,0.066,3.3
2026-06-10T01:25:39.164Z,0.02,0.066,3.3
2026-06-10T01:25:39.365Z,4.57,15.081,3.3
2026-06-10T01:25:39.565Z,45.56,150.348,3.3
2026-06-10T01:25:39.766Z,64.61,213.213,3.3
2026-06-10T01:25:39.969Z,65.21,215.193,3.3
2026-06-10T01:25:40.170Z,67.42,222.486,3.3
2026-06-10T01:25:40.374Z,72.24,238.392,3.3
2026-06-10T01:25:40.573Z,67.82,223.806,3.3
2026-06-10T01:25:40.774Z,56.57,186.681,3.3
2026-06-10T01:25:40.974Z,54.03,178.299,3.3
2026-06-10T01:25:41.176Z,51.7,170.61,3.3
2026-06-10T01:25:41.379Z,54.77,180.741,3.3
2026-06-10T01:25:41.581Z,62.55,206.415,3.3
2026-06-10T01:25:41.783Z,68.23,225.159,3.3
2026-06-10T01:25:41.984Z,67.31,222.123,3.3
2026-06-10T01:25:42.184Z,62.38,205.854,3.3
2026-06-10T01:25:42.385Z,63.65,210.045,3.3
2026-06-10T01:25:42.588Z,64.5,212.85,3.3
2026-06-10T01:25:42.788Z,64.63,213.279,3.3
2026-06-10T01:25:42.990Z,61.32,202.356,3.3
2026-06-10T01:25:43.191Z,61.93,204.369,3.3
2026-06-10T01:25:43.393Z,69.98,230.934,3.3
2026-06-10T01:25:43.594Z,132.39,436.887,3.3
2026-06-10T01:25:43.795Z,127.35,420.255,3.3
2026-06-10T01:25:43.998Z,141.49,466.917,3.3
2026-06-10T01:25:44.199Z,121.74,401.742,3.3
2026-06-10T01:25:44.404Z,109.74,362.142,3.3
2026-06-10T01:25:44.605Z,101.71,335.643,3.3
2026-06-10T01:25:44.806Z,102.23,337.359,3.3
2026-06-10T01:25:45.007Z,103.5,341.55,3.3
2026-06-10T01:25:45.208Z,109.71,362.043,3.3
2026-06-10T01:25:45.410Z,122.27,403.491,3.3
2026-06-10T01:25:45.611Z,110.34,364.122,3.3
2026-06-10T01:25:45.811Z,93.76,309.408,3.3
2026-06-10T01:25:46.013Z,92.98,306.834,3.3
2026-06-10T01:25:46.214Z,93.07,307.131,3.3
2026-06-10T01:25:46.416Z,95.67,315.711,3.3
2026-06-10T01:25:46.619Z,96.24,317.592,3.3
2026-06-10T01:25:46.819Z,98,323.4,3.3
2026-06-10T01:25:47.021Z,82.51,272.283,3.3
2026-06-10T01:25:47.222Z,55.51,183.183,3.3
2026-06-10T01:25:47.426Z,34.22,112.926,3.3
2026-06-10T01:25:47.628Z,2.37,7.821,3.3
2026-06-10T01:25:47.830Z,0.53,1.749,3.3
2026-06-10T01:25:48.032Z,0.04,0.132,3.3
2026-06-10T01:25:48.234Z,0.03,0.099,3.3
2026-06-10T01:25:48.437Z,0.03,0.099,3.3
2026-06-10T01:25:48.638Z,0.02,0.066,3.3
2026-06-10T01:25:48.839Z,0.02,0.066,3.3
2026-06-10T01:25:49.040Z,0.01,0.033,3.3
2026-06-10T01:25:49.242Z,0.01,0.033,3.3
2026-06-10T01:25:49.443Z,0.02,0.066,3.3
2026-06-10T01:25:49.645Z,0.02,0.066,3.3
2026-06-10T01:25:49.847Z,0.02,0.066,3.3
2026-06-10T01:25:50.049Z,0.01,0.033,3.3
2026-06-10T01:25:50.251Z,0.01,0.033,3.3
2026-06-10T01:25:50.453Z,0.01,0.033,3.3
2026-06-10T01:25:50.655Z,0.02,0.066,3.3
2026-06-10T01:25:50.855Z,0.02,0.066,3.3
2026-06-10T01:25:51.057Z,0.02,0.066,3.3
2026-06-10T01:25:51.259Z,0.02,0.066,3.3
2026-06-10T01:25:51.459Z,0.01,0.033,3.3
2026-06-10T01:25:51.662Z,0.01,0.033,3.3
2026-06-10T01:25:51.864Z,0.01,0.033,3.3
2026-06-10T01:25:52.064Z,0.02,0.066,3.3
2026-06-10T01:25:52.265Z,0.02,0.066,3.3
2026-06-10T01:25:52.466Z,0.01,0.033,3.3
2026-06-10T01:25:52.668Z,0.02,0.066,3.3
2026-06-10T01:25:52.869Z,0.02,0.066,3.3
2026-06-10T01:25:53.070Z,0.02,0.066,3.3
2026-06-10T01:25:53.273Z,0.02,0.066,3.3
2026-06-10T01:25:53.477Z,0.01,0.033,3.3
2026-06-10T01:25:53.674Z,0.02,0.066,3.3
2026-06-10T01:25:53.875Z,0.02,0.066,3.3
2026-06-10T01:25:54.076Z,0.02,0.066,3.3
2026-06-10T01:25:54.277Z,0.02,0.066,3.3
2026-06-10T01:25:54.479Z,0.02,0.066,3.3
2026-06-10T01:25:54.681Z,0.01,0.033,3.3
2026-06-10T01:25:54.883Z,0.01,0.033,3.3
2026-06-10T01:25:55.085Z,0.01,0.033,3.3
2026-06-10T01:25:55.287Z,0.01,0.033,3.3
2026-06-10T01:25:55.488Z,0.02,0.066,3.3
2026-06-10T01:25:55.690Z,0.02,0.066,3.3
2026-06-10T01:25:55.893Z,0.02,0.066,3.3
2026-06-10T01:25:56.094Z,0.02,0.066,3.3
2026-06-10T01:25:56.295Z,0.02,0.066,3.3
2026-06-10T01:25:56.496Z,0.01,0.033,3.3
2026-06-10T01:25:56.697Z,0.01,0.033,3.3
2026-06-10T01:25:56.899Z,0.01,0.033,3.3
2026-06-10T01:25:57.099Z,0.02,0.066,3.3
2026-06-10T01:25:57.302Z,0.02,0.066,3.3
2026-06-10T01:25:57.503Z,0.02,0.066,3.3
2026-06-10T01:25:57.704Z,0.01,0.033,3.3
2026-06-10T01:25:57.905Z,0.01,0.033,3.3
2026-06-10T01:25:58.106Z,0.01,0.033,3.3
2026-06-10T01:25:58.307Z,0.01,0.033,3.3
2026-06-10T01:25:58.508Z,0.01,0.033,3.3
2026-06-10T01:25:58.710Z,0.02,0.066,3.3
2026-06-10T01:25:58.912Z,0.02,0.066,3.3
2026-06-10T01:25:59.114Z,0.01,0.033,3.3
2026-06-10T01:25:59.316Z,0.01,0.033,3.3
2026-06-10T01:25:59.517Z,0.02,0.066,3.3
2026-06-10T01:25:59.718Z,0.01,0.033,3.3
2026-06-10T01:25:59.920Z,0.02,0.066,3.3
2026-06-10T01:26:00.123Z,0.02,0.066,3.3
2026-06-10T01:26:00.324Z,0.02,0.066,3.3
2026-06-10T01:26:00.526Z,0.02,0.066,3.3
2026-06-10T01:26:00.728Z,0.02,0.066,3.3
2026-06-10T01:26:00.931Z,0.02,0.066,3.3
2026-06-10T01:26:01.132Z,0.01,0.033,3.3
2026-06-10T01:26:01.334Z,0.02,0.066,3.3
2026-06-10T01:26:01.535Z,0.02,0.066,3.3
2026-06-10T01:26:01.736Z,0.02,0.066,3.3
2026-06-10T01:26:01.938Z,0.01,0.033,3.3
2026-06-10T01:26:02.139Z,0.01,0.033,3.3
2026-06-10T01:26:02.340Z,0.01,0.033,3.3
2026-06-10T01:26:02.543Z,0.02,0.066,3.3
2026-06-10T01:26:02.744Z,0.02,0.066,3.3
2026-06-10T01:26:02.946Z,0.02,0.066,3.3
2026-06-10T01:26:03.146Z,0.02,0.066,3.3
2026-06-10T01:26:03.349Z,0.01,0.033,3.3
2026-06-10T01:26:03.550Z,0.02,0.066,3.3
2026-06-10T01:26:03.751Z,0.02,0.066,3.3
2026-06-10T01:26:03.953Z,0.02,0.066,3.3
2026-06-10T01:26:04.157Z,0.02,0.066,3.3
2026-06-10T01:26:04.358Z,0.02,0.066,3.3
2026-06-10T01:26:04.559Z,0.02,0.066,3.3
2026-06-10T01:26:04.761Z,0.02,0.066,3.3
2026-06-10T01:26:04.961Z,0.02,0.066,3.3
2026-06-10T01:26:05.164Z,0.02,0.066,3.3
2026-06-10T01:26:05.365Z,0.02,0.066,3.3
2026-06-10T01:26:05.566Z,0.02,0.066,3.3
2026-06-10T01:26:05.768Z,0.02,0.066,3.3
2026-06-10T01:26:05.969Z,0.02,0.066,3.3
2026-06-10T01:26:06.169Z,0.02,0.066,3.3
2026-06-10T01:26:06.372Z,0.01,0.033,3.3
2026-06-10T01:26:06.573Z,0.02,0.066,3.3
2026-06-10T01:26:06.773Z,0.01,0.033,3.3
2026-06-10T01:26:06.975Z,0.02,0.066,3.3
2026-06-10T01:26:07.178Z,0.02,0.066,3.3
2026-06-10T01:26:07.380Z,0.03,0.099,3.3
2026-06-10T01:26:07.581Z,0.02,0.066,3.3
2026-06-10T01:26:07.781Z,0.01,0.033,3.3
2026-06-10T01:26:07.984Z,0.01,0.033,3.3
2026-06-10T01:26:08.185Z,0.01,0.033,3.3
2026-06-10T01:26:08.387Z,0.01,0.033,3.3
2026-06-10T01:26:08.588Z,0.01,0.033,3.3
2026-06-10T01:26:08.790Z,0.01,0.033,3.3
2026-06-10T01:26:08.992Z,0.01,0.033,3.3
2026-06-10T01:26:09.194Z,0.01,0.033,3.3
2026-06-10T01:26:09.396Z,0,0,3.3
2026-06-10T01:26:09.596Z,0.01,0.033,3.3
2026-06-10T01:26:09.799Z,0.01,0.033,3.3
2026-06-10T01:26:10.001Z,0.01,0.033,3.3
2026-06-10T01:26:10.202Z,0.01,0.033,3.3
2026-06-10T01:26:10.405Z,0.02,0.066,3.3
2026-06-10T01:26:10.606Z,0.02,0.066,3.3
2026-06-10T01:26:10.807Z,0.02,0.066,3.3
2026-06-10T01:26:11.008Z,0.02,0.066,3.3
2026-06-10T01:26:11.209Z,0.01,0.033,3.3
2026-06-10T01:26:11.411Z,0.01,0.033,3.3
2026-06-10T01:26:11.612Z,0.02,0.066,3.3
2026-06-10T01:26:11.813Z,0.02,0.066,3.3
2026-06-10T01:26:12.014Z,0.02,0.066,3.3
2026-06-10T01:26:12.217Z,0.02,0.066,3.3
2026-06-10T01:26:12.419Z,0.01,0.033,3.3
2026-06-10T01:26:12.621Z,0.01,0.033,3.3
2026-06-10T01:26:12.822Z,0.01,0.033,3.3
2026-06-10T01:26:13.024Z,0.02,0.066,3.3
2026-06-10T01:26:13.226Z,0.01,0.033,3.3
2026-06-10T01:26:13.428Z,0.01,0.033,3.3
2026-06-10T01:26:13.629Z,0.01,0.033,3.3
2026-06-10T01:26:13.831Z,0.02,0.066,3.3
2026-06-10T01:26:14.032Z,0.02,0.066,3.3
2026-06-10T01:26:14.234Z,0.02,0.066,3.3
2026-06-10T01:26:14.435Z,0.02,0.066,3.3
2026-06-10T01:26:14.637Z,0.02,0.066,3.3
2026-06-10T01:26:14.839Z,0.01,0.033,3.3
2026-06-10T01:26:15.040Z,0.01,0.033,3.3
2026-06-10T01:26:15.241Z,0.01,0.033,3.3
2026-06-10T01:26:15.442Z,0.01,0.033,3.3
2026-06-10T01:26:15.644Z,0.02,0.066,3.3
2026-06-10T01:26:15.846Z,0.02,0.066,3.3
2026-06-10T01:26:16.047Z,0.02,0.066,3.3
2026-06-10T01:26:16.249Z,0.01,0.033,3.3
2026-06-10T01:26:16.451Z,0.01,0.033,3.3
2026-06-10T01:26:16.651Z,0.01,0.033,3.3
2026-06-10T01:26:16.853Z,0.01,0.033,3.3
2026-06-10T01:26:17.054Z,0.01,0.033,3.3
2026-06-10T01:26:17.257Z,0.02,0.066,3.3
2026-06-10T01:26:17.459Z,0.02,0.066,3.3
2026-06-10T01:26:17.661Z,0.03,0.099,3.3
2026-06-10T01:26:17.862Z,0.03,0.099,3.3
2026-06-10T01:26:18.063Z,0.02,0.066,3.3
2026-06-10T01:26:18.265Z,0.02,0.066,3.3
2026-06-10T01:26:18.467Z,0.01,0.033,3.3
2026-06-10T01:26:18.668Z,0.01,0.033,3.3
2026-06-10T01:26:18.871Z,0.01,0.033,3.3
2026-06-10T01:26:19.072Z,0.02,0.066,3.3
2026-06-10T01:26:19.273Z,0.02,0.066,3.3
2026-06-10T01:26:19.474Z,0.02,0.066,3.3
2026-06-10T01:26:19.675Z,0.02,0.066,3.3
2026-06-10T01:26:19.876Z,0.02,0.066,3.3
2026-06-10T01:26:20.077Z,0.02,0.066,3.3
2026-06-10T01:26:20.278Z,0.02,0.066,3.3
2026-06-10T01:26:20.479Z,0.02,0.066,3.3
2026-06-10T01:26:20.681Z,0.02,0.066,3.3
2026-06-10T01:26:20.881Z,0.01,0.033,3.3
2026-06-10T01:26:21.082Z,0.01,0.033,3.3
2026-06-10T01:26:21.284Z,0.01,0.033,3.3
2026-06-10T01:26:21.484Z,0.01,0.033,3.3
2026-06-10T01:26:21.686Z,0.02,0.066,3.3
2026-06-10T01:26:21.886Z,0.02,0.066,3.3
2026-06-10T01:26:22.088Z,0.02,0.066,3.3
2026-06-10T01:26:22.288Z,0.01,0.033,3.3
2026-06-10T01:26:22.490Z,0.01,0.033,3.3
2026-06-10T01:26:22.691Z,0.01,0.033,3.3
2026-06-10T01:26:22.892Z,0.02,0.066,3.3
2026-06-10T01:26:23.093Z,0.02,0.066,3.3
2026-06-10T01:26:23.294Z,0.02,0.066,3.3
2026-06-10T01:26:23.497Z,0.01,0.033,3.3
2026-06-10T01:26:23.698Z,0.01,0.033,3.3
2026-06-10T01:26:23.899Z,0.01,0.033,3.3
2026-06-10T01:26:24.101Z,0.01,0.033,3.3
2026-06-10T01:26:24.302Z,0.01,0.033,3.3
2026-06-10T01:26:24.504Z,0.02,0.066,3.3
2026-06-10T01:26:24.705Z,0.02,0.066,3.3
2026-06-10T01:26:24.907Z,0.02,0.066,3.3
2026-06-10T01:26:25.109Z,0.02,0.066,3.3
2026-06-10T01:26:25.309Z,0.01,0.033,3.3
2026-06-10T01:26:25.511Z,0.01,0.033,3.3
2026-06-10T01:26:25.711Z,0.02,0.066,3.3
2026-06-10T01:26:25.914Z,0.02,0.066,3.3
2026-06-10T01:26:26.113Z,0.02,0.066,3.3
2026-06-10T01:26:26.316Z,0.02,0.066,3.3
2026-06-10T01:26:26.517Z,0.01,0.033,3.3
2026-06-10T01:26:26.718Z,0.01,0.033,3.3
2026-06-10T01:26:26.919Z,0.01,0.033,3.3
2026-06-10T01:26:27.121Z,0.01,0.033,3.3
2026-06-10T01:26:27.322Z,0.01,0.033,3.3
2026-06-10T01:26:27.523Z,0.01,0.033,3.3
2026-06-10T01:26:27.723Z,0.01,0.033,3.3
2026-06-10T01:26:27.924Z,0.02,0.066,3.3
2026-06-10T01:26:28.125Z,0.02,0.066,3.3
2026-06-10T01:26:28.327Z,0.02,0.066,3.3
2026-06-10T01:26:28.529Z,0.02,0.066,3.3
2026-06-10T01:26:28.730Z,0.02,0.066,3.3
2026-06-10T01:26:28.931Z,0.01,0.033,3.3
2026-06-10T01:26:29.131Z,0.01,0.033,3.3
2026-06-10T01:26:29.333Z,0.01,0.033,3.3
2026-06-10T01:26:29.534Z,0.01,0.033,3.3
2026-06-10T01:26:29.736Z,0.01,0.033,3.3
2026-06-10T01:26:29.939Z,0.01,0.033,3.3
2026-06-10T01:26:30.140Z,0.01,0.033,3.3
2026-06-10T01:26:30.343Z,0.01,0.033,3.3
2026-06-10T01:26:30.544Z,0.01,0.033,3.3
2026-06-10T01:26:30.746Z,0.01,0.033,3.3
2026-06-10T01:26:30.947Z,0.01,0.033,3.3
2026-06-10T01:26:31.149Z,0.01,0.033,3.3
2026-06-10T01:26:31.350Z,0.01,0.033,3.3
2026-06-10T01:26:31.551Z,0.01,0.033,3.3
2026-06-10T01:26:31.754Z,0.01,0.033,3.3
2026-06-10T01:26:31.956Z,0,0,3.3
2026-06-10T01:26:32.158Z,0,0,3.3
2026-06-10T01:26:32.359Z,0.01,0.033,3.3
2026-06-10T01:26:32.561Z,0.01,0.033,3.3
2026-06-10T01:26:32.761Z,0.01,0.033,3.3
2026-06-10T01:26:32.962Z,0.01,0.033,3.3
2026-06-10T01:26:33.163Z,0.01,0.033,3.3
2026-06-10T01:26:33.364Z,0.01,0.033,3.3
2026-06-10T01:26:33.566Z,0.02,0.066,3.3
2026-06-10T01:26:33.767Z,0.02,0.066,3.3
2026-06-10T01:26:33.969Z,0.02,0.066,3.3
2026-06-10T01:26:34.170Z,0.02,0.066,3.3
2026-06-10T01:26:34.374Z,0.02,0.066,3.3
2026-06-10T01:26:34.571Z,0.01,0.033,3.3
2026-06-10T01:26:34.774Z,0.01,0.033,3.3
2026-06-10T01:26:34.974Z,0.01,0.033,3.3
2026-06-10T01:26:35.175Z,0.02,0.066,3.3
2026-06-10T01:26:35.377Z,0.02,0.066,3.3
2026-06-10T01:26:35.577Z,0.02,0.066,3.3
2026-06-10T01:26:35.779Z,0.01,0.033,3.3
2026-06-10T01:26:35.981Z,0.01,0.033,3.3
2026-06-10T01:26:36.183Z,0.01,0.033,3.3
2026-06-10T01:26:36.388Z,0.02,0.066,3.3
2026-06-10T01:26:36.587Z,0.02,0.066,3.3
2026-06-10T01:26:36.789Z,0.02,0.066,3.3
2026-06-10T01:26:36.990Z,0.02,0.066,3.3
2026-06-10T01:26:37.192Z,0.02,0.066,3.3
2026-06-10T01:26:37.395Z,0.02,0.066,3.3
2026-06-10T01:26:37.596Z,0.01,0.033,3.3
2026-06-10T01:26:37.796Z,0.02,0.066,3.3
2026-06-10T01:26:37.998Z,0.02,0.066,3.3
2026-06-10T01:26:38.200Z,0.01,0.033,3.3
2026-06-10T01:26:38.403Z,0.02,0.066,3.3
2026-06-10T01:26:38.603Z,0.02,0.066,3.3
2026-06-10T01:26:38.806Z,0.02,0.066,3.3
2026-06-10T01:26:39.007Z,0.02,0.066,3.3
2026-06-10T01:26:39.207Z,0.02,0.066,3.3
2026-06-10T01:26:39.413Z,0.02,0.066,3.3
2026-06-10T01:26:39.613Z,0.01,0.033,3.3
2026-06-10T01:26:39.815Z,0.01,0.033,3.3
2026-06-10T01:26:40.018Z,12.17,40.161,3.3
2026-06-10T01:26:40.218Z,52.98,174.834,3.3
2026-06-10T01:26:40.420Z,65.3,215.49,3.3
2026-06-10T01:26:40.621Z,65.08,214.764,3.3
2026-06-10T01:26:40.822Z,69.88,230.604,3.3
2026-06-10T01:26:41.023Z,71.62,236.346,3.3
2026-06-10T01:26:41.224Z,64.93,214.269,3.3
2026-06-10T01:26:41.427Z,56.61,186.813,3.3
2026-06-10T01:26:41.628Z,53.02,174.966,3.3
2026-06-10T01:26:41.831Z,51.68,170.544,3.3
2026-06-10T01:26:42.032Z,55.94,184.602,3.3
2026-06-10T01:26:42.232Z,63.76,210.408,3.3
2026-06-10T01:26:42.433Z,68.19,225.027,3.3
2026-06-10T01:26:42.633Z,66.98,221.034,3.3
2026-06-10T01:26:42.834Z,62.43,206.019,3.3
2026-06-10T01:26:43.035Z,63.9,210.87,3.3
2026-06-10T01:26:43.237Z,64.58,213.114,3.3
2026-06-10T01:26:43.438Z,65,214.5,3.3
2026-06-10T01:26:43.640Z,62.79,207.207,3.3
2026-06-10T01:26:43.842Z,63.18,208.494,3.3
2026-06-10T01:26:44.044Z,71.94,237.402,3.3
2026-06-10T01:26:44.245Z,129.39,426.987,3.3
2026-06-10T01:26:44.447Z,125.36,413.688,3.3
2026-06-10T01:26:44.648Z,132.74,438.042,3.3
2026-06-10T01:26:44.849Z,119.68,394.944,3.3
2026-06-10T01:26:45.050Z,118,389.4,3.3
2026-06-10T01:26:45.251Z,103.32,340.956,3.3
2026-06-10T01:26:45.453Z,102.31,337.623,3.3
2026-06-10T01:26:45.656Z,103.52,341.616,3.3
2026-06-10T01:26:45.858Z,108.08,356.664,3.3
2026-06-10T01:26:46.059Z,120.59,397.947,3.3
2026-06-10T01:26:46.260Z,115.1,379.83,3.3
2026-06-10T01:26:46.461Z,96.08,317.064,3.3
2026-06-10T01:26:46.664Z,91.6,302.28,3.3
2026-06-10T01:26:46.866Z,92.51,305.283,3.3
2026-06-10T01:26:47.067Z,95.3,314.49,3.3
2026-06-10T01:26:47.269Z,95.37,314.721,3.3
2026-06-10T01:26:47.470Z,101.07,333.531,3.3
2026-06-10T01:26:47.671Z,94.2,310.86,3.3
2026-06-10T01:26:47.873Z,69.28,228.624,3.3
2026-06-10T01:26:48.074Z,47.85,157.905,3.3
2026-06-10T01:26:48.277Z,13.21,43.593,3.3
2026-06-10T01:26:48.479Z,1.5,4.95,3.3
2026-06-10T01:26:48.680Z,0.07,0.231,3.3
2026-06-10T01:26:48.882Z,0.03,0.099,3.3
2026-06-10T01:26:49.084Z,0.02,0.066,3.3
2026-06-10T01:26:49.286Z,0.01,0.033,3.3
2026-06-10T01:26:49.487Z,0,0,3.3
2026-06-10T01:26:49.688Z,0,0,3.3
2026-06-10T01:26:49.891Z,0,0,3.3
2026-06-10T01:26:50.092Z,0,0,3.3
2026-06-10T01:26:50.293Z,0,0,3.3
2026-06-10T01:26:50.495Z,0,0,3.3
2026-06-10T01:26:50.697Z,0,0,3.3
2026-06-10T01:26:50.899Z,0,0,3.3
2026-06-10T01:26:51.101Z,0,0,3.3
2026-06-10T01:26:51.302Z,0,0,3.3
2026-06-10T01:26:51.504Z,0,0,3.3
2026-06-10T01:26:51.706Z,0.01,0.033,3.3
2026-06-10T01:26:51.907Z,0.01,0.033,3.3
2026-06-10T01:26:52.108Z,0.01,0.033,3.3
2026-06-10T01:26:52.309Z,0.01,0.033,3.3
2026-06-10T01:26:52.510Z,0.01,0.033,3.3
2026-06-10T01:26:52.710Z,0.01,0.033,3.3
2026-06-10T01:26:52.911Z,0.01,0.033,3.3
2026-06-10T01:26:53.112Z,0,0,3.3
2026-06-10T01:26:53.314Z,0,0,3.3
2026-06-10T01:26:53.515Z,0.01,0.033,3.3
2026-06-10T01:26:53.716Z,0.01,0.033,3.3
2026-06-10T01:26:53.918Z,0,0,3.3
2026-06-10T01:26:54.119Z,0.01,0.033,3.3
2026-06-10T01:26:54.321Z,0,0,3.3
2026-06-10T01:26:54.522Z,0,0,3.3
2026-06-10T01:26:54.724Z,0.01,0.033,3.3
2026-06-10T01:26:54.926Z,0.01,0.033,3.3
2026-06-10T01:26:55.128Z,0.01,0.033,3.3
2026-06-10T01:26:55.328Z,0.01,0.033,3.3
2026-06-10T01:26:55.529Z,0,0,3.3
2026-06-10T01:26:55.730Z,0.01,0.033,3.3
2026-06-10T01:26:55.932Z,0.01,0.033,3.3
2026-06-10T01:26:56.132Z,0.01,0.033,3.3
2026-06-10T01:26:56.332Z,0,0,3.3
2026-06-10T01:26:56.535Z,0,0,3.3
2026-06-10T01:26:56.736Z,0.01,0.033,3.3
2026-06-10T01:26:56.938Z,0.01,0.033,3.3
2026-06-10T01:26:57.139Z,0.02,0.066,3.3
2026-06-10T01:26:57.341Z,0.02,0.066,3.3
2026-06-10T01:26:57.543Z,0.02,0.066,3.3
2026-06-10T01:26:57.743Z,0.02,0.066,3.3
2026-06-10T01:26:57.945Z,0.01,0.033,3.3
2026-06-10T01:26:58.145Z,0.01,0.033,3.3
2026-06-10T01:26:58.347Z,0.01,0.033,3.3
2026-06-10T01:26:58.547Z,0.02,0.066,3.3
2026-06-10T01:26:58.748Z,0.02,0.066,3.3
2026-06-10T01:26:58.949Z,0.02,0.066,3.3
2026-06-10T01:26:59.149Z,0.02,0.066,3.3
2026-06-10T01:26:59.349Z,0.01,0.033,3.3
2026-06-10T01:26:59.552Z,0.01,0.033,3.3
2026-06-10T01:26:59.753Z,0.01,0.033,3.3
2026-06-10T01:26:59.954Z,0.01,0.033,3.3
2026-06-10T01:27:00.157Z,0.02,0.066,3.3
2026-06-10T01:27:00.358Z,0.02,0.066,3.3
2026-06-10T01:27:00.559Z,0.02,0.066,3.3
2026-06-10T01:27:00.760Z,0.02,0.066,3.3
2026-06-10T01:27:00.961Z,0.01,0.033,3.3
2026-06-10T01:27:01.165Z,0.01,0.033,3.3
2026-06-10T01:27:01.365Z,0.01,0.033,3.3
2026-06-10T01:27:01.566Z,0.02,0.066,3.3
2026-06-10T01:27:01.767Z,0.02,0.066,3.3
2026-06-10T01:27:01.968Z,0.02,0.066,3.3
2026-06-10T01:27:02.170Z,0.03,0.099,3.3
2026-06-10T01:27:02.375Z,0.02,0.066,3.3
2026-06-10T01:27:02.574Z,0.01,0.033,3.3
2026-06-10T01:27:02.775Z,0.02,0.066,3.3
2026-06-10T01:27:02.977Z,0.02,0.066,3.3
2026-06-10T01:27:03.179Z,0.02,0.066,3.3
2026-06-10T01:27:03.380Z,0.02,0.066,3.3
2026-06-10T01:27:03.581Z,0.01,0.033,3.3
2026-06-10T01:27:03.782Z,0.01,0.033,3.3
2026-06-10T01:27:03.983Z,0.02,0.066,3.3
2026-06-10T01:27:04.184Z,0.02,0.066,3.3
2026-06-10T01:27:04.387Z,0.02,0.066,3.3
2026-06-10T01:27:04.585Z,0.02,0.066,3.3
2026-06-10T01:27:04.786Z,0.02,0.066,3.3
2026-06-10T01:27:04.987Z,0.01,0.033,3.3
2026-06-10T01:27:05.188Z,0.01,0.033,3.3
2026-06-10T01:27:05.388Z,0.01,0.033,3.3
2026-06-10T01:27:05.590Z,0.02,0.066,3.3
2026-06-10T01:27:05.792Z,0.02,0.066,3.3
2026-06-10T01:27:05.993Z,0.02,0.066,3.3
2026-06-10T01:27:06.193Z,0.02,0.066,3.3
2026-06-10T01:27:06.396Z,0.02,0.066,3.3
2026-06-10T01:27:06.596Z,0.01,0.033,3.3
2026-06-10T01:27:06.798Z,0.02,0.066,3.3
2026-06-10T01:27:07.000Z,0.02,0.066,3.3
2026-06-10T01:27:07.202Z,0.02,0.066,3.3
2026-06-10T01:27:07.404Z,0.01,0.033,3.3
2026-06-10T01:27:07.606Z,0.01,0.033,3.3
2026-06-10T01:27:07.806Z,0.01,0.033,3.3
2026-06-10T01:27:08.009Z,0.02,0.066,3.3
2026-06-10T01:27:08.209Z,0.02,0.066,3.3
2026-06-10T01:27:08.411Z,0.02,0.066,3.3
2026-06-10T01:27:08.613Z,0.02,0.066,3.3
2026-06-10T01:27:08.815Z,0.02,0.066,3.3
2026-06-10T01:27:09.017Z,0.01,0.033,3.3
2026-06-10T01:27:09.219Z,0.01,0.033,3.3
2026-06-10T01:27:09.418Z,0.02,0.066,3.3
2026-06-10T01:27:09.620Z,0.02,0.066,3.3
2026-06-10T01:27:09.822Z,0.02,0.066,3.3
2026-06-10T01:27:10.023Z,0.02,0.066,3.3
2026-06-10T01:27:10.225Z,0.02,0.066,3.3
2026-06-10T01:27:10.425Z,0.02,0.066,3.3
2026-06-10T01:27:10.627Z,0.02,0.066,3.3
2026-06-10T01:27:10.829Z,0.02,0.066,3.3
2026-06-10T01:27:11.031Z,0.01,0.033,3.3
2026-06-10T01:27:11.233Z,0.01,0.033,3.3
2026-06-10T01:27:11.436Z,0.01,0.033,3.3
2026-06-10T01:27:11.637Z,0.01,0.033,3.3
2026-06-10T01:27:11.838Z,0.02,0.066,3.3
2026-06-10T01:27:12.039Z,0.02,0.066,3.3
2026-06-10T01:27:12.240Z,0.02,0.066,3.3
2026-06-10T01:27:12.441Z,0.02,0.066,3.3
2026-06-10T01:27:12.643Z,0.02,0.066,3.3
2026-06-10T01:27:12.845Z,0.01,0.033,3.3
2026-06-10T01:27:13.047Z,0.01,0.033,3.3
2026-06-10T01:27:13.248Z,0.02,0.066,3.3
2026-06-10T01:27:13.449Z,0.03,0.099,3.3
2026-06-10T01:27:13.650Z,0.03,0.099,3.3
2026-06-10T01:27:13.851Z,0.02,0.066,3.3
2026-06-10T01:27:14.052Z,0.01,0.033,3.3
2026-06-10T01:27:14.253Z,0.01,0.033,3.3
2026-06-10T01:27:14.455Z,0.01,0.033,3.3
2026-06-10T01:27:14.656Z,0.01,0.033,3.3
2026-06-10T01:27:14.857Z,0.02,0.066,3.3
2026-06-10T01:27:15.059Z,0.02,0.066,3.3
2026-06-10T01:27:15.261Z,0.02,0.066,3.3
2026-06-10T01:27:15.463Z,0.02,0.066,3.3
2026-06-10T01:27:15.666Z,0.01,0.033,3.3
2026-06-10T01:27:15.868Z,0.01,0.033,3.3
2026-06-10T01:27:16.070Z,0.01,0.033,3.3
2026-06-10T01:27:16.271Z,0.01,0.033,3.3
2026-06-10T01:27:16.473Z,0.01,0.033,3.3
2026-06-10T01:27:16.674Z,0.02,0.066,3.3
2026-06-10T01:27:16.875Z,0.02,0.066,3.3
2026-06-10T01:27:17.077Z,0.02,0.066,3.3
2026-06-10T01:27:17.279Z,0.02,0.066,3.3
2026-06-10T01:27:17.479Z,0.01,0.033,3.3
2026-06-10T01:27:17.682Z,0.01,0.033,3.3
2026-06-10T01:27:17.883Z,0.02,0.066,3.3
2026-06-10T01:27:18.085Z,0.02,0.066,3.3
2026-06-10T01:27:18.285Z,0.02,0.066,3.3
2026-06-10T01:27:18.487Z,0.02,0.066,3.3
2026-06-10T01:27:18.688Z,0.02,0.066,3.3
2026-06-10T01:27:18.888Z,0.02,0.066,3.3
2026-06-10T01:27:19.089Z,0.01,0.033,3.3
2026-06-10T01:27:19.290Z,0.01,0.033,3.3
2026-06-10T01:27:19.492Z,0.01,0.033,3.3
2026-06-10T01:27:19.693Z,0.02,0.066,3.3
2026-06-10T01:27:19.893Z,0.02,0.066,3.3
2026-06-10T01:27:20.095Z,0.02,0.066,3.3
2026-06-10T01:27:20.296Z,0.02,0.066,3.3
2026-06-10T01:27:20.497Z,0.02,0.066,3.3
2026-06-10T01:27:20.700Z,0.01,0.033,3.3
2026-06-10T01:27:20.902Z,0.01,0.033,3.3
2026-06-10T01:27:21.102Z,0.01,0.033,3.3
2026-06-10T01:27:21.304Z,0.01,0.033,3.3
2026-06-10T01:27:21.505Z,0.01,0.033,3.3
2026-06-10T01:27:21.708Z,0.01,0.033,3.3
2026-06-10T01:27:21.909Z,0.01,0.033,3.3
2026-06-10T01:27:22.110Z,0.01,0.033,3.3
2026-06-10T01:27:22.311Z,0.01,0.033,3.3
2026-06-10T01:27:22.512Z,0,0,3.3
2026-06-10T01:27:22.714Z,0,0,3.3
2026-06-10T01:27:22.915Z,0,0,3.3
2026-06-10T01:27:23.117Z,0.01,0.033,3.3
2026-06-10T01:27:23.319Z,0.01,0.033,3.3
2026-06-10T01:27:23.559Z,0.01,0.033,3.3
2026-06-10T01:27:23.761Z,0.01,0.033,3.3
2026-06-10T01:27:23.964Z,0.02,0.066,3.3
2026-06-10T01:27:24.165Z,0.01,0.033,3.3
2026-06-10T01:27:24.368Z,0.01,0.033,3.3
2026-06-10T01:27:24.569Z,0.01,0.033,3.3
2026-06-10T01:27:24.770Z,0.02,0.066,3.3
2026-06-10T01:27:24.972Z,0.02,0.066,3.3
2026-06-10T01:27:25.173Z,0.02,0.066,3.3
2026-06-10T01:27:25.373Z,0.01,0.033,3.3
2026-06-10T01:27:25.575Z,0.01,0.033,3.3
2026-06-10T01:27:25.777Z,0.01,0.033,3.3
2026-06-10T01:27:25.979Z,0.02,0.066,3.3
2026-06-10T01:27:26.181Z,0.02,0.066,3.3
2026-06-10T01:27:26.386Z,0.02,0.066,3.3
2026-06-10T01:27:26.583Z,0.01,0.033,3.3
2026-06-10T01:27:26.785Z,0.01,0.033,3.3
2026-06-10T01:27:26.986Z,0.01,0.033,3.3
2026-06-10T01:27:27.188Z,0,0,3.3
2026-06-10T01:27:27.390Z,0,0,3.3
2026-06-10T01:27:27.591Z,0,0,3.3
2026-06-10T01:27:27.793Z,0,0,3.3
2026-06-10T01:27:27.994Z,0.01,0.033,3.3
2026-06-10T01:27:28.197Z,0,0,3.3
2026-06-10T01:27:28.398Z,0,0,3.3
2026-06-10T01:27:28.601Z,0.01,0.033,3.3
2026-06-10T01:27:28.803Z,0.01,0.033,3.3
2026-06-10T01:27:29.005Z,0.01,0.033,3.3
2026-06-10T01:27:29.206Z,0.01,0.033,3.3
2026-06-10T01:27:29.410Z,0.01,0.033,3.3
2026-06-10T01:27:29.613Z,0.01,0.033,3.3
2026-06-10T01:27:29.814Z,0.02,0.066,3.3
2026-06-10T01:27:30.016Z,0.02,0.066,3.3
2026-06-10T01:27:30.217Z,0.02,0.066,3.3
2026-06-10T01:27:30.420Z,0.01,0.033,3.3
2026-06-10T01:27:30.621Z,0.01,0.033,3.3
2026-06-10T01:27:30.822Z,0.01,0.033,3.3
2026-06-10T01:27:31.023Z,0.02,0.066,3.3
2026-06-10T01:27:31.224Z,0.02,0.066,3.3
2026-06-10T01:27:31.424Z,0.02,0.066,3.3
2026-06-10T01:27:31.626Z,0.01,0.033,3.3
2026-06-10T01:27:31.828Z,0.01,0.033,3.3
2026-06-10T01:27:32.028Z,0.01,0.033,3.3
2026-06-10T01:27:32.230Z,0.02,0.066,3.3
2026-06-10T01:27:32.431Z,0.02,0.066,3.3
2026-06-10T01:27:32.632Z,0.02,0.066,3.3
2026-06-10T01:27:32.833Z,0.02,0.066,3.3
2026-06-10T01:27:33.035Z,0.01,0.033,3.3
2026-06-10T01:27:33.237Z,0.01,0.033,3.3
2026-06-10T01:27:33.439Z,0.01,0.033,3.3
2026-06-10T01:27:33.640Z,0.02,0.066,3.3
2026-06-10T01:27:33.841Z,0.02,0.066,3.3
2026-06-10T01:27:34.044Z,0.02,0.066,3.3
2026-06-10T01:27:34.244Z,0.02,0.066,3.3
2026-06-10T01:27:34.446Z,0.02,0.066,3.3
2026-06-10T01:27:34.648Z,0.01,0.033,3.3
2026-06-10T01:27:34.850Z,0.01,0.033,3.3
2026-06-10T01:27:35.052Z,0.02,0.066,3.3
2026-06-10T01:27:35.254Z,0.02,0.066,3.3
2026-06-10T01:27:35.455Z,0.02,0.066,3.3
2026-06-10T01:27:35.656Z,0.02,0.066,3.3
2026-06-10T01:27:35.856Z,0.01,0.033,3.3
2026-06-10T01:27:36.059Z,0.01,0.033,3.3
2026-06-10T01:27:36.262Z,0.01,0.033,3.3
2026-06-10T01:27:36.464Z,0.01,0.033,3.3
2026-06-10T01:27:36.665Z,0.02,0.066,3.3
2026-06-10T01:27:36.866Z,0.02,0.066,3.3
2026-06-10T01:27:37.067Z,0.02,0.066,3.3
2026-06-10T01:27:37.269Z,0.02,0.066,3.3
2026-06-10T01:27:37.471Z,0.01,0.033,3.3
2026-06-10T01:27:37.673Z,0.01,0.033,3.3
2026-06-10T01:27:37.875Z,0.01,0.033,3.3
2026-06-10T01:27:38.076Z,0.02,0.066,3.3
2026-06-10T01:27:38.279Z,0.02,0.066,3.3
2026-06-10T01:27:38.480Z,0.02,0.066,3.3
2026-06-10T01:27:38.681Z,0.02,0.066,3.3
2026-06-10T01:27:38.881Z,0.02,0.066,3.3
2026-06-10T01:27:39.083Z,0.02,0.066,3.3
2026-06-10T01:27:39.284Z,0.01,0.033,3.3
2026-06-10T01:27:39.485Z,0.01,0.033,3.3
2026-06-10T01:27:39.687Z,10.47,34.551,3.3
2026-06-10T01:27:39.889Z,51.31,169.323,3.3
2026-06-10T01:27:40.090Z,65.31,215.523,3.3
2026-06-10T01:27:40.291Z,65.11,214.863,3.3
2026-06-10T01:27:40.493Z,69.56,229.548,3.3
2026-06-10T01:27:40.695Z,71.77,236.841,3.3
2026-06-10T01:27:40.896Z,65.43,215.919,3.3
2026-06-10T01:27:41.098Z,56.69,187.077,3.3
2026-06-10T01:27:41.299Z,53.17,175.461,3.3
2026-06-10T01:27:41.501Z,51.7,170.61,3.3
2026-06-10T01:27:41.702Z,55.89,184.437,3.3
2026-06-10T01:27:41.903Z,63.33,208.989,3.3
2026-06-10T01:27:42.105Z,68.41,225.753,3.3
2026-06-10T01:27:42.308Z,67.54,222.882,3.3
2026-06-10T01:27:42.508Z,62.56,206.448,3.3
2026-06-10T01:27:42.710Z,63.92,210.936,3.3
2026-06-10T01:27:42.912Z,64.69,213.477,3.3
2026-06-10T01:27:43.116Z,65.26,215.358,3.3
2026-06-10T01:27:43.317Z,63,207.9,3.3
2026-06-10T01:27:43.518Z,66.31,218.823,3.3
2026-06-10T01:27:43.720Z,123.38,407.154,3.3
2026-06-10T01:27:43.921Z,137.95,455.235,3.3
2026-06-10T01:27:44.122Z,106.67,352.011,3.3
2026-06-10T01:27:44.323Z,116.64,384.912,3.3
2026-06-10T01:27:44.525Z,112.15,370.095,3.3
2026-06-10T01:27:44.726Z,102.61,338.613,3.3
2026-06-10T01:27:44.928Z,101.98,336.534,3.3
2026-06-10T01:27:45.129Z,100.63,332.079,3.3
2026-06-10T01:27:45.331Z,99.01,326.733,3.3
2026-06-10T01:27:45.532Z,109.87,362.571,3.3
2026-06-10T01:27:45.741Z,121.25,400.125,3.3
2026-06-10T01:27:45.942Z,113.26,373.758,3.3
2026-06-10T01:27:46.144Z,100.91,333.003,3.3
2026-06-10T01:27:46.346Z,94.06,310.398,3.3
2026-06-10T01:27:46.547Z,92.82,306.306,3.3
2026-06-10T01:27:46.748Z,95.2,314.16,3.3
2026-06-10T01:27:46.949Z,94.05,310.365,3.3
2026-06-10T01:27:47.151Z,96.25,317.625,3.3
2026-06-10T01:27:47.352Z,85.41,281.853,3.3
2026-06-10T01:27:47.553Z,59.28,195.624,3.3
2026-06-10T01:27:47.755Z,37.88,125.004,3.3
2026-06-10T01:27:47.956Z,3.12,10.296,3.3
2026-06-10T01:27:48.158Z,0.82,2.706,3.3
2026-06-10T01:27:48.360Z,0.05,0.165,3.3
2026-06-10T01:27:48.560Z,0.02,0.066,3.3
2026-06-10T01:27:48.761Z,0.01,0.033,3.3
2026-06-10T01:27:48.961Z,0.01,0.033,3.3
2026-06-10T01:27:49.163Z,0,0,3.3
2026-06-10T01:27:49.363Z,0,0,3.3
2026-06-10T01:27:49.564Z,0,0,3.3
2026-06-10T01:27:49.765Z,0,0,3.3
2026-06-10T01:27:49.967Z,0,0,3.3
2026-06-10T01:27:50.168Z,0,0,3.3
2026-06-10T01:27:50.368Z,0,0,3.3
2026-06-10T01:27:50.569Z,0,0,3.3
2026-06-10T01:27:50.771Z,0,0,3.3
2026-06-10T01:27:50.971Z,0,0,3.3
2026-06-10T01:27:51.173Z,0,0,3.3
2026-06-10T01:27:51.374Z,0,0,3.3
2026-06-10T01:27:51.576Z,0,0,3.3
2026-06-10T01:27:51.778Z,0,0,3.3
2026-06-10T01:27:51.979Z,0,0,3.3
2026-06-10T01:27:52.182Z,0,0,3.3
2026-06-10T01:27:52.387Z,0,0,3.3
2026-06-10T01:27:52.584Z,0,0,3.3
2026-06-10T01:27:52.785Z,0,0,3.3
2026-06-10T01:27:52.986Z,0,0,3.3
2026-06-10T01:27:53.187Z,0,0,3.3
2026-06-10T01:27:53.389Z,0.01,0.033,3.3
2026-06-10T01:27:53.589Z,0,0,3.3
2026-06-10T01:27:53.790Z,0,0,3.3
2026-06-10T01:27:53.992Z,0,0,3.3
2026-06-10T01:27:54.192Z,0,0,3.3
2026-06-10T01:27:54.394Z,0,0,3.3
2026-06-10T01:27:54.595Z,0,0,3.3
2026-06-10T01:27:54.796Z,0,0,3.3
2026-06-10T01:27:54.997Z,0,0,3.3
2026-06-10T01:27:55.198Z,0.01,0.033,3.3
2026-06-10T01:27:55.402Z,0.01,0.033,3.3
2026-06-10T01:27:55.604Z,0.01,0.033,3.3
2026-06-10T01:27:55.805Z,0.01,0.033,3.3
2026-06-10T01:27:56.006Z,0.01,0.033,3.3
2026-06-10T01:27:56.209Z,0.02,0.066,3.3
2026-06-10T01:27:56.412Z,0.02,0.066,3.3
2026-06-10T01:27:56.614Z,0.02,0.066,3.3
2026-06-10T01:27:56.816Z,0.02,0.066,3.3
2026-06-10T01:27:57.018Z,0.01,0.033,3.3
2026-06-10T01:27:57.221Z,0.01,0.033,3.3
2026-06-10T01:27:57.423Z,0.02,0.066,3.3
2026-06-10T01:27:57.624Z,0.02,0.066,3.3
2026-06-10T01:27:57.825Z,0.02,0.066,3.3
2026-06-10T01:27:58.026Z,0.02,0.066,3.3
2026-06-10T01:27:58.226Z,0.01,0.033,3.3
2026-06-10T01:27:58.428Z,0.01,0.033,3.3
2026-06-10T01:27:58.630Z,0.01,0.033,3.3
2026-06-10T01:27:58.831Z,0.01,0.033,3.3
2026-06-10T01:27:59.032Z,0,0,3.3
2026-06-10T01:27:59.233Z,0,0,3.3
2026-06-10T01:27:59.435Z,0,0,3.3
2026-06-10T01:27:59.636Z,0,0,3.3
2026-06-10T01:27:59.839Z,0,0,3.3
2026-06-10T01:28:00.042Z,0,0,3.3
2026-06-10T01:28:00.243Z,0,0,3.3
2026-06-10T01:28:00.445Z,0,0,3.3
2026-06-10T01:28:00.646Z,0,0,3.3
2026-06-10T01:28:00.847Z,0,0,3.3
2026-06-10T01:28:01.048Z,0,0,3.3
2026-06-10T01:28:01.250Z,0,0,3.3
2026-06-10T01:28:01.451Z,0.01,0.033,3.3
2026-06-10T01:28:01.652Z,0.01,0.033,3.3
2026-06-10T01:28:01.853Z,0.01,0.033,3.3
2026-06-10T01:28:02.055Z,0.01,0.033,3.3
2026-06-10T01:28:02.256Z,0.01,0.033,3.3
2026-06-10T01:28:02.457Z,0.01,0.033,3.3
2026-06-10T01:28:02.659Z,0.01,0.033,3.3
2026-06-10T01:28:02.869Z,0.02,0.066,3.3
2026-06-10T01:28:03.067Z,0.02,0.066,3.3
2026-06-10T01:28:03.269Z,0.02,0.066,3.3
2026-06-10T01:28:03.469Z,0.02,0.066,3.3
2026-06-10T01:28:03.670Z,0.02,0.066,3.3
2026-06-10T01:28:03.871Z,0.01,0.033,3.3
2026-06-10T01:28:04.077Z,0.01,0.033,3.3
2026-06-10T01:28:04.279Z,0.01,0.033,3.3
2026-06-10T01:28:04.481Z,0.01,0.033,3.3
2026-06-10T01:28:04.683Z,0.01,0.033,3.3
2026-06-10T01:28:04.884Z,0.01,0.033,3.3
2026-06-10T01:28:05.087Z,0.01,0.033,3.3
2026-06-10T01:28:05.286Z,0.01,0.033,3.3
2026-06-10T01:28:05.489Z,0.02,0.066,3.3
2026-06-10T01:28:05.690Z,0.02,0.066,3.3
2026-06-10T01:28:05.891Z,0.02,0.066,3.3
2026-06-10T01:28:06.092Z,0.02,0.066,3.3
2026-06-10T01:28:06.293Z,0.02,0.066,3.3
2026-06-10T01:28:06.496Z,0.01,0.033,3.3
2026-06-10T01:28:06.697Z,0.01,0.033,3.3
2026-06-10T01:28:06.899Z,0.01,0.033,3.3
2026-06-10T01:28:07.100Z,0.01,0.033,3.3
2026-06-10T01:28:07.302Z,0,0,3.3
2026-06-10T01:28:07.502Z,0,0,3.3
2026-06-10T01:28:07.704Z,0,0,3.3
2026-06-10T01:28:07.906Z,0,0,3.3
2026-06-10T01:28:08.108Z,0,0,3.3
2026-06-10T01:28:08.309Z,0,0,3.3
2026-06-10T01:28:08.510Z,0,0,3.3
2026-06-10T01:28:08.711Z,0,0,3.3
2026-06-10T01:28:08.912Z,0,0,3.3
2026-06-10T01:28:09.114Z,0,0,3.3
2026-06-10T01:28:09.316Z,0,0,3.3
2026-06-10T01:28:09.517Z,0,0,3.3
2026-06-10T01:28:09.719Z,0.01,0.033,3.3
2026-06-10T01:28:09.920Z,0.01,0.033,3.3
2026-06-10T01:28:10.121Z,0.01,0.033,3.3
2026-06-10T01:28:10.323Z,0.01,0.033,3.3
2026-06-10T01:28:10.525Z,0.01,0.033,3.3
2026-06-10T01:28:10.727Z,0.01,0.033,3.3
2026-06-10T01:28:10.927Z,0.01,0.033,3.3
2026-06-10T01:28:11.130Z,0.01,0.033,3.3
2026-06-10T01:28:11.330Z,0.02,0.066,3.3
2026-06-10T01:28:11.533Z,0.02,0.066,3.3
2026-06-10T01:28:11.734Z,0.02,0.066,3.3
2026-06-10T01:28:11.935Z,0.01,0.033,3.3
2026-06-10T01:28:12.136Z,0.02,0.066,3.3
2026-06-10T01:28:12.337Z,0.02,0.066,3.3
2026-06-10T01:28:12.540Z,0.02,0.066,3.3
2026-06-10T01:28:12.742Z,0.01,0.033,3.3
2026-06-10T01:28:12.944Z,0.01,0.033,3.3
2026-06-10T01:28:13.146Z,0.01,0.033,3.3
2026-06-10T01:28:13.348Z,0.02,0.066,3.3
2026-06-10T01:28:13.549Z,0.02,0.066,3.3
2026-06-10T01:28:13.750Z,0.02,0.066,3.3
2026-06-10T01:28:13.951Z,0.02,0.066,3.3
2026-06-10T01:28:14.152Z,0.02,0.066,3.3
2026-06-10T01:28:14.353Z,0.02,0.066,3.3
2026-06-10T01:28:14.554Z,0.01,0.033,3.3
2026-06-10T01:28:14.756Z,0.01,0.033,3.3
2026-06-10T01:28:14.957Z,0.01,0.033,3.3
2026-06-10T01:28:15.159Z,0.01,0.033,3.3
2026-06-10T01:28:15.360Z,0.02,0.066,3.3
2026-06-10T01:28:15.563Z,0.02,0.066,3.3
2026-06-10T01:28:15.763Z,0.02,0.066,3.3
2026-06-10T01:28:15.965Z,0.02,0.066,3.3
2026-06-10T01:28:16.167Z,0.02,0.066,3.3
2026-06-10T01:28:16.369Z,0.02,0.066,3.3
2026-06-10T01:28:16.571Z,0.01,0.033,3.3
2026-06-10T01:28:16.771Z,0.01,0.033,3.3
2026-06-10T01:28:16.972Z,0.01,0.033,3.3
2026-06-10T01:28:17.174Z,0.01,0.033,3.3
2026-06-10T01:28:17.374Z,0.01,0.033,3.3
2026-06-10T01:28:17.577Z,0.01,0.033,3.3
2026-06-10T01:28:17.779Z,0.02,0.066,3.3
2026-06-10T01:28:17.981Z,0.02,0.066,3.3
2026-06-10T01:28:18.183Z,0.02,0.066,3.3
2026-06-10T01:28:18.385Z,0.02,0.066,3.3
2026-06-10T01:28:18.584Z,0.01,0.033,3.3
2026-06-10T01:28:18.786Z,0.01,0.033,3.3
2026-06-10T01:28:18.987Z,0.01,0.033,3.3
2026-06-10T01:28:19.188Z,0.01,0.033,3.3
2026-06-10T01:28:19.389Z,0.01,0.033,3.3
2026-06-10T01:28:19.590Z,0.01,0.033,3.3
2026-06-10T01:28:19.791Z,0.01,0.033,3.3
2026-06-10T01:28:19.992Z,0.02,0.066,3.3
2026-06-10T01:28:20.194Z,0.02,0.066,3.3
2026-06-10T01:28:20.397Z,0.02,0.066,3.3
2026-06-10T01:28:20.597Z,0.02,0.066,3.3
2026-06-10T01:28:20.798Z,0.01,0.033,3.3
2026-06-10T01:28:21.001Z,0.01,0.033,3.3
2026-06-10T01:28:21.202Z,0.01,0.033,3.3
2026-06-10T01:28:21.405Z,0.02,0.066,3.3
2026-06-10T01:28:21.605Z,0.02,0.066,3.3
2026-06-10T01:28:21.806Z,0.02,0.066,3.3
2026-06-10T01:28:22.008Z,0.02,0.066,3.3
2026-06-10T01:28:22.209Z,0.02,0.066,3.3
2026-06-10T01:28:22.412Z,0.01,0.033,3.3
2026-06-10T01:28:22.613Z,0.01,0.033,3.3
2026-06-10T01:28:22.814Z,0.01,0.033,3.3
2026-06-10T01:28:23.017Z,0.01,0.033,3.3
2026-06-10T01:28:23.218Z,0.01,0.033,3.3
2026-06-10T01:28:23.419Z,0.01,0.033,3.3
2026-06-10T01:28:23.620Z,0.02,0.066,3.3
2026-06-10T01:28:23.821Z,0.02,0.066,3.3
2026-06-10T01:28:24.023Z,0.02,0.066,3.3
2026-06-10T01:28:24.224Z,0.01,0.033,3.3
2026-06-10T01:28:24.429Z,0,0,3.3
2026-06-10T01:28:24.629Z,0.01,0.033,3.3
2026-06-10T01:28:24.831Z,0.02,0.066,3.3
2026-06-10T01:28:25.033Z,0.03,0.099,3.3
2026-06-10T01:28:25.235Z,0.02,0.066,3.3
2026-06-10T01:28:25.436Z,0.01,0.033,3.3
2026-06-10T01:28:25.638Z,0.01,0.033,3.3
2026-06-10T01:28:25.839Z,0.01,0.033,3.3
2026-06-10T01:28:26.041Z,0.01,0.033,3.3
2026-06-10T01:28:26.243Z,0.01,0.033,3.3
2026-06-10T01:28:26.445Z,0.01,0.033,3.3
2026-06-10T01:28:26.646Z,0.01,0.033,3.3
2026-06-10T01:28:26.847Z,0.01,0.033,3.3
2026-06-10T01:28:27.048Z,0.02,0.066,3.3
2026-06-10T01:28:27.249Z,0.02,0.066,3.3
2026-06-10T01:28:27.451Z,0.02,0.066,3.3
2026-06-10T01:28:27.652Z,0.02,0.066,3.3
2026-06-10T01:28:27.853Z,0.02,0.066,3.3
2026-06-10T01:28:28.055Z,0.01,0.033,3.3
2026-06-10T01:28:28.258Z,0.01,0.033,3.3
2026-06-10T01:28:28.460Z,0.01,0.033,3.3
2026-06-10T01:28:28.662Z,0.02,0.066,3.3
2026-06-10T01:28:28.864Z,0.02,0.066,3.3
2026-06-10T01:28:29.066Z,0.02,0.066,3.3
2026-06-10T01:28:29.269Z,0.01,0.033,3.3
2026-06-10T01:28:29.469Z,0.01,0.033,3.3
2026-06-10T01:28:29.670Z,0.01,0.033,3.3
2026-06-10T01:28:29.872Z,0.01,0.033,3.3
2026-06-10T01:28:30.075Z,0.02,0.066,3.3
2026-06-10T01:28:30.276Z,0.02,0.066,3.3
2026-06-10T01:28:30.478Z,0.02,0.066,3.3
2026-06-10T01:28:30.678Z,0.02,0.066,3.3
2026-06-10T01:28:30.881Z,0.01,0.033,3.3
2026-06-10T01:28:31.081Z,0.01,0.033,3.3
2026-06-10T01:28:31.281Z,0.02,0.066,3.3
2026-06-10T01:28:31.483Z,0.02,0.066,3.3
2026-06-10T01:28:31.684Z,0.01,0.033,3.3
2026-06-10T01:28:31.886Z,0.01,0.033,3.3
2026-06-10T01:28:32.088Z,0.01,0.033,3.3
2026-06-10T01:28:32.290Z,0.01,0.033,3.3
2026-06-10T01:28:32.491Z,0.01,0.033,3.3
2026-06-10T01:28:32.692Z,0.02,0.066,3.3
2026-06-10T01:28:32.894Z,0.02,0.066,3.3
2026-06-10T01:28:33.095Z,0.02,0.066,3.3
2026-06-10T01:28:33.297Z,0.01,0.033,3.3
2026-06-10T01:28:33.499Z,0.01,0.033,3.3
2026-06-10T01:28:33.702Z,0.01,0.033,3.3
2026-06-10T01:28:33.903Z,0.01,0.033,3.3
2026-06-10T01:28:34.106Z,0.01,0.033,3.3
2026-06-10T01:28:34.308Z,0.01,0.033,3.3
2026-06-10T01:28:34.510Z,0.01,0.033,3.3
2026-06-10T01:28:34.713Z,0,0,3.3
2026-06-10T01:28:34.914Z,0,0,3.3
2026-06-10T01:28:35.116Z,0,0,3.3
2026-06-10T01:28:35.316Z,0.01,0.033,3.3
2026-06-10T01:28:35.517Z,0.01,0.033,3.3
2026-06-10T01:28:35.719Z,0.01,0.033,3.3
2026-06-10T01:28:35.920Z,0.01,0.033,3.3
2026-06-10T01:28:36.121Z,0.01,0.033,3.3
2026-06-10T01:28:36.322Z,0.01,0.033,3.3
2026-06-10T01:28:36.523Z,0.01,0.033,3.3
2026-06-10T01:28:36.726Z,0,0,3.3
2026-06-10T01:28:36.927Z,0.01,0.033,3.3
2026-06-10T01:28:37.128Z,0.01,0.033,3.3
2026-06-10T01:28:37.330Z,0.01,0.033,3.3
2026-06-10T01:28:37.530Z,0.01,0.033,3.3
2026-06-10T01:28:37.732Z,0.01,0.033,3.3
2026-06-10T01:28:37.933Z,0.01,0.033,3.3
2026-06-10T01:28:38.135Z,0.01,0.033,3.3
2026-06-10T01:28:38.337Z,0.01,0.033,3.3
2026-06-10T01:28:38.539Z,0.02,0.066,3.3
2026-06-10T01:28:38.741Z,0.02,0.066,3.3
2026-06-10T01:28:38.942Z,0.02,0.066,3.3
2026-06-10T01:28:39.144Z,0.02,0.066,3.3
2026-06-10T01:28:39.345Z,11.2,36.96,3.3
2026-06-10T01:28:39.546Z,52.07,171.831,3.3
2026-06-10T01:28:39.747Z,65.33,215.589,3.3
2026-06-10T01:28:39.948Z,65.09,214.797,3.3
2026-06-10T01:28:40.148Z,69.75,230.175,3.3
2026-06-10T01:28:40.349Z,71.74,236.742,3.3
2026-06-10T01:28:40.551Z,65.12,214.896,3.3
2026-06-10T01:28:40.751Z,56.68,187.044,3.3
2026-06-10T01:28:40.953Z,53.02,174.966,3.3
2026-06-10T01:28:41.155Z,51.64,170.412,3.3
2026-06-10T01:28:41.357Z,55.88,184.404,3.3
2026-06-10T01:28:41.559Z,63.6,209.88,3.3
2026-06-10T01:28:41.760Z,68.18,224.994,3.3
2026-06-10T01:28:41.960Z,67.17,221.661,3.3
2026-06-10T01:28:42.162Z,62.41,205.953,3.3
2026-06-10T01:28:42.364Z,63.92,210.936,3.3
2026-06-10T01:28:42.566Z,64.82,213.906,3.3
2026-06-10T01:28:42.767Z,65.27,215.391,3.3
2026-06-10T01:28:42.968Z,62.87,207.471,3.3
2026-06-10T01:28:43.169Z,65.01,214.533,3.3
2026-06-10T01:28:43.369Z,121.98,402.534,3.3
2026-06-10T01:28:43.571Z,141.15,465.795,3.3
2026-06-10T01:28:43.773Z,120.15,396.495,3.3
2026-06-10T01:28:43.974Z,117.36,387.288,3.3
2026-06-10T01:28:44.174Z,116.58,384.714,3.3
2026-06-10T01:28:44.375Z,101.48,334.884,3.3
2026-06-10T01:28:44.576Z,102.84,339.372,3.3
2026-06-10T01:28:44.778Z,101.16,333.828,3.3
2026-06-10T01:28:44.980Z,100.31,331.023,3.3
2026-06-10T01:28:45.181Z,111.15,366.795,3.3
2026-06-10T01:28:45.398Z,124.99,412.467,3.3
2026-06-10T01:28:45.598Z,113.4,374.22,3.3
2026-06-10T01:28:45.799Z,95.2,314.16,3.3
2026-06-10T01:28:46.001Z,93.08,307.164,3.3
2026-06-10T01:28:46.203Z,93.24,307.692,3.3
2026-06-10T01:28:46.405Z,95.59,315.447,3.3
2026-06-10T01:28:46.607Z,98.9,326.37,3.3
2026-06-10T01:28:46.808Z,102.35,337.755,3.3
2026-06-10T01:28:47.009Z,89.51,295.383,3.3
2026-06-10T01:28:47.211Z,58.03,191.499,3.3
2026-06-10T01:28:47.413Z,35.82,118.206,3.3
2026-06-10T01:28:47.613Z,2.55,8.415,3.3
2026-06-10T01:28:47.814Z,0.7,2.31,3.3
2026-06-10T01:28:48.016Z,0.05,0.165,3.3
2026-06-10T01:28:48.219Z,0.02,0.066,3.3
2026-06-10T01:28:48.421Z,0.01,0.033,3.3
2026-06-10T01:28:48.623Z,0,0,3.3
2026-06-10T01:28:48.823Z,0,0,3.3
2026-06-10T01:28:49.024Z,0,0,3.3
2026-06-10T01:28:49.225Z,0.01,0.033,3.3
2026-06-10T01:28:49.427Z,0,0,3.3
2026-06-10T01:28:49.627Z,0,0,3.3
2026-06-10T01:28:49.829Z,0,0,3.3
2026-06-10T01:28:50.032Z,0.01,0.033,3.3
2026-06-10T01:28:50.232Z,0.01,0.033,3.3
2026-06-10T01:28:50.433Z,0.01,0.033,3.3
2026-06-10T01:28:50.636Z,0.01,0.033,3.3
2026-06-10T01:28:50.837Z,0,0,3.3
2026-06-10T01:28:51.038Z,0,0,3.3
2026-06-10T01:28:51.239Z,0.01,0.033,3.3
2026-06-10T01:28:51.440Z,0.01,0.033,3.3
2026-06-10T01:28:51.641Z,0.01,0.033,3.3
2026-06-10T01:28:51.843Z,0.01,0.033,3.3
2026-06-10T01:28:52.045Z,0.02,0.066,3.3
2026-06-10T01:28:52.246Z,0.02,0.066,3.3
2026-06-10T01:28:52.448Z,0.02,0.066,3.3
2026-06-10T01:28:52.649Z,0.02,0.066,3.3
2026-06-10T01:28:52.850Z,0.01,0.033,3.3
2026-06-10T01:28:53.052Z,0.01,0.033,3.3
2026-06-10T01:28:53.255Z,0.01,0.033,3.3
2026-06-10T01:28:53.457Z,0.01,0.033,3.3
2026-06-10T01:28:53.660Z,0.01,0.033,3.3
2026-06-10T01:28:53.861Z,0.02,0.066,3.3
2026-06-10T01:28:54.063Z,0.02,0.066,3.3
2026-06-10T01:28:54.263Z,0.02,0.066,3.3
2026-06-10T01:28:54.464Z,0.01,0.033,3.3
2026-06-10T01:28:54.665Z,0.01,0.033,3.3
2026-06-10T01:28:54.866Z,0.01,0.033,3.3
2026-06-10T01:28:55.069Z,0.02,0.066,3.3
2026-06-10T01:28:55.272Z,0.02,0.066,3.3
2026-06-10T01:28:55.472Z,0.02,0.066,3.3
2026-06-10T01:28:55.674Z,0.02,0.066,3.3
2026-06-10T01:28:55.875Z,0.02,0.066,3.3
2026-06-10T01:28:56.078Z,0.02,0.066,3.3
2026-06-10T01:28:56.280Z,0.02,0.066,3.3
2026-06-10T01:28:56.482Z,0.02,0.066,3.3
2026-06-10T01:28:56.683Z,0.01,0.033,3.3
2026-06-10T01:28:56.884Z,0.01,0.033,3.3
2026-06-10T01:28:57.087Z,0.02,0.066,3.3
2026-06-10T01:28:57.290Z,0.02,0.066,3.3
2026-06-10T01:28:57.489Z,0.02,0.066,3.3
2026-06-10T01:28:57.690Z,0.02,0.066,3.3
2026-06-10T01:28:57.891Z,0.02,0.066,3.3
2026-06-10T01:28:58.092Z,0.02,0.066,3.3
2026-06-10T01:28:58.293Z,0.02,0.066,3.3
2026-06-10T01:28:58.496Z,0.02,0.066,3.3
2026-06-10T01:28:58.697Z,0.01,0.033,3.3
2026-06-10T01:28:58.898Z,0.01,0.033,3.3
2026-06-10T01:28:59.099Z,0.01,0.033,3.3
2026-06-10T01:28:59.300Z,0.01,0.033,3.3
2026-06-10T01:28:59.501Z,0.01,0.033,3.3
2026-06-10T01:28:59.702Z,0.02,0.066,3.3
2026-06-10T01:28:59.903Z,0.02,0.066,3.3
2026-06-10T01:29:00.105Z,0.02,0.066,3.3
2026-06-10T01:29:00.306Z,0.02,0.066,3.3
2026-06-10T01:29:00.507Z,0.02,0.066,3.3
2026-06-10T01:29:00.708Z,0.01,0.033,3.3
2026-06-10T01:29:00.910Z,0.01,0.033,3.3
2026-06-10T01:29:01.112Z,0.01,0.033,3.3
2026-06-10T01:29:01.314Z,0.01,0.033,3.3
2026-06-10T01:29:01.514Z,0.02,0.066,3.3
2026-06-10T01:29:01.717Z,0.02,0.066,3.3
2026-06-10T01:29:01.917Z,0.02,0.066,3.3
2026-06-10T01:29:02.118Z,0.02,0.066,3.3
2026-06-10T01:29:02.320Z,0.02,0.066,3.3
2026-06-10T01:29:02.523Z,0.01,0.033,3.3
2026-06-10T01:29:02.725Z,0.01,0.033,3.3
2026-06-10T01:29:02.927Z,0.01,0.033,3.3
2026-06-10T01:29:03.128Z,0.02,0.066,3.3
2026-06-10T01:29:03.330Z,0.02,0.066,3.3
2026-06-10T01:29:03.531Z,0.02,0.066,3.3
2026-06-10T01:29:03.732Z,0.02,0.066,3.3
2026-06-10T01:29:03.932Z,0.02,0.066,3.3
2026-06-10T01:29:04.134Z,0.02,0.066,3.3
2026-06-10T01:29:04.335Z,0.01,0.033,3.3
2026-06-10T01:29:04.536Z,0.01,0.033,3.3
2026-06-10T01:29:04.738Z,0.02,0.066,3.3
2026-06-10T01:29:04.941Z,0.02,0.066,3.3
2026-06-10T01:29:05.142Z,0.02,0.066,3.3
2026-06-10T01:29:05.343Z,0.02,0.066,3.3
2026-06-10T01:29:05.546Z,0.01,0.033,3.3
2026-06-10T01:29:05.748Z,0.01,0.033,3.3
2026-06-10T01:29:05.949Z,0.02,0.066,3.3
2026-06-10T01:29:06.152Z,0.02,0.066,3.3
2026-06-10T01:29:06.352Z,0.02,0.066,3.3
2026-06-10T01:29:06.554Z,0.02,0.066,3.3
2026-06-10T01:29:06.755Z,0.01,0.033,3.3
2026-06-10T01:29:06.956Z,0.01,0.033,3.3
2026-06-10T01:29:07.158Z,0.01,0.033,3.3
2026-06-10T01:29:07.361Z,0.01,0.033,3.3
2026-06-10T01:29:07.561Z,0.02,0.066,3.3
2026-06-10T01:29:07.763Z,0.02,0.066,3.3
2026-06-10T01:29:07.964Z,0.02,0.066,3.3
2026-06-10T01:29:08.165Z,0.02,0.066,3.3
2026-06-10T01:29:08.367Z,0.02,0.066,3.3
2026-06-10T01:29:08.569Z,0.02,0.066,3.3
2026-06-10T01:29:08.769Z,0.02,0.066,3.3
2026-06-10T01:29:08.969Z,0.02,0.066,3.3
2026-06-10T01:29:09.171Z,0.02,0.066,3.3
2026-06-10T01:29:09.372Z,0.02,0.066,3.3
2026-06-10T01:29:09.573Z,0.01,0.033,3.3
2026-06-10T01:29:09.775Z,0.01,0.033,3.3
2026-06-10T01:29:09.976Z,0.01,0.033,3.3
2026-06-10T01:29:10.177Z,0.02,0.066,3.3
2026-06-10T01:29:10.379Z,0.02,0.066,3.3
2026-06-10T01:29:10.580Z,0.01,0.033,3.3
2026-06-10T01:29:10.782Z,0.01,0.033,3.3
2026-06-10T01:29:10.984Z,0.01,0.033,3.3
2026-06-10T01:29:11.185Z,0.02,0.066,3.3
2026-06-10T01:29:11.387Z,0.02,0.066,3.3
2026-06-10T01:29:11.588Z,0.02,0.066,3.3
2026-06-10T01:29:11.790Z,0.01,0.033,3.3
2026-06-10T01:29:11.990Z,0.01,0.033,3.3
2026-06-10T01:29:12.192Z,0.01,0.033,3.3
2026-06-10T01:29:12.393Z,0.01,0.033,3.3
2026-06-10T01:29:12.594Z,0.02,0.066,3.3
2026-06-10T01:29:12.794Z,0.02,0.066,3.3
2026-06-10T01:29:12.996Z,0.02,0.066,3.3
2026-06-10T01:29:13.198Z,0.02,0.066,3.3
2026-06-10T01:29:13.400Z,0.02,0.066,3.3
2026-06-10T01:29:13.602Z,0.02,0.066,3.3
2026-06-10T01:29:13.802Z,0.02,0.066,3.3
2026-06-10T01:29:14.004Z,0.01,0.033,3.3
2026-06-10T01:29:14.207Z,0.01,0.033,3.3
2026-06-10T01:29:14.413Z,0.01,0.033,3.3
2026-06-10T01:29:14.615Z,0.02,0.066,3.3
2026-06-10T01:29:14.816Z,0.02,0.066,3.3
2026-06-10T01:29:15.019Z,0.02,0.066,3.3
2026-06-10T01:29:15.220Z,0.03,0.099,3.3
2026-06-10T01:29:15.422Z,0.02,0.066,3.3
2026-06-10T01:29:15.624Z,0.01,0.033,3.3
2026-06-10T01:29:15.824Z,0.01,0.033,3.3
2026-06-10T01:29:16.026Z,0.01,0.033,3.3
2026-06-10T01:29:16.226Z,0.01,0.033,3.3
2026-06-10T01:29:16.429Z,0.01,0.033,3.3
2026-06-10T01:29:16.631Z,0.01,0.033,3.3
2026-06-10T01:29:16.832Z,0.01,0.033,3.3
2026-06-10T01:29:17.032Z,0.01,0.033,3.3
2026-06-10T01:29:17.234Z,0.02,0.066,3.3
2026-06-10T01:29:17.436Z,0.02,0.066,3.3
2026-06-10T01:29:17.638Z,0.01,0.033,3.3
2026-06-10T01:29:17.839Z,0.02,0.066,3.3
2026-06-10T01:29:18.040Z,0.02,0.066,3.3
2026-06-10T01:29:18.242Z,0.02,0.066,3.3
2026-06-10T01:29:18.443Z,0.02,0.066,3.3
2026-06-10T01:29:18.646Z,0.02,0.066,3.3
2026-06-10T01:29:18.847Z,0.01,0.033,3.3
2026-06-10T01:29:19.049Z,0.01,0.033,3.3
2026-06-10T01:29:19.251Z,0.01,0.033,3.3
2026-06-10T01:29:19.453Z,0.01,0.033,3.3
2026-06-10T01:29:19.655Z,0.02,0.066,3.3
2026-06-10T01:29:19.856Z,0.02,0.066,3.3
2026-06-10T01:29:20.061Z,0.02,0.066,3.3
2026-06-10T01:29:20.261Z,0.02,0.066,3.3
2026-06-10T01:29:20.462Z,0.02,0.066,3.3
2026-06-10T01:29:20.664Z,0.02,0.066,3.3
2026-06-10T01:29:20.865Z,0.01,0.033,3.3
2026-06-10T01:29:21.067Z,0.02,0.066,3.3
2026-06-10T01:29:21.268Z,0.01,0.033,3.3
2026-06-10T01:29:21.470Z,0.02,0.066,3.3
2026-06-10T01:29:21.673Z,0.02,0.066,3.3
2026-06-10T01:29:21.874Z,0.02,0.066,3.3
2026-06-10T01:29:22.075Z,0.02,0.066,3.3
2026-06-10T01:29:22.276Z,0.02,0.066,3.3
2026-06-10T01:29:22.482Z,0.01,0.033,3.3
2026-06-10T01:29:22.684Z,0.01,0.033,3.3
2026-06-10T01:29:22.885Z,0.01,0.033,3.3
2026-06-10T01:29:23.088Z,0.02,0.066,3.3
2026-06-10T01:29:23.289Z,0.03,0.099,3.3
2026-06-10T01:29:23.492Z,0.01,0.033,3.3
2026-06-10T01:29:23.692Z,0.02,0.066,3.3
2026-06-10T01:29:23.894Z,0.02,0.066,3.3
2026-06-10T01:29:24.095Z,0.01,0.033,3.3
2026-06-10T01:29:24.296Z,0.01,0.033,3.3
2026-06-10T01:29:24.498Z,0.01,0.033,3.3
2026-06-10T01:29:24.699Z,0.01,0.033,3.3
2026-06-10T01:29:24.901Z,0.02,0.066,3.3
2026-06-10T01:29:25.104Z,0.02,0.066,3.3
2026-06-10T01:29:25.306Z,0.02,0.066,3.3
2026-06-10T01:29:25.508Z,0.02,0.066,3.3
2026-06-10T01:29:25.709Z,0.01,0.033,3.3
2026-06-10T01:29:25.911Z,0.01,0.033,3.3
2026-06-10T01:29:26.113Z,0.02,0.066,3.3
2026-06-10T01:29:26.315Z,0.02,0.066,3.3
2026-06-10T01:29:26.517Z,0.02,0.066,3.3
2026-06-10T01:29:26.718Z,0.02,0.066,3.3
2026-06-10T01:29:26.919Z,0.02,0.066,3.3
2026-06-10T01:29:27.120Z,0.01,0.033,3.3
2026-06-10T01:29:27.321Z,0.01,0.033,3.3
2026-06-10T01:29:27.522Z,0.01,0.033,3.3
2026-06-10T01:29:27.724Z,0.01,0.033,3.3
2026-06-10T01:29:27.925Z,0.01,0.033,3.3
2026-06-10T01:29:28.127Z,0.02,0.066,3.3
2026-06-10T01:29:28.329Z,0.01,0.033,3.3
2026-06-10T01:29:28.530Z,0.01,0.033,3.3
2026-06-10T01:29:28.730Z,0.01,0.033,3.3
2026-06-10T01:29:28.933Z,0.02,0.066,3.3
2026-06-10T01:29:29.133Z,0.02,0.066,3.3
2026-06-10T01:29:29.335Z,0.02,0.066,3.3
2026-06-10T01:29:29.538Z,0.02,0.066,3.3
2026-06-10T01:29:29.739Z,0.01,0.033,3.3
2026-06-10T01:29:29.941Z,0.01,0.033,3.3
2026-06-10T01:29:30.142Z,0.02,0.066,3.3
2026-06-10T01:29:30.343Z,0.02,0.066,3.3
2026-06-10T01:29:30.543Z,0.02,0.066,3.3
2026-06-10T01:29:30.744Z,0.02,0.066,3.3
2026-06-10T01:29:30.946Z,0.02,0.066,3.3
2026-06-10T01:29:31.148Z,0.01,0.033,3.3
2026-06-10T01:29:31.353Z,0.01,0.033,3.3
2026-06-10T01:29:31.551Z,0.01,0.033,3.3
2026-06-10T01:29:31.752Z,0.01,0.033,3.3
2026-06-10T01:29:31.954Z,0.02,0.066,3.3
2026-06-10T01:29:32.155Z,0.02,0.066,3.3
2026-06-10T01:29:32.357Z,0.02,0.066,3.3
2026-06-10T01:29:32.559Z,0.01,0.033,3.3
2026-06-10T01:29:32.761Z,0.01,0.033,3.3
2026-06-10T01:29:32.964Z,0.01,0.033,3.3
2026-06-10T01:29:33.166Z,0.02,0.066,3.3
2026-06-10T01:29:33.370Z,0.02,0.066,3.3
2026-06-10T01:29:33.569Z,0.02,0.066,3.3
2026-06-10T01:29:33.771Z,0.02,0.066,3.3
2026-06-10T01:29:33.973Z,0.02,0.066,3.3
2026-06-10T01:29:34.174Z,0.01,0.033,3.3
2026-06-10T01:29:34.375Z,0.01,0.033,3.3
2026-06-10T01:29:34.578Z,0.01,0.033,3.3
2026-06-10T01:29:34.779Z,0.02,0.066,3.3
2026-06-10T01:29:34.981Z,0.02,0.066,3.3
2026-06-10T01:29:35.183Z,0.02,0.066,3.3
2026-06-10T01:29:35.387Z,0.01,0.033,3.3
2026-06-10T01:29:35.584Z,0.01,0.033,3.3
2026-06-10T01:29:35.786Z,0.01,0.033,3.3
2026-06-10T01:29:35.987Z,0.01,0.033,3.3
2026-06-10T01:29:36.188Z,0.01,0.033,3.3
2026-06-10T01:29:36.389Z,0.01,0.033,3.3
2026-06-10T01:29:36.590Z,0.01,0.033,3.3
2026-06-10T01:29:36.792Z,0.01,0.033,3.3
2026-06-10T01:29:36.992Z,0.01,0.033,3.3
2026-06-10T01:29:37.194Z,0.01,0.033,3.3
2026-06-10T01:29:37.395Z,0.01,0.033,3.3
2026-06-10T01:29:37.596Z,0.01,0.033,3.3
2026-06-10T01:29:37.797Z,0.01,0.033,3.3
2026-06-10T01:29:37.999Z,0.01,0.033,3.3
2026-06-10T01:29:38.200Z,0.01,0.033,3.3
2026-06-10T01:29:38.401Z,0.01,0.033,3.3
2026-06-10T01:29:38.603Z,0.02,0.066,3.3
2026-06-10T01:29:38.805Z,0.02,0.066,3.3
2026-06-10T01:29:39.006Z,0.02,0.066,3.3
2026-06-10T01:29:39.207Z,0.02,0.066,3.3
2026-06-10T01:29:39.411Z,0.02,0.066,3.3
2026-06-10T01:29:39.613Z,0.01,0.033,3.3
2026-06-10T01:29:39.815Z,0.01,0.033,3.3
2026-06-10T01:29:40.016Z,6.66,21.978,3.3
2026-06-10T01:29:40.218Z,47.62,157.146,3.3
2026-06-10T01:29:40.419Z,64.95,214.335,3.3
2026-06-10T01:29:40.619Z,65.38,215.754,3.3
2026-06-10T01:29:40.819Z,68.17,224.961,3.3
2026-06-10T01:29:41.020Z,72.3,238.59,3.3
2026-06-10T01:29:41.222Z,67,221.1,3.3
2026-06-10T01:29:41.424Z,56.68,187.044,3.3
2026-06-10T01:29:41.625Z,53.65,177.045,3.3
2026-06-10T01:29:41.826Z,51.64,170.412,3.3
2026-06-10T01:29:42.028Z,55.19,182.127,3.3
2026-06-10T01:29:42.230Z,63.01,207.933,3.3
2026-06-10T01:29:42.433Z,68.49,226.017,3.3
2026-06-10T01:29:42.634Z,67.69,223.377,3.3
2026-06-10T01:29:42.836Z,62.64,206.712,3.3
2026-06-10T01:29:43.036Z,62.94,207.702,3.3
2026-06-10T01:29:43.237Z,62.46,206.118,3.3
2026-06-10T01:29:43.440Z,61.7,203.61,3.3
2026-06-10T01:29:43.640Z,63,207.9,3.3
2026-06-10T01:29:43.842Z,64.05,211.365,3.3
2026-06-10T01:29:44.044Z,70.06,231.198,3.3
2026-06-10T01:29:44.245Z,126.63,417.879,3.3
2026-06-10T01:29:44.448Z,119.32,393.756,3.3
2026-06-10T01:29:44.649Z,110.6,364.98,3.3
2026-06-10T01:29:44.850Z,125.37,413.721,3.3
2026-06-10T01:29:45.051Z,124.59,411.147,3.3
2026-06-10T01:29:45.253Z,104.25,344.025,3.3
2026-06-10T01:29:45.455Z,102.47,338.151,3.3
2026-06-10T01:29:45.658Z,101.21,333.993,3.3
2026-06-10T01:29:45.860Z,102.84,339.372,3.3
2026-06-10T01:29:46.060Z,113.23,373.659,3.3
2026-06-10T01:29:46.263Z,121.79,401.907,3.3
2026-06-10T01:29:46.465Z,110.69,365.277,3.3
2026-06-10T01:29:46.667Z,95.61,315.513,3.3
2026-06-10T01:29:46.868Z,93.16,307.428,3.3
2026-06-10T01:29:47.069Z,93.28,307.824,3.3
2026-06-10T01:29:47.270Z,96.48,318.384,3.3
2026-06-10T01:29:47.471Z,95.42,314.886,3.3
2026-06-10T01:29:47.673Z,96.88,319.704,3.3
2026-06-10T01:29:47.874Z,93.02,306.966,3.3
2026-06-10T01:29:48.077Z,65.31,215.523,3.3
2026-06-10T01:29:48.277Z,36.17,119.361,3.3
2026-06-10T01:29:48.479Z,2.87,9.471,3.3
2026-06-10T01:29:48.681Z,1.19,3.927,3.3
2026-06-10T01:29:48.883Z,0.04,0.132,3.3
2026-06-10T01:29:49.083Z,0.03,0.099,3.3
2026-06-10T01:29:49.284Z,0.02,0.066,3.3
2026-06-10T01:29:49.485Z,0.02,0.066,3.3
2026-06-10T01:29:49.685Z,0.01,0.033,3.3
2026-06-10T01:29:49.886Z,0.01,0.033,3.3
2026-06-10T01:29:50.086Z,0.01,0.033,3.3
2026-06-10T01:29:50.286Z,0.01,0.033,3.3
2026-06-10T01:29:50.487Z,0.02,0.066,3.3
2026-06-10T01:29:50.689Z,0.02,0.066,3.3
2026-06-10T01:29:50.890Z,0.01,0.033,3.3
2026-06-10T01:29:51.092Z,0.01,0.033,3.3
2026-06-10T01:29:51.292Z,0.01,0.033,3.3
2026-06-10T01:29:51.493Z,0.01,0.033,3.3
2026-06-10T01:29:51.694Z,0.01,0.033,3.3
2026-06-10T01:29:51.895Z,0.02,0.066,3.3
2026-06-10T01:29:52.096Z,0.02,0.066,3.3
2026-06-10T01:29:52.296Z,0.02,0.066,3.3
2026-06-10T01:29:52.498Z,0.02,0.066,3.3
2026-06-10T01:29:52.699Z,0.01,0.033,3.3
2026-06-10T01:29:52.900Z,0.01,0.033,3.3
2026-06-10T01:29:53.100Z,0.01,0.033,3.3
2026-06-10T01:29:53.303Z,0.02,0.066,3.3
2026-06-10T01:29:53.505Z,0.03,0.099,3.3
2026-06-10T01:29:53.708Z,0.03,0.099,3.3
2026-06-10T01:29:53.910Z,0.04,0.132,3.3
2026-06-10T01:29:54.112Z,0.03,0.099,3.3
2026-06-10T01:29:54.314Z,0.02,0.066,3.3
2026-06-10T01:29:54.515Z,0.01,0.033,3.3
2026-06-10T01:29:54.716Z,0,0,3.3
2026-06-10T01:29:54.917Z,0.01,0.033,3.3
2026-06-10T01:29:55.119Z,0.01,0.033,3.3
2026-06-10T01:29:55.320Z,0.01,0.033,3.3
2026-06-10T01:29:55.522Z,0.01,0.033,3.3
2026-06-10T01:29:55.722Z,0.01,0.033,3.3
2026-06-10T01:29:55.923Z,0,0,3.3
2026-06-10T01:29:56.123Z,0.01,0.033,3.3
2026-06-10T01:29:56.324Z,0.01,0.033,3.3
2026-06-10T01:29:56.525Z,0.01,0.033,3.3
2026-06-10T01:29:56.727Z,0.01,0.033,3.3
2026-06-10T01:29:56.929Z,0,0,3.3
2026-06-10T01:29:57.130Z,0,0,3.3
2026-06-10T01:29:57.333Z,0,0,3.3
2026-06-10T01:29:57.534Z,0.01,0.033,3.3
2026-06-10T01:29:57.735Z,0.01,0.033,3.3
2026-06-10T01:29:57.936Z,0.01,0.033,3.3
2026-06-10T01:29:58.137Z,0,0,3.3
2026-06-10T01:29:58.338Z,0.01,0.033,3.3
2026-06-10T01:29:58.539Z,0.01,0.033,3.3
2026-06-10T01:29:58.741Z,0.01,0.033,3.3
2026-06-10T01:29:58.942Z,0.01,0.033,3.3
2026-06-10T01:29:59.144Z,0.01,0.033,3.3
2026-06-10T01:29:59.346Z,0.01,0.033,3.3
2026-06-10T01:29:59.547Z,0.01,0.033,3.3
2026-06-10T01:29:59.748Z,0.02,0.066,3.3
2026-06-10T01:29:59.951Z,0.02,0.066,3.3
2026-06-10T01:30:00.153Z,0.02,0.066,3.3
2026-06-10T01:30:00.354Z,0.02,0.066,3.3
2026-06-10T01:30:00.556Z,0.01,0.033,3.3
2026-06-10T01:30:00.757Z,0.01,0.033,3.3
2026-06-10T01:30:00.959Z,0,0,3.3
2026-06-10T01:30:01.160Z,0.01,0.033,3.3
2026-06-10T01:30:01.360Z,0.01,0.033,3.3
2026-06-10T01:30:01.561Z,0.01,0.033,3.3
2026-06-10T01:30:01.762Z,0.01,0.033,3.3
2026-06-10T01:30:01.964Z,0.01,0.033,3.3
2026-06-10T01:30:02.166Z,0.01,0.033,3.3
2026-06-10T01:30:02.368Z,0,0,3.3
2026-06-10T01:30:02.569Z,0,0,3.3
2026-06-10T01:30:02.771Z,0.01,0.033,3.3
2026-06-10T01:30:02.971Z,0.01,0.033,3.3
2026-06-10T01:30:03.175Z,0.01,0.033,3.3
2026-06-10T01:30:03.377Z,0,0,3.3
2026-06-10T01:30:03.576Z,0,0,3.3
2026-06-10T01:30:03.779Z,0,0,3.3
2026-06-10T01:30:03.981Z,0,0,3.3
2026-06-10T01:30:04.182Z,0.01,0.033,3.3
2026-06-10T01:30:04.387Z,0.01,0.033,3.3
2026-06-10T01:30:04.585Z,0.01,0.033,3.3
2026-06-10T01:30:04.786Z,0,0,3.3
2026-06-10T01:30:04.987Z,0,0,3.3
2026-06-10T01:30:05.189Z,0,0,3.3
2026-06-10T01:30:05.391Z,0.01,0.033,3.3
2026-06-10T01:30:05.593Z,0.01,0.033,3.3
2026-06-10T01:30:05.796Z,0.01,0.033,3.3
2026-06-10T01:30:05.997Z,0.01,0.033,3.3
2026-06-10T01:30:06.198Z,0.01,0.033,3.3
2026-06-10T01:30:06.402Z,0,0,3.3
2026-06-10T01:30:06.602Z,0,0,3.3
2026-06-10T01:30:06.803Z,0,0,3.3
2026-06-10T01:30:07.005Z,0.01,0.033,3.3
2026-06-10T01:30:07.207Z,0.01,0.033,3.3
2026-06-10T01:30:07.411Z,0.01,0.033,3.3
2026-06-10T01:30:07.612Z,0.01,0.033,3.3
2026-06-10T01:30:07.814Z,0.01,0.033,3.3
2026-06-10T01:30:08.015Z,0.01,0.033,3.3
2026-06-10T01:30:08.217Z,0,0,3.3
2026-06-10T01:30:08.417Z,0,0,3.3
2026-06-10T01:30:08.619Z,0,0,3.3
2026-06-10T01:30:08.820Z,0,0,3.3
2026-06-10T01:30:09.020Z,0,0,3.3
2026-06-10T01:30:09.222Z,0,0,3.3
2026-06-10T01:30:09.423Z,0,0,3.3
2026-06-10T01:30:09.625Z,0.01,0.033,3.3
2026-06-10T01:30:09.825Z,0,0,3.3
2026-06-10T01:30:10.027Z,0,0,3.3
2026-06-10T01:30:10.229Z,0,0,3.3
2026-06-10T01:30:10.431Z,0,0,3.3
2026-06-10T01:30:10.632Z,0,0,3.3
2026-06-10T01:30:10.834Z,0.01,0.033,3.3
2026-06-10T01:30:11.035Z,0.01,0.033,3.3
2026-06-10T01:30:11.236Z,0.01,0.033,3.3
2026-06-10T01:30:11.437Z,0.01,0.033,3.3
2026-06-10T01:30:11.637Z,0.01,0.033,3.3
2026-06-10T01:30:11.839Z,0,0,3.3
2026-06-10T01:30:12.041Z,0,0,3.3
2026-06-10T01:30:12.243Z,0.01,0.033,3.3
2026-06-10T01:30:12.444Z,0.01,0.033,3.3
2026-06-10T01:30:12.646Z,0.01,0.033,3.3
2026-06-10T01:30:12.848Z,0.01,0.033,3.3
2026-06-10T01:30:13.049Z,0.01,0.033,3.3
2026-06-10T01:30:13.249Z,0.01,0.033,3.3
2026-06-10T01:30:13.451Z,0.01,0.033,3.3
2026-06-10T01:30:13.652Z,0.01,0.033,3.3
2026-06-10T01:30:13.853Z,0.01,0.033,3.3
2026-06-10T01:30:14.055Z,0.01,0.033,3.3
2026-06-10T01:30:14.258Z,0.01,0.033,3.3
2026-06-10T01:30:14.459Z,0.01,0.033,3.3
2026-06-10T01:30:14.660Z,0.01,0.033,3.3
2026-06-10T01:30:14.861Z,0.01,0.033,3.3
2026-06-10T01:30:15.062Z,0.01,0.033,3.3
2026-06-10T01:30:15.264Z,0.01,0.033,3.3
2026-06-10T01:30:15.465Z,0.01,0.033,3.3
2026-06-10T01:30:15.667Z,0.01,0.033,3.3
2026-06-10T01:30:15.869Z,0.01,0.033,3.3
2026-06-10T01:30:16.070Z,0.01,0.033,3.3
2026-06-10T01:30:16.271Z,0.01,0.033,3.3
2026-06-10T01:30:16.472Z,0.02,0.066,3.3
2026-06-10T01:30:16.673Z,0.02,0.066,3.3
2026-06-10T01:30:16.874Z,0.02,0.066,3.3
2026-06-10T01:30:17.075Z,0.02,0.066,3.3
2026-06-10T01:30:17.276Z,0.02,0.066,3.3
2026-06-10T01:30:17.478Z,0.02,0.066,3.3
2026-06-10T01:30:17.679Z,0.01,0.033,3.3
2026-06-10T01:30:17.881Z,0.02,0.066,3.3
2026-06-10T01:30:18.082Z,0.01,0.033,3.3
2026-06-10T01:30:18.283Z,0.01,0.033,3.3
2026-06-10T01:30:18.484Z,0.01,0.033,3.3
2026-06-10T01:30:18.686Z,0.02,0.066,3.3
2026-06-10T01:30:18.887Z,0.02,0.066,3.3
2026-06-10T01:30:19.090Z,0.02,0.066,3.3
2026-06-10T01:30:19.292Z,0.02,0.066,3.3
2026-06-10T01:30:19.493Z,0.01,0.033,3.3
2026-06-10T01:30:19.695Z,0.01,0.033,3.3
2026-06-10T01:30:19.896Z,0.01,0.033,3.3
2026-06-10T01:30:20.097Z,0.02,0.066,3.3
2026-06-10T01:30:20.298Z,0.02,0.066,3.3
2026-06-10T01:30:20.500Z,0.02,0.066,3.3
2026-06-10T01:30:20.702Z,0.02,0.066,3.3
2026-06-10T01:30:20.905Z,0.01,0.033,3.3
2026-06-10T01:30:21.107Z,0.01,0.033,3.3
2026-06-10T01:30:21.308Z,0.01,0.033,3.3
2026-06-10T01:30:21.508Z,0.02,0.066,3.3
2026-06-10T01:30:21.709Z,0.02,0.066,3.3
2026-06-10T01:30:21.909Z,0.02,0.066,3.3
2026-06-10T01:30:22.112Z,0.02,0.066,3.3
2026-06-10T01:30:22.315Z,0.02,0.066,3.3
2026-06-10T01:30:22.515Z,0.02,0.066,3.3
2026-06-10T01:30:22.717Z,0.02,0.066,3.3
2026-06-10T01:30:22.917Z,0.01,0.033,3.3
2026-06-10T01:30:23.118Z,0.01,0.033,3.3
2026-06-10T01:30:23.320Z,0.01,0.033,3.3
2026-06-10T01:30:23.522Z,0.01,0.033,3.3
2026-06-10T01:30:23.724Z,0.01,0.033,3.3
2026-06-10T01:30:23.927Z,0.01,0.033,3.3
2026-06-10T01:30:24.129Z,0.01,0.033,3.3
2026-06-10T01:30:24.328Z,0,0,3.3
2026-06-10T01:30:24.530Z,0.01,0.033,3.3
2026-06-10T01:30:24.731Z,0.02,0.066,3.3
2026-06-10T01:30:24.932Z,0.02,0.066,3.3
2026-06-10T01:30:25.134Z,0.01,0.033,3.3
2026-06-10T01:30:25.335Z,0.01,0.033,3.3
2026-06-10T01:30:25.535Z,0.01,0.033,3.3
2026-06-10T01:30:25.736Z,0.01,0.033,3.3
2026-06-10T01:30:25.939Z,0.01,0.033,3.3
2026-06-10T01:30:26.141Z,0.02,0.066,3.3
2026-06-10T01:30:26.342Z,0.02,0.066,3.3
2026-06-10T01:30:26.544Z,0.02,0.066,3.3
2026-06-10T01:30:26.745Z,0.02,0.066,3.3
2026-06-10T01:30:26.947Z,0.02,0.066,3.3
2026-06-10T01:30:27.149Z,0.01,0.033,3.3
2026-06-10T01:30:27.351Z,0.01,0.033,3.3
2026-06-10T01:30:27.552Z,0.01,0.033,3.3
2026-06-10T01:30:27.754Z,0.01,0.033,3.3
2026-06-10T01:30:27.957Z,0.01,0.033,3.3
2026-06-10T01:30:28.157Z,0.02,0.066,3.3
2026-06-10T01:30:28.357Z,0.01,0.033,3.3
2026-06-10T01:30:28.558Z,0.01,0.033,3.3
2026-06-10T01:30:28.760Z,0.02,0.066,3.3
2026-06-10T01:30:28.962Z,0.02,0.066,3.3
2026-06-10T01:30:29.162Z,0.02,0.066,3.3
2026-06-10T01:30:29.363Z,0.01,0.033,3.3
2026-06-10T01:30:29.564Z,0.01,0.033,3.3
2026-06-10T01:30:29.766Z,0.01,0.033,3.3
2026-06-10T01:30:29.966Z,0.02,0.066,3.3
2026-06-10T01:30:30.169Z,0.02,0.066,3.3
2026-06-10T01:30:30.371Z,0.01,0.033,3.3
2026-06-10T01:30:30.573Z,0.02,0.066,3.3
2026-06-10T01:30:30.774Z,0.02,0.066,3.3
2026-06-10T01:30:30.977Z,0.02,0.066,3.3
2026-06-10T01:30:31.179Z,0.01,0.033,3.3
2026-06-10T01:30:31.388Z,0.01,0.033,3.3
2026-06-10T01:30:31.583Z,0.01,0.033,3.3
2026-06-10T01:30:31.784Z,0.01,0.033,3.3
2026-06-10T01:30:31.986Z,0.02,0.066,3.3
2026-06-10T01:30:32.187Z,0.02,0.066,3.3
2026-06-10T01:30:32.396Z,0.02,0.066,3.3
2026-06-10T01:30:32.596Z,0.02,0.066,3.3
2026-06-10T01:30:32.798Z,0.01,0.033,3.3
2026-06-10T01:30:32.999Z,0,0,3.3
2026-06-10T01:30:33.202Z,0,0,3.3
2026-06-10T01:30:33.405Z,0,0,3.3
2026-06-10T01:30:33.606Z,0,0,3.3
2026-06-10T01:30:33.808Z,0.01,0.033,3.3
2026-06-10T01:30:34.010Z,0.01,0.033,3.3
2026-06-10T01:30:34.212Z,0.01,0.033,3.3
2026-06-10T01:30:34.413Z,0,0,3.3
2026-06-10T01:30:34.615Z,0.01,0.033,3.3
2026-06-10T01:30:34.816Z,0.01,0.033,3.3
2026-06-10T01:30:35.017Z,0,0,3.3
2026-06-10T01:30:35.220Z,0.01,0.033,3.3
2026-06-10T01:30:35.420Z,0.01,0.033,3.3
2026-06-10T01:30:35.621Z,0.01,0.033,3.3
2026-06-10T01:30:35.823Z,0.01,0.033,3.3
2026-06-10T01:30:36.025Z,0.01,0.033,3.3
2026-06-10T01:30:36.225Z,0.01,0.033,3.3
2026-06-10T01:30:36.427Z,0.01,0.033,3.3
2026-06-10T01:30:36.629Z,0.01,0.033,3.3
2026-06-10T01:30:36.831Z,0.02,0.066,3.3
2026-06-10T01:30:37.032Z,0.02,0.066,3.3
2026-06-10T01:30:37.234Z,0.02,0.066,3.3
2026-06-10T01:30:37.436Z,0.02,0.066,3.3
2026-06-10T01:30:37.637Z,0.01,0.033,3.3
2026-06-10T01:30:37.837Z,0.01,0.033,3.3
2026-06-10T01:30:38.038Z,0.01,0.033,3.3
2026-06-10T01:30:38.240Z,0.01,0.033,3.3
2026-06-10T01:30:38.442Z,0.02,0.066,3.3
2026-06-10T01:30:38.644Z,0.02,0.066,3.3
2026-06-10T01:30:38.846Z,0.02,0.066,3.3
2026-06-10T01:30:39.048Z,0.02,0.066,3.3
2026-06-10T01:30:39.250Z,0.02,0.066,3.3
2026-06-10T01:30:39.451Z,0.01,0.033,3.3
2026-06-10T01:30:39.653Z,0.13,0.429,3.3
2026-06-10T01:30:39.853Z,37.13,122.529,3.3
2026-06-10T01:30:40.054Z,63.64,210.012,3.3
2026-06-10T01:30:40.257Z,65.41,215.853,3.3
2026-06-10T01:30:40.458Z,65.34,215.622,3.3
2026-06-10T01:30:40.660Z,72.39,238.887,3.3
2026-06-10T01:30:40.862Z,70.51,232.683,3.3
2026-06-10T01:30:41.062Z,58.34,192.522,3.3
2026-06-10T01:30:41.265Z,55.24,182.292,3.3
2026-06-10T01:30:41.467Z,51.68,170.544,3.3
2026-06-10T01:30:41.668Z,53.28,175.824,3.3
2026-06-10T01:30:41.870Z,60.81,200.673,3.3
2026-06-10T01:30:42.073Z,68.22,225.126,3.3
2026-06-10T01:30:42.274Z,67.57,222.981,3.3
2026-06-10T01:30:42.476Z,62.43,206.019,3.3
2026-06-10T01:30:42.677Z,63.18,208.494,3.3
2026-06-10T01:30:42.878Z,64.6,213.18,3.3
2026-06-10T01:30:43.078Z,64.54,212.982,3.3
2026-06-10T01:30:43.280Z,62.31,205.623,3.3
2026-06-10T01:30:43.481Z,62.31,205.623,3.3
2026-06-10T01:30:43.683Z,62.58,206.514,3.3
2026-06-10T01:30:43.885Z,122.84,405.372,3.3
2026-06-10T01:30:44.086Z,137.09,452.397,3.3
2026-06-10T01:30:44.286Z,106.59,351.747,3.3
2026-06-10T01:30:44.487Z,122.55,404.415,3.3
2026-06-10T01:30:44.689Z,121.84,402.072,3.3
2026-06-10T01:30:44.891Z,100.94,333.102,3.3
2026-06-10T01:30:45.094Z,101.34,334.422,3.3
2026-06-10T01:30:45.295Z,100.2,330.66,3.3
2026-06-10T01:30:45.496Z,98.96,326.568,3.3
2026-06-10T01:30:45.697Z,101.14,333.762,3.3
2026-06-10T01:30:45.899Z,115.26,380.358,3.3
2026-06-10T01:30:46.100Z,120.8,398.64,3.3
2026-06-10T01:30:46.300Z,106.21,350.493,3.3
2026-06-10T01:30:46.502Z,94.84,312.972,3.3
2026-06-10T01:30:46.704Z,93.82,309.606,3.3
2026-06-10T01:30:46.905Z,94.03,310.299,3.3
2026-06-10T01:30:47.107Z,98.13,323.829,3.3
2026-06-10T01:30:47.309Z,99.16,327.228,3.3
2026-06-10T01:30:47.509Z,97.65,322.245,3.3
2026-06-10T01:30:47.710Z,86.06,283.998,3.3
2026-06-10T01:30:47.911Z,58.3,192.39,3.3
2026-06-10T01:30:48.112Z,29.99,98.967,3.3
2026-06-10T01:30:48.315Z,2.54,8.382,3.3
2026-06-10T01:30:48.515Z,0.74,2.442,3.3
2026-06-10T01:30:48.717Z,0.04,0.132,3.3
2026-06-10T01:30:48.918Z,0.02,0.066,3.3
2026-06-10T01:30:49.120Z,0.02,0.066,3.3
2026-06-10T01:30:49.321Z,0.02,0.066,3.3
2026-06-10T01:30:49.523Z,0.01,0.033,3.3
2026-06-10T01:30:49.724Z,0.01,0.033,3.3
2026-06-10T01:30:49.926Z,0.01,0.033,3.3
2026-06-10T01:30:50.127Z,0.02,0.066,3.3
2026-06-10T01:30:50.328Z,0.02,0.066,3.3
2026-06-10T01:30:50.531Z,0.01,0.033,3.3
2026-06-10T01:30:50.732Z,0.01,0.033,3.3
2026-06-10T01:30:50.932Z,0.01,0.033,3.3
2026-06-10T01:30:51.133Z,0.02,0.066,3.3
2026-06-10T01:30:51.334Z,0.01,0.033,3.3
2026-06-10T01:30:51.535Z,0.01,0.033,3.3
2026-06-10T01:30:51.737Z,0.01,0.033,3.3
2026-06-10T01:30:51.939Z,0.01,0.033,3.3
2026-06-10T01:30:52.141Z,0.02,0.066,3.3
2026-06-10T01:30:52.341Z,0.02,0.066,3.3
2026-06-10T01:30:52.542Z,0.02,0.066,3.3
2026-06-10T01:30:52.743Z,0.01,0.033,3.3
2026-06-10T01:30:52.946Z,0.01,0.033,3.3
2026-06-10T01:30:53.146Z,0.02,0.066,3.3
2026-06-10T01:30:53.348Z,0.02,0.066,3.3
2026-06-10T01:30:53.549Z,0.01,0.033,3.3
2026-06-10T01:30:53.749Z,0.01,0.033,3.3
2026-06-10T01:30:53.951Z,0.02,0.066,3.3
2026-06-10T01:30:54.154Z,0.02,0.066,3.3
2026-06-10T01:30:54.356Z,0.02,0.066,3.3
2026-06-10T01:30:54.557Z,0.02,0.066,3.3
2026-06-10T01:30:54.759Z,0.02,0.066,3.3
2026-06-10T01:30:54.961Z,0.02,0.066,3.3
2026-06-10T01:30:55.163Z,0.01,0.033,3.3
2026-06-10T01:30:55.364Z,0.01,0.033,3.3
2026-06-10T01:30:55.567Z,0.02,0.066,3.3
2026-06-10T01:30:55.768Z,0.02,0.066,3.3
2026-06-10T01:30:55.969Z,0.02,0.066,3.3
2026-06-10T01:30:56.171Z,0.02,0.066,3.3
2026-06-10T01:30:56.373Z,0.02,0.066,3.3
2026-06-10T01:30:56.574Z,0.01,0.033,3.3
2026-06-10T01:30:56.775Z,0.01,0.033,3.3
2026-06-10T01:30:56.978Z,0.01,0.033,3.3
2026-06-10T01:30:57.179Z,0.01,0.033,3.3
2026-06-10T01:30:57.382Z,0.02,0.066,3.3
2026-06-10T01:30:57.582Z,0.02,0.066,3.3
2026-06-10T01:30:57.785Z,0.02,0.066,3.3
2026-06-10T01:30:57.987Z,0.02,0.066,3.3
2026-06-10T01:30:58.188Z,0.02,0.066,3.3
2026-06-10T01:30:58.389Z,0.01,0.033,3.3
2026-06-10T01:30:58.589Z,0,0,3.3
2026-06-10T01:30:58.790Z,0.01,0.033,3.3
2026-06-10T01:30:58.991Z,0.01,0.033,3.3
2026-06-10T01:30:59.192Z,0.01,0.033,3.3
2026-06-10T01:30:59.395Z,0.01,0.033,3.3
2026-06-10T01:30:59.596Z,0.02,0.066,3.3
2026-06-10T01:30:59.799Z,0.02,0.066,3.3
2026-06-10T01:31:00.001Z,0.02,0.066,3.3
2026-06-10T01:31:00.202Z,0.02,0.066,3.3
2026-06-10T01:31:00.404Z,0.02,0.066,3.3
2026-06-10T01:31:00.604Z,0.01,0.033,3.3
2026-06-10T01:31:00.806Z,0.01,0.033,3.3
2026-06-10T01:31:01.007Z,0.01,0.033,3.3
2026-06-10T01:31:01.208Z,0.01,0.033,3.3
2026-06-10T01:31:01.413Z,0.02,0.066,3.3
2026-06-10T01:31:01.615Z,0.02,0.066,3.3
2026-06-10T01:31:01.816Z,0.02,0.066,3.3
2026-06-10T01:31:02.017Z,0.02,0.066,3.3
2026-06-10T01:31:02.219Z,0.01,0.033,3.3
2026-06-10T01:31:02.420Z,0.01,0.033,3.3
2026-06-10T01:31:02.623Z,0.01,0.033,3.3
2026-06-10T01:31:02.822Z,0.02,0.066,3.3
2026-06-10T01:31:03.025Z,0.01,0.033,3.3
2026-06-10T01:31:03.224Z,0.02,0.066,3.3
2026-06-10T01:31:03.427Z,0.02,0.066,3.3
2026-06-10T01:31:03.628Z,0.02,0.066,3.3
2026-06-10T01:31:03.829Z,0.01,0.033,3.3
2026-06-10T01:31:04.030Z,0.01,0.033,3.3
2026-06-10T01:31:04.232Z,0.01,0.033,3.3
2026-06-10T01:31:04.434Z,0.01,0.033,3.3
2026-06-10T01:31:04.636Z,0.02,0.066,3.3
2026-06-10T01:31:04.837Z,0.02,0.066,3.3
2026-06-10T01:31:05.039Z,0.02,0.066,3.3
2026-06-10T01:31:05.240Z,0.02,0.066,3.3
2026-06-10T01:31:05.441Z,0.02,0.066,3.3
2026-06-10T01:31:05.642Z,0.01,0.033,3.3
2026-06-10T01:31:05.844Z,0.01,0.033,3.3
2026-06-10T01:31:06.044Z,0.01,0.033,3.3
2026-06-10T01:31:06.247Z,0.01,0.033,3.3
2026-06-10T01:31:06.449Z,0.02,0.066,3.3
2026-06-10T01:31:06.651Z,0.02,0.066,3.3
2026-06-10T01:31:06.853Z,0.02,0.066,3.3
2026-06-10T01:31:07.055Z,0.02,0.066,3.3
2026-06-10T01:31:07.258Z,0.02,0.066,3.3
2026-06-10T01:31:07.458Z,0.02,0.066,3.3
2026-06-10T01:31:07.660Z,0.01,0.033,3.3
2026-06-10T01:31:07.862Z,0.01,0.033,3.3
2026-06-10T01:31:08.062Z,0.01,0.033,3.3
2026-06-10T01:31:08.264Z,0.02,0.066,3.3
2026-06-10T01:31:08.465Z,0.02,0.066,3.3
2026-06-10T01:31:08.666Z,0.02,0.066,3.3
2026-06-10T01:31:08.867Z,0.02,0.066,3.3
2026-06-10T01:31:09.068Z,0.02,0.066,3.3
2026-06-10T01:31:09.270Z,0.01,0.033,3.3
2026-06-10T01:31:09.471Z,0.01,0.033,3.3
2026-06-10T01:31:09.673Z,0.02,0.066,3.3
2026-06-10T01:31:09.874Z,0.02,0.066,3.3
2026-06-10T01:31:10.075Z,0.02,0.066,3.3
2026-06-10T01:31:10.277Z,0.01,0.033,3.3
2026-06-10T01:31:10.478Z,0.01,0.033,3.3
2026-06-10T01:31:10.681Z,0.01,0.033,3.3
2026-06-10T01:31:10.883Z,0.01,0.033,3.3
2026-06-10T01:31:11.085Z,0.02,0.066,3.3
2026-06-10T01:31:11.286Z,0.02,0.066,3.3
2026-06-10T01:31:11.486Z,0.02,0.066,3.3
2026-06-10T01:31:11.687Z,0.02,0.066,3.3
2026-06-10T01:31:11.890Z,0.01,0.033,3.3
2026-06-10T01:31:12.091Z,0.01,0.033,3.3
2026-06-10T01:31:12.292Z,0.01,0.033,3.3
2026-06-10T01:31:12.493Z,0.01,0.033,3.3
2026-06-10T01:31:12.694Z,0.01,0.033,3.3
2026-06-10T01:31:12.895Z,0.01,0.033,3.3
2026-06-10T01:31:13.096Z,0.01,0.033,3.3
2026-06-10T01:31:13.297Z,0.01,0.033,3.3
2026-06-10T01:31:13.498Z,0.01,0.033,3.3
2026-06-10T01:31:13.700Z,0.01,0.033,3.3
2026-06-10T01:31:13.901Z,0.01,0.033,3.3
2026-06-10T01:31:14.102Z,0.01,0.033,3.3
2026-06-10T01:31:14.304Z,0.02,0.066,3.3
2026-06-10T01:31:14.505Z,0.02,0.066,3.3
2026-06-10T01:31:14.706Z,0.02,0.066,3.3
2026-06-10T01:31:14.907Z,0.01,0.033,3.3
2026-06-10T01:31:15.108Z,0.01,0.033,3.3
2026-06-10T01:31:15.309Z,0.01,0.033,3.3
2026-06-10T01:31:15.510Z,0.01,0.033,3.3
2026-06-10T01:31:15.712Z,0.02,0.066,3.3
2026-06-10T01:31:15.914Z,0.02,0.066,3.3
2026-06-10T01:31:16.116Z,0.02,0.066,3.3
2026-06-10T01:31:16.317Z,0.02,0.066,3.3
2026-06-10T01:31:16.519Z,0.02,0.066,3.3
2026-06-10T01:31:16.721Z,0.01,0.033,3.3
2026-06-10T01:31:16.922Z,0.01,0.033,3.3
2026-06-10T01:31:17.122Z,0.01,0.033,3.3
2026-06-10T01:31:17.324Z,0.02,0.066,3.3
2026-06-10T01:31:17.524Z,0.02,0.066,3.3
2026-06-10T01:31:17.725Z,0.02,0.066,3.3
2026-06-10T01:31:17.926Z,0.02,0.066,3.3
2026-06-10T01:31:18.128Z,0.02,0.066,3.3
2026-06-10T01:31:18.330Z,0.01,0.033,3.3
2026-06-10T01:31:18.532Z,0.01,0.033,3.3
2026-06-10T01:31:18.734Z,0.01,0.033,3.3
2026-06-10T01:31:18.936Z,0.01,0.033,3.3
2026-06-10T01:31:19.137Z,0.01,0.033,3.3
2026-06-10T01:31:19.337Z,0.02,0.066,3.3
2026-06-10T01:31:19.540Z,0.02,0.066,3.3
2026-06-10T01:31:19.742Z,0.02,0.066,3.3
2026-06-10T01:31:19.944Z,0.02,0.066,3.3
2026-06-10T01:31:20.147Z,0.01,0.033,3.3
2026-06-10T01:31:20.347Z,0.01,0.033,3.3
2026-06-10T01:31:20.549Z,0.02,0.066,3.3
2026-06-10T01:31:20.750Z,0.02,0.066,3.3
2026-06-10T01:31:20.951Z,0.02,0.066,3.3
2026-06-10T01:31:21.153Z,0.02,0.066,3.3
2026-06-10T01:31:21.355Z,0.02,0.066,3.3
2026-06-10T01:31:21.557Z,0.01,0.033,3.3
2026-06-10T01:31:21.759Z,0.02,0.066,3.3
2026-06-10T01:31:21.960Z,0.01,0.033,3.3
2026-06-10T01:31:22.161Z,0.01,0.033,3.3
2026-06-10T01:31:22.362Z,0.02,0.066,3.3
2026-06-10T01:31:22.561Z,0.02,0.066,3.3
2026-06-10T01:31:22.764Z,0.02,0.066,3.3
2026-06-10T01:31:22.964Z,0.02,0.066,3.3
2026-06-10T01:31:23.164Z,0.02,0.066,3.3
2026-06-10T01:31:23.366Z,0.01,0.033,3.3
2026-06-10T01:31:23.566Z,0.01,0.033,3.3
2026-06-10T01:31:23.768Z,0.01,0.033,3.3
2026-06-10T01:31:23.970Z,0.02,0.066,3.3
2026-06-10T01:31:24.172Z,0.02,0.066,3.3
2026-06-10T01:31:24.373Z,0.02,0.066,3.3
2026-06-10T01:31:24.575Z,0.02,0.066,3.3
2026-06-10T01:31:24.776Z,0.02,0.066,3.3
2026-06-10T01:31:24.976Z,0.01,0.033,3.3
2026-06-10T01:31:25.178Z,0.01,0.033,3.3
2026-06-10T01:31:25.381Z,0.01,0.033,3.3
2026-06-10T01:31:25.582Z,0.01,0.033,3.3
2026-06-10T01:31:25.783Z,0.02,0.066,3.3
2026-06-10T01:31:25.985Z,0.02,0.066,3.3
2026-06-10T01:31:26.186Z,0.02,0.066,3.3
2026-06-10T01:31:26.388Z,0.02,0.066,3.3
2026-06-10T01:31:26.589Z,0.02,0.066,3.3
2026-06-10T01:31:26.790Z,0.01,0.033,3.3
2026-06-10T01:31:26.990Z,0.01,0.033,3.3
2026-06-10T01:31:27.193Z,0.01,0.033,3.3
2026-06-10T01:31:27.393Z,0.01,0.033,3.3
2026-06-10T01:31:27.594Z,0.01,0.033,3.3
2026-06-10T01:31:27.796Z,0.01,0.033,3.3
2026-06-10T01:31:27.998Z,0.02,0.066,3.3
2026-06-10T01:31:28.201Z,0.02,0.066,3.3
2026-06-10T01:31:28.403Z,0.02,0.066,3.3
2026-06-10T01:31:28.605Z,0.02,0.066,3.3
2026-06-10T01:31:28.808Z,0.01,0.033,3.3
2026-06-10T01:31:29.009Z,0.01,0.033,3.3
2026-06-10T01:31:29.210Z,0.01,0.033,3.3
2026-06-10T01:31:29.412Z,0.01,0.033,3.3
2026-06-10T01:31:29.614Z,0.01,0.033,3.3
2026-06-10T01:31:29.816Z,0.01,0.033,3.3
2026-06-10T01:31:30.018Z,0.01,0.033,3.3
2026-06-10T01:31:30.219Z,0.01,0.033,3.3
2026-06-10T01:31:30.420Z,0.01,0.033,3.3
2026-06-10T01:31:30.624Z,0.01,0.033,3.3
2026-06-10T01:31:30.823Z,0.01,0.033,3.3
2026-06-10T01:31:31.024Z,0.02,0.066,3.3
2026-06-10T01:31:31.227Z,0.02,0.066,3.3
2026-06-10T01:31:31.428Z,0.02,0.066,3.3
2026-06-10T01:31:31.629Z,0.02,0.066,3.3
2026-06-10T01:31:31.830Z,0.01,0.033,3.3
2026-06-10T01:31:32.031Z,0.01,0.033,3.3
2026-06-10T01:31:32.232Z,0.02,0.066,3.3
2026-06-10T01:31:32.433Z,0.02,0.066,3.3
2026-06-10T01:31:32.634Z,0.02,0.066,3.3
2026-06-10T01:31:32.835Z,0.02,0.066,3.3
2026-06-10T01:31:33.036Z,0.02,0.066,3.3
2026-06-10T01:31:33.238Z,0.01,0.033,3.3
2026-06-10T01:31:33.440Z,0.01,0.033,3.3
2026-06-10T01:31:33.641Z,0.02,0.066,3.3
2026-06-10T01:31:33.843Z,0.02,0.066,3.3
2026-06-10T01:31:34.045Z,0.02,0.066,3.3
2026-06-10T01:31:34.246Z,0.02,0.066,3.3
2026-06-10T01:31:34.447Z,0.02,0.066,3.3
2026-06-10T01:31:34.649Z,0.01,0.033,3.3
2026-06-10T01:31:34.849Z,0.01,0.033,3.3
2026-06-10T01:31:35.052Z,0.01,0.033,3.3
2026-06-10T01:31:35.252Z,0.01,0.033,3.3
2026-06-10T01:31:35.453Z,0.01,0.033,3.3
2026-06-10T01:31:35.654Z,0.01,0.033,3.3
2026-06-10T01:31:35.856Z,0.01,0.033,3.3
2026-06-10T01:31:36.057Z,0,0,3.3
2026-06-10T01:31:36.260Z,0,0,3.3
2026-06-10T01:31:36.460Z,0.01,0.033,3.3
2026-06-10T01:31:36.662Z,0.01,0.033,3.3
2026-06-10T01:31:36.864Z,0,0,3.3
2026-06-10T01:31:37.066Z,0.01,0.033,3.3
2026-06-10T01:31:37.268Z,0.01,0.033,3.3
2026-06-10T01:31:37.470Z,0.01,0.033,3.3
2026-06-10T01:31:37.671Z,0.01,0.033,3.3
2026-06-10T01:31:37.873Z,0.01,0.033,3.3
2026-06-10T01:31:38.073Z,0.01,0.033,3.3
2026-06-10T01:31:38.275Z,0,0,3.3
2026-06-10T01:31:38.476Z,0,0,3.3
2026-06-10T01:31:38.678Z,0.01,0.033,3.3
2026-06-10T01:31:38.880Z,0.01,0.033,3.3
2026-06-10T01:31:39.083Z,0.01,0.033,3.3
2026-06-10T01:31:39.284Z,0.02,0.066,3.3
2026-06-10T01:31:39.484Z,0.03,0.099,3.3
2026-06-10T01:31:39.690Z,24.65,81.345,3.3
2026-06-10T01:31:39.887Z,61.82,204.006,3.3
2026-06-10T01:31:40.088Z,65.66,216.678,3.3
2026-06-10T01:31:40.290Z,65.2,215.16,3.3
2026-06-10T01:31:40.492Z,72.74,240.042,3.3
2026-06-10T01:31:40.692Z,71.66,236.478,3.3
2026-06-10T01:31:40.893Z,60.95,201.135,3.3
2026-06-10T01:31:41.095Z,56.57,186.681,3.3
2026-06-10T01:31:41.295Z,51.73,170.709,3.3
2026-06-10T01:31:41.496Z,52,171.6,3.3
2026-06-10T01:31:41.698Z,58.37,192.621,3.3
2026-06-10T01:31:41.901Z,68.34,225.522,3.3
2026-06-10T01:31:42.102Z,68.3,225.39,3.3
2026-06-10T01:31:42.303Z,62.68,206.844,3.3
2026-06-10T01:31:42.504Z,62.64,206.712,3.3
2026-06-10T01:31:42.705Z,62.88,207.504,3.3
2026-06-10T01:31:42.907Z,61.66,203.478,3.3
2026-06-10T01:31:43.108Z,62.17,205.161,3.3
2026-06-10T01:31:43.309Z,62.68,206.844,3.3
2026-06-10T01:31:43.510Z,63.06,208.098,3.3
2026-06-10T01:31:43.712Z,68.84,227.172,3.3
2026-06-10T01:31:43.915Z,121.43,400.719,3.3
2026-06-10T01:31:44.116Z,122.25,403.425,3.3
2026-06-10T01:31:44.317Z,102.91,339.603,3.3
2026-06-10T01:31:44.519Z,111.35,367.455,3.3
2026-06-10T01:31:44.722Z,118.25,390.225,3.3
2026-06-10T01:31:44.922Z,109.76,362.208,3.3
2026-06-10T01:31:45.124Z,101.89,336.237,3.3
2026-06-10T01:31:45.325Z,102.22,337.326,3.3
2026-06-10T01:31:45.527Z,100.93,333.069,3.3
2026-06-10T01:31:45.728Z,102.11,336.963,3.3
2026-06-10T01:31:45.930Z,113.41,374.253,3.3
2026-06-10T01:31:46.131Z,121.04,399.432,3.3
2026-06-10T01:31:46.334Z,109.72,362.076,3.3
2026-06-10T01:31:46.536Z,95.67,315.711,3.3
2026-06-10T01:31:46.737Z,92.65,305.745,3.3
2026-06-10T01:31:46.938Z,92.77,306.141,3.3
2026-06-10T01:31:47.138Z,94.8,312.84,3.3
2026-06-10T01:31:47.340Z,92.54,305.382,3.3
2026-06-10T01:31:47.541Z,95.24,314.292,3.3
2026-06-10T01:31:47.742Z,85.58,282.414,3.3
2026-06-10T01:31:47.943Z,59.85,197.505,3.3
2026-06-10T01:31:48.146Z,37.99,125.367,3.3
2026-06-10T01:31:48.348Z,3.15,10.395,3.3
2026-06-10T01:31:48.549Z,0.8,2.64,3.3
2026-06-10T01:31:48.751Z,0.06,0.198,3.3
2026-06-10T01:31:48.953Z,0.04,0.132,3.3
2026-06-10T01:31:49.154Z,0.03,0.099,3.3
2026-06-10T01:31:49.355Z,0.02,0.066,3.3
2026-06-10T01:31:49.557Z,0.01,0.033,3.3
2026-06-10T01:31:49.758Z,0.01,0.033,3.3
2026-06-10T01:31:49.960Z,0.01,0.033,3.3
2026-06-10T01:31:50.161Z,0.01,0.033,3.3
2026-06-10T01:31:50.362Z,0.01,0.033,3.3
2026-06-10T01:31:50.565Z,0.02,0.066,3.3
2026-06-10T01:31:50.766Z,0.02,0.066,3.3
2026-06-10T01:31:50.965Z,0.02,0.066,3.3
2026-06-10T01:31:51.168Z,0.02,0.066,3.3
2026-06-10T01:31:51.369Z,0.02,0.066,3.3
2026-06-10T01:31:51.570Z,0.01,0.033,3.3
2026-06-10T01:31:51.772Z,0.01,0.033,3.3
2026-06-10T01:31:51.974Z,0.02,0.066,3.3
2026-06-10T01:31:52.176Z,0.02,0.066,3.3
2026-06-10T01:31:52.378Z,0.02,0.066,3.3
2026-06-10T01:31:52.578Z,0.02,0.066,3.3
2026-06-10T01:31:52.779Z,0.01,0.033,3.3
2026-06-10T01:31:52.981Z,0.01,0.033,3.3
2026-06-10T01:31:53.183Z,0,0,3.3
2026-06-10T01:31:53.385Z,0,0,3.3
2026-06-10T01:31:53.585Z,0,0,3.3
2026-06-10T01:31:53.786Z,0,0,3.3
2026-06-10T01:31:53.986Z,0,0,3.3
2026-06-10T01:31:54.187Z,0.01,0.033,3.3
2026-06-10T01:31:54.389Z,0.01,0.033,3.3
2026-06-10T01:31:54.588Z,0.01,0.033,3.3
2026-06-10T01:31:54.788Z,0.01,0.033,3.3
2026-06-10T01:31:54.990Z,0.01,0.033,3.3
2026-06-10T01:31:55.192Z,0.01,0.033,3.3
2026-06-10T01:31:55.394Z,0.01,0.033,3.3
2026-06-10T01:31:55.594Z,0.01,0.033,3.3
2026-06-10T01:31:55.797Z,0.01,0.033,3.3
2026-06-10T01:31:55.999Z,0.02,0.066,3.3
2026-06-10T01:31:56.202Z,0.02,0.066,3.3
2026-06-10T01:31:56.406Z,0.02,0.066,3.3
2026-06-10T01:31:56.607Z,0.02,0.066,3.3
2026-06-10T01:31:56.808Z,0.01,0.033,3.3
2026-06-10T01:31:57.008Z,0.01,0.033,3.3
2026-06-10T01:31:57.210Z,0.01,0.033,3.3
2026-06-10T01:31:57.415Z,0,0,3.3
2026-06-10T01:31:57.617Z,0,0,3.3
2026-06-10T01:31:57.819Z,0.01,0.033,3.3
2026-06-10T01:31:58.022Z,0,0,3.3
2026-06-10T01:31:58.223Z,0,0,3.3
2026-06-10T01:31:58.424Z,0,0,3.3
2026-06-10T01:31:58.625Z,0,0,3.3
2026-06-10T01:31:58.826Z,0,0,3.3
2026-06-10T01:31:59.026Z,0,0,3.3
2026-06-10T01:31:59.228Z,0.01,0.033,3.3
2026-06-10T01:31:59.429Z,0.01,0.033,3.3
2026-06-10T01:31:59.630Z,0.01,0.033,3.3
2026-06-10T01:31:59.831Z,0.01,0.033,3.3
2026-06-10T01:32:00.034Z,0.01,0.033,3.3
2026-06-10T01:32:00.235Z,0.01,0.033,3.3
2026-06-10T01:32:00.436Z,0.01,0.033,3.3
2026-06-10T01:32:00.637Z,0.01,0.033,3.3
2026-06-10T01:32:00.840Z,0.01,0.033,3.3
2026-06-10T01:32:01.041Z,0.01,0.033,3.3
2026-06-10T01:32:01.243Z,0.01,0.033,3.3
2026-06-10T01:32:01.445Z,0.02,0.066,3.3
2026-06-10T01:32:01.646Z,0.02,0.066,3.3
2026-06-10T01:32:01.848Z,0.01,0.033,3.3
2026-06-10T01:32:02.049Z,0.01,0.033,3.3
2026-06-10T01:32:02.251Z,0.01,0.033,3.3
2026-06-10T01:32:02.452Z,0.02,0.066,3.3
2026-06-10T01:32:02.654Z,0.02,0.066,3.3
2026-06-10T01:32:02.856Z,0.02,0.066,3.3
2026-06-10T01:32:03.057Z,0.02,0.066,3.3
2026-06-10T01:32:03.258Z,0.01,0.033,3.3
2026-06-10T01:32:03.460Z,0.02,0.066,3.3
2026-06-10T01:32:03.661Z,0.02,0.066,3.3
2026-06-10T01:32:03.862Z,0.02,0.066,3.3
2026-06-10T01:32:04.064Z,0.02,0.066,3.3
2026-06-10T01:32:04.265Z,0.02,0.066,3.3
2026-06-10T01:32:04.467Z,0.01,0.033,3.3
2026-06-10T01:32:04.667Z,0.01,0.033,3.3
2026-06-10T01:32:04.867Z,0.01,0.033,3.3
2026-06-10T01:32:05.069Z,0.01,0.033,3.3
2026-06-10T01:32:05.270Z,0.02,0.066,3.3
2026-06-10T01:32:05.471Z,0.02,0.066,3.3
2026-06-10T01:32:05.673Z,0.02,0.066,3.3
2026-06-10T01:32:05.874Z,0.02,0.066,3.3
2026-06-10T01:32:06.076Z,0.01,0.033,3.3
2026-06-10T01:32:06.276Z,0.01,0.033,3.3
2026-06-10T01:32:06.479Z,0.01,0.033,3.3
2026-06-10T01:32:06.679Z,0.02,0.066,3.3
2026-06-10T01:32:06.879Z,0.02,0.066,3.3
2026-06-10T01:32:07.081Z,0.02,0.066,3.3
2026-06-10T01:32:07.283Z,0.02,0.066,3.3
2026-06-10T01:32:07.484Z,0.01,0.033,3.3
2026-06-10T01:32:07.685Z,0.01,0.033,3.3
2026-06-10T01:32:07.884Z,0.02,0.066,3.3
2026-06-10T01:32:08.086Z,0.01,0.033,3.3
2026-06-10T01:32:08.287Z,0.01,0.033,3.3
2026-06-10T01:32:08.487Z,0.02,0.066,3.3
2026-06-10T01:32:08.689Z,0.03,0.099,3.3
2026-06-10T01:32:08.890Z,0.02,0.066,3.3
2026-06-10T01:32:09.093Z,0.02,0.066,3.3
2026-06-10T01:32:09.293Z,0.01,0.033,3.3
2026-06-10T01:32:09.495Z,0.01,0.033,3.3
2026-06-10T01:32:09.697Z,0.01,0.033,3.3
2026-06-10T01:32:09.898Z,0.01,0.033,3.3
2026-06-10T01:32:10.098Z,0.01,0.033,3.3
2026-06-10T01:32:10.299Z,0.01,0.033,3.3
2026-06-10T01:32:10.500Z,0,0,3.3
2026-06-10T01:32:10.702Z,0,0,3.3
2026-06-10T01:32:10.905Z,0.01,0.033,3.3
2026-06-10T01:32:11.108Z,0.01,0.033,3.3
2026-06-10T01:32:11.308Z,0.01,0.033,3.3
2026-06-10T01:32:11.509Z,0.01,0.033,3.3
2026-06-10T01:32:11.711Z,0,0,3.3
2026-06-10T01:32:11.913Z,0,0,3.3
2026-06-10T01:32:12.114Z,0,0,3.3
2026-06-10T01:32:12.315Z,0.01,0.033,3.3
2026-06-10T01:32:12.518Z,0.01,0.033,3.3
2026-06-10T01:32:12.719Z,0.01,0.033,3.3
2026-06-10T01:32:12.920Z,0,0,3.3
2026-06-10T01:32:13.121Z,0.01,0.033,3.3
2026-06-10T01:32:13.322Z,0.01,0.033,3.3
2026-06-10T01:32:13.523Z,0.01,0.033,3.3
2026-06-10T01:32:13.725Z,0,0,3.3
2026-06-10T01:32:13.927Z,0,0,3.3
2026-06-10T01:32:14.129Z,0,0,3.3
2026-06-10T01:32:14.331Z,0,0,3.3
2026-06-10T01:32:14.531Z,0.01,0.033,3.3
2026-06-10T01:32:14.733Z,0.01,0.033,3.3
2026-06-10T01:32:14.933Z,0.01,0.033,3.3
2026-06-10T01:32:15.135Z,0.01,0.033,3.3
2026-06-10T01:32:15.337Z,0.01,0.033,3.3
2026-06-10T01:32:15.539Z,0.01,0.033,3.3
2026-06-10T01:32:15.741Z,0.01,0.033,3.3
2026-06-10T01:32:15.942Z,0.01,0.033,3.3
2026-06-10T01:32:16.142Z,0.01,0.033,3.3
2026-06-10T01:32:16.343Z,0.02,0.066,3.3
2026-06-10T01:32:16.545Z,0.02,0.066,3.3
2026-06-10T01:32:16.748Z,0.02,0.066,3.3
2026-06-10T01:32:16.950Z,0.02,0.066,3.3
2026-06-10T01:32:17.153Z,0.02,0.066,3.3
2026-06-10T01:32:17.354Z,0.01,0.033,3.3
2026-06-10T01:32:17.557Z,0.01,0.033,3.3
2026-06-10T01:32:17.758Z,0.01,0.033,3.3
2026-06-10T01:32:17.960Z,0.01,0.033,3.3
2026-06-10T01:32:18.161Z,0.01,0.033,3.3
2026-06-10T01:32:18.362Z,0.02,0.066,3.3
2026-06-10T01:32:18.563Z,0.02,0.066,3.3
2026-06-10T01:32:18.764Z,0.02,0.066,3.3
2026-06-10T01:32:18.966Z,0.02,0.066,3.3
2026-06-10T01:32:19.169Z,0.02,0.066,3.3
2026-06-10T01:32:19.370Z,0.02,0.066,3.3
2026-06-10T01:32:19.571Z,0.01,0.033,3.3
2026-06-10T01:32:19.772Z,0.01,0.033,3.3
2026-06-10T01:32:19.973Z,0.02,0.066,3.3
2026-06-10T01:32:20.174Z,0.02,0.066,3.3
2026-06-10T01:32:20.380Z,0.02,0.066,3.3
2026-06-10T01:32:20.579Z,0.02,0.066,3.3
2026-06-10T01:32:20.780Z,0.02,0.066,3.3
2026-06-10T01:32:20.981Z,0.02,0.066,3.3
2026-06-10T01:32:21.183Z,0.01,0.033,3.3
2026-06-10T01:32:21.387Z,0.01,0.033,3.3
2026-06-10T01:32:21.585Z,0.01,0.033,3.3
2026-06-10T01:32:21.786Z,0.01,0.033,3.3
2026-06-10T01:32:21.987Z,0.02,0.066,3.3
2026-06-10T01:32:22.187Z,0.02,0.066,3.3
2026-06-10T01:32:22.396Z,0.02,0.066,3.3
2026-06-10T01:32:22.591Z,0.02,0.066,3.3
2026-06-10T01:32:22.793Z,0.02,0.066,3.3
2026-06-10T01:32:22.993Z,0.01,0.033,3.3
2026-06-10T01:32:23.195Z,0.01,0.033,3.3
2026-06-10T01:32:23.396Z,0.02,0.066,3.3
2026-06-10T01:32:23.598Z,0.02,0.066,3.3
2026-06-10T01:32:23.800Z,0.02,0.066,3.3
2026-06-10T01:32:24.001Z,0.02,0.066,3.3
2026-06-10T01:32:24.203Z,0.02,0.066,3.3
2026-06-10T01:32:24.405Z,0.02,0.066,3.3
2026-06-10T01:32:24.606Z,0.01,0.033,3.3
2026-06-10T01:32:24.807Z,0,0,3.3
2026-06-10T01:32:25.009Z,0.01,0.033,3.3
2026-06-10T01:32:25.211Z,0.01,0.033,3.3
2026-06-10T01:32:25.412Z,0.02,0.066,3.3
2026-06-10T01:32:25.615Z,0.01,0.033,3.3
2026-06-10T01:32:25.816Z,0,0,3.3
2026-06-10T01:32:26.017Z,0.01,0.033,3.3
2026-06-10T01:32:26.217Z,0.01,0.033,3.3
2026-06-10T01:32:26.418Z,0.01,0.033,3.3
2026-06-10T01:32:26.618Z,0.01,0.033,3.3
2026-06-10T01:32:26.820Z,0,0,3.3
2026-06-10T01:32:27.021Z,0.01,0.033,3.3
2026-06-10T01:32:27.224Z,0.01,0.033,3.3
2026-06-10T01:32:27.426Z,0.01,0.033,3.3
2026-06-10T01:32:27.628Z,0.02,0.066,3.3
2026-06-10T01:32:27.829Z,0.02,0.066,3.3
2026-06-10T01:32:28.029Z,0.02,0.066,3.3
2026-06-10T01:32:28.232Z,0.02,0.066,3.3
2026-06-10T01:32:28.433Z,0.02,0.066,3.3
2026-06-10T01:32:28.635Z,0.02,0.066,3.3
2026-06-10T01:32:28.836Z,0.01,0.033,3.3
2026-06-10T01:32:29.039Z,0.01,0.033,3.3
2026-06-10T01:32:29.240Z,0.01,0.033,3.3
2026-06-10T01:32:29.441Z,0.02,0.066,3.3
2026-06-10T01:32:29.642Z,0.02,0.066,3.3
2026-06-10T01:32:29.843Z,0.02,0.066,3.3
2026-06-10T01:32:30.045Z,0.02,0.066,3.3
2026-06-10T01:32:30.247Z,0.01,0.033,3.3
2026-06-10T01:32:30.448Z,0.01,0.033,3.3
2026-06-10T01:32:30.649Z,0.01,0.033,3.3
2026-06-10T01:32:30.850Z,0.02,0.066,3.3
2026-06-10T01:32:31.051Z,0.02,0.066,3.3
2026-06-10T01:32:31.252Z,0.02,0.066,3.3
2026-06-10T01:32:31.453Z,0.02,0.066,3.3
2026-06-10T01:32:31.655Z,0.02,0.066,3.3
2026-06-10T01:32:31.856Z,0.02,0.066,3.3
2026-06-10T01:32:32.057Z,0.02,0.066,3.3
2026-06-10T01:32:32.258Z,0.01,0.033,3.3
2026-06-10T01:32:32.460Z,0.02,0.066,3.3
2026-06-10T01:32:32.661Z,0.02,0.066,3.3
2026-06-10T01:32:32.863Z,0.02,0.066,3.3
2026-06-10T01:32:33.065Z,0.01,0.033,3.3
2026-06-10T01:32:33.266Z,0.02,0.066,3.3
2026-06-10T01:32:33.468Z,0.02,0.066,3.3
2026-06-10T01:32:33.669Z,0.02,0.066,3.3
2026-06-10T01:32:33.869Z,0.02,0.066,3.3
2026-06-10T01:32:34.070Z,0.02,0.066,3.3
2026-06-10T01:32:34.271Z,0.02,0.066,3.3
2026-06-10T01:32:34.472Z,0.01,0.033,3.3
2026-06-10T01:32:34.673Z,0.01,0.033,3.3
2026-06-10T01:32:34.875Z,0.02,0.066,3.3
2026-06-10T01:32:35.077Z,0.02,0.066,3.3
2026-06-10T01:32:35.278Z,0.02,0.066,3.3
2026-06-10T01:32:35.479Z,0.02,0.066,3.3
2026-06-10T01:32:35.680Z,0.02,0.066,3.3
2026-06-10T01:32:35.881Z,0.02,0.066,3.3
2026-06-10T01:32:36.083Z,0.01,0.033,3.3
2026-06-10T01:32:36.285Z,0.01,0.033,3.3
2026-06-10T01:32:36.487Z,0.01,0.033,3.3
2026-06-10T01:32:36.688Z,0.02,0.066,3.3
2026-06-10T01:32:36.890Z,0.02,0.066,3.3
2026-06-10T01:32:37.093Z,0.01,0.033,3.3
2026-06-10T01:32:37.294Z,0.01,0.033,3.3
2026-06-10T01:32:37.496Z,0.01,0.033,3.3
2026-06-10T01:32:37.697Z,0.01,0.033,3.3
2026-06-10T01:32:37.899Z,0.01,0.033,3.3
2026-06-10T01:32:38.101Z,0.02,0.066,3.3
2026-06-10T01:32:38.301Z,0.02,0.066,3.3
2026-06-10T01:32:38.504Z,0.01,0.033,3.3
2026-06-10T01:32:38.705Z,0.01,0.033,3.3
2026-06-10T01:32:38.905Z,0.01,0.033,3.3
2026-06-10T01:32:39.108Z,0.02,0.066,3.3
2026-06-10T01:32:39.308Z,0.02,0.066,3.3
2026-06-10T01:32:39.511Z,1.08,3.564,3.3
2026-06-10T01:32:39.710Z,36.73,121.209,3.3
2026-06-10T01:32:39.913Z,64.06,211.398,3.3
2026-06-10T01:32:40.114Z,65.32,215.556,3.3
2026-06-10T01:32:40.316Z,65.71,216.843,3.3
2026-06-10T01:32:40.516Z,72.39,238.887,3.3
2026-06-10T01:32:40.718Z,69.86,230.538,3.3
2026-06-10T01:32:40.920Z,57.67,190.311,3.3
2026-06-10T01:32:41.121Z,54.64,180.312,3.3
2026-06-10T01:32:41.322Z,51.69,170.577,3.3
2026-06-10T01:32:41.523Z,53.93,177.969,3.3
2026-06-10T01:32:41.725Z,61.71,203.643,3.3
2026-06-10T01:32:41.927Z,68.41,225.753,3.3
2026-06-10T01:32:42.129Z,67.64,223.212,3.3
2026-06-10T01:32:42.331Z,62.54,206.382,3.3
2026-06-10T01:32:42.532Z,63.22,208.626,3.3
2026-06-10T01:32:42.734Z,64.64,213.312,3.3
2026-06-10T01:32:42.935Z,64.75,213.675,3.3
2026-06-10T01:32:43.137Z,63.88,210.804,3.3
2026-06-10T01:32:43.338Z,63.95,211.035,3.3
2026-06-10T01:32:43.540Z,66.46,219.318,3.3
2026-06-10T01:32:43.742Z,135.63,447.579,3.3
2026-06-10T01:32:43.943Z,147.69,487.377,3.3
2026-06-10T01:32:44.145Z,104.19,343.827,3.3
2026-06-10T01:32:44.347Z,104.67,345.411,3.3
2026-06-10T01:32:44.548Z,103.29,340.857,3.3
2026-06-10T01:32:44.749Z,103.29,340.857,3.3
2026-06-10T01:32:44.950Z,100.87,332.871,3.3
2026-06-10T01:32:45.151Z,100.53,331.749,3.3
2026-06-10T01:32:45.354Z,98.71,325.743,3.3
2026-06-10T01:32:45.554Z,99.8,329.34,3.3
2026-06-10T01:32:45.754Z,108.01,356.433,3.3
2026-06-10T01:32:45.955Z,121.36,400.488,3.3
2026-06-10T01:32:46.156Z,114.15,376.695,3.3
2026-06-10T01:32:46.357Z,94.33,311.289,3.3
2026-06-10T01:32:46.558Z,90.06,297.198,3.3
2026-06-10T01:32:46.759Z,90.14,297.462,3.3
2026-06-10T01:32:46.961Z,91.48,301.884,3.3
2026-06-10T01:32:47.163Z,92.04,303.732,3.3
2026-06-10T01:32:47.365Z,95.72,315.876,3.3
2026-06-10T01:32:47.567Z,88.97,293.601,3.3
2026-06-10T01:32:47.768Z,66.19,218.427,3.3
2026-06-10T01:32:47.970Z,44.77,147.741,3.3
2026-06-10T01:32:48.171Z,10.09,33.297,3.3
2026-06-10T01:32:48.373Z,1.82,6.006,3.3
2026-06-10T01:32:48.574Z,0.06,0.198,3.3
2026-06-10T01:32:48.776Z,0.03,0.099,3.3
2026-06-10T01:32:48.977Z,0.03,0.099,3.3
2026-06-10T01:32:49.178Z,0.02,0.066,3.3
2026-06-10T01:32:49.381Z,0.01,0.033,3.3
2026-06-10T01:32:49.579Z,0.01,0.033,3.3
2026-06-10T01:32:49.780Z,0.01,0.033,3.3
2026-06-10T01:32:49.982Z,0,0,3.3
2026-06-10T01:32:50.183Z,0.01,0.033,3.3
2026-06-10T01:32:50.388Z,0.01,0.033,3.3
2026-06-10T01:32:50.585Z,0.01,0.033,3.3
2026-06-10T01:32:50.787Z,0.01,0.033,3.3
2026-06-10T01:32:50.989Z,0.01,0.033,3.3
2026-06-10T01:32:51.190Z,0.02,0.066,3.3
2026-06-10T01:32:51.392Z,0.02,0.066,3.3
2026-06-10T01:32:51.593Z,0.02,0.066,3.3
2026-06-10T01:32:51.794Z,0.02,0.066,3.3
2026-06-10T01:32:51.996Z,0.02,0.066,3.3
2026-06-10T01:32:52.198Z,0.01,0.033,3.3
2026-06-10T01:32:52.400Z,0.01,0.033,3.3
2026-06-10T01:32:52.600Z,0.01,0.033,3.3
2026-06-10T01:32:52.801Z,0.01,0.033,3.3
2026-06-10T01:32:53.002Z,0.02,0.066,3.3
2026-06-10T01:32:53.203Z,0.02,0.066,3.3
2026-06-10T01:32:53.411Z,0.02,0.066,3.3
2026-06-10T01:32:53.608Z,0.02,0.066,3.3
2026-06-10T01:32:53.810Z,0.01,0.033,3.3
2026-06-10T01:32:54.011Z,0.01,0.033,3.3
2026-06-10T01:32:54.211Z,0.01,0.033,3.3
2026-06-10T01:32:54.412Z,0.02,0.066,3.3
2026-06-10T01:32:54.613Z,0.02,0.066,3.3
2026-06-10T01:32:54.814Z,0.02,0.066,3.3
2026-06-10T01:32:55.015Z,0.01,0.033,3.3
2026-06-10T01:32:55.215Z,0.01,0.033,3.3
2026-06-10T01:32:55.417Z,0.01,0.033,3.3
2026-06-10T01:32:55.618Z,0,0,3.3
2026-06-10T01:32:55.819Z,0,0,3.3
2026-06-10T01:32:56.019Z,0,0,3.3
2026-06-10T01:32:56.221Z,0,0,3.3
2026-06-10T01:32:56.424Z,0,0,3.3
2026-06-10T01:32:56.625Z,0.01,0.033,3.3
2026-06-10T01:32:56.825Z,0.01,0.033,3.3
2026-06-10T01:32:57.027Z,0.01,0.033,3.3
2026-06-10T01:32:57.227Z,0.01,0.033,3.3
2026-06-10T01:32:57.428Z,0.01,0.033,3.3
2026-06-10T01:32:57.629Z,0.01,0.033,3.3
2026-06-10T01:32:57.829Z,0.01,0.033,3.3
2026-06-10T01:32:58.030Z,0.01,0.033,3.3
2026-06-10T01:32:58.231Z,0.01,0.033,3.3
2026-06-10T01:32:58.432Z,0.01,0.033,3.3
2026-06-10T01:32:58.633Z,0.01,0.033,3.3
2026-06-10T01:32:58.835Z,0.01,0.033,3.3
2026-06-10T01:32:59.035Z,0.01,0.033,3.3
2026-06-10T01:32:59.238Z,0.01,0.033,3.3
2026-06-10T01:32:59.438Z,0,0,3.3
2026-06-10T01:32:59.638Z,0.01,0.033,3.3
2026-06-10T01:32:59.840Z,0.01,0.033,3.3
2026-06-10T01:33:00.042Z,0,0,3.3
2026-06-10T01:33:00.243Z,0.01,0.033,3.3
2026-06-10T01:33:00.443Z,0.01,0.033,3.3
2026-06-10T01:33:00.643Z,0.01,0.033,3.3
2026-06-10T01:33:00.845Z,0.01,0.033,3.3
2026-06-10T01:33:01.046Z,0.01,0.033,3.3
2026-06-10T01:33:01.248Z,0.01,0.033,3.3
2026-06-10T01:33:01.448Z,0.01,0.033,3.3
2026-06-10T01:33:01.650Z,0.01,0.033,3.3
2026-06-10T01:33:01.851Z,0.01,0.033,3.3
2026-06-10T01:33:02.053Z,0.01,0.033,3.3
2026-06-10T01:33:02.253Z,0.01,0.033,3.3
2026-06-10T01:33:02.456Z,0.01,0.033,3.3
2026-06-10T01:33:02.657Z,0.01,0.033,3.3
2026-06-10T01:33:02.858Z,0,0,3.3
2026-06-10T01:33:03.058Z,0,0,3.3
2026-06-10T01:33:03.259Z,0.01,0.033,3.3
2026-06-10T01:33:03.460Z,0.01,0.033,3.3
2026-06-10T01:33:03.662Z,0.01,0.033,3.3
2026-06-10T01:33:03.864Z,0.01,0.033,3.3
2026-06-10T01:33:04.066Z,0.01,0.033,3.3
2026-06-10T01:33:04.266Z,0.02,0.066,3.3
2026-06-10T01:33:04.466Z,0.02,0.066,3.3
2026-06-10T01:33:04.667Z,0.02,0.066,3.3
2026-06-10T01:33:04.869Z,0.02,0.066,3.3
2026-06-10T01:33:05.070Z,0.02,0.066,3.3
2026-06-10T01:33:05.271Z,0.02,0.066,3.3
2026-06-10T01:33:05.473Z,0.01,0.033,3.3
2026-06-10T01:33:05.674Z,0.01,0.033,3.3
2026-06-10T01:33:05.875Z,0.01,0.033,3.3
2026-06-10T01:33:06.077Z,0.02,0.066,3.3
2026-06-10T01:33:06.278Z,0.02,0.066,3.3
2026-06-10T01:33:06.480Z,0.02,0.066,3.3
2026-06-10T01:33:06.680Z,0.02,0.066,3.3
2026-06-10T01:33:06.882Z,0.02,0.066,3.3
2026-06-10T01:33:07.083Z,0.01,0.033,3.3
2026-06-10T01:33:07.283Z,0.01,0.033,3.3
2026-06-10T01:33:07.484Z,0.01,0.033,3.3
2026-06-10T01:33:07.684Z,0.01,0.033,3.3
2026-06-10T01:33:07.885Z,0.02,0.066,3.3
2026-06-10T01:33:08.087Z,0.02,0.066,3.3
2026-06-10T01:33:08.289Z,0.02,0.066,3.3
2026-06-10T01:33:08.491Z,0.02,0.066,3.3
2026-06-10T01:33:08.694Z,0.01,0.033,3.3
2026-06-10T01:33:08.894Z,0,0,3.3
2026-06-10T01:33:09.096Z,0.01,0.033,3.3
2026-06-10T01:33:09.299Z,0.02,0.066,3.3
2026-06-10T01:33:09.501Z,0.02,0.066,3.3
2026-06-10T01:33:09.703Z,0.03,0.099,3.3
2026-06-10T01:33:09.904Z,0.02,0.066,3.3
2026-06-10T01:33:10.105Z,0.03,0.099,3.3
2026-06-10T01:33:10.307Z,0.02,0.066,3.3
2026-06-10T01:33:10.508Z,0.01,0.033,3.3
2026-06-10T01:33:10.709Z,0.01,0.033,3.3
2026-06-10T01:33:10.910Z,0.01,0.033,3.3
2026-06-10T01:33:11.110Z,0.01,0.033,3.3
2026-06-10T01:33:11.313Z,0.01,0.033,3.3
2026-06-10T01:33:11.514Z,0.02,0.066,3.3
2026-06-10T01:33:11.715Z,0.02,0.066,3.3
2026-06-10T01:33:11.916Z,0.03,0.099,3.3
2026-06-10T01:33:12.117Z,0.02,0.066,3.3
2026-06-10T01:33:12.318Z,0.02,0.066,3.3
2026-06-10T01:33:12.519Z,0.02,0.066,3.3
2026-06-10T01:33:12.720Z,0.02,0.066,3.3
2026-06-10T01:33:12.920Z,0.01,0.033,3.3
2026-06-10T01:33:13.122Z,0.01,0.033,3.3
2026-06-10T01:33:13.323Z,0.01,0.033,3.3
2026-06-10T01:33:13.523Z,0.01,0.033,3.3
2026-06-10T01:33:13.724Z,0.02,0.066,3.3
2026-06-10T01:33:13.925Z,0.02,0.066,3.3
2026-06-10T01:33:14.126Z,0.02,0.066,3.3
2026-06-10T01:33:14.327Z,0.02,0.066,3.3
2026-06-10T01:33:14.528Z,0.01,0.033,3.3
2026-06-10T01:33:14.730Z,0.01,0.033,3.3
2026-06-10T01:33:14.931Z,0.01,0.033,3.3
2026-06-10T01:33:15.132Z,0.01,0.033,3.3
2026-06-10T01:33:15.333Z,0.01,0.033,3.3
2026-06-10T01:33:15.533Z,0.01,0.033,3.3
2026-06-10T01:33:15.735Z,0.02,0.066,3.3
2026-06-10T01:33:15.937Z,0.02,0.066,3.3
2026-06-10T01:33:16.137Z,0.02,0.066,3.3
2026-06-10T01:33:16.339Z,0.02,0.066,3.3
2026-06-10T01:33:16.542Z,0.01,0.033,3.3
2026-06-10T01:33:16.743Z,0.01,0.033,3.3
2026-06-10T01:33:16.943Z,0.01,0.033,3.3
2026-06-10T01:33:17.144Z,0.01,0.033,3.3
2026-06-10T01:33:17.346Z,0.02,0.066,3.3
2026-06-10T01:33:17.548Z,0.02,0.066,3.3
2026-06-10T01:33:17.750Z,0.01,0.033,3.3
2026-06-10T01:33:17.952Z,0.01,0.033,3.3
2026-06-10T01:33:18.153Z,0,0,3.3
2026-06-10T01:33:18.358Z,0.01,0.033,3.3
2026-06-10T01:33:18.556Z,0.01,0.033,3.3
2026-06-10T01:33:18.757Z,0.01,0.033,3.3
2026-06-10T01:33:18.957Z,0,0,3.3
2026-06-10T01:33:19.159Z,0,0,3.3
2026-06-10T01:33:19.367Z,0,0,3.3
2026-06-10T01:33:19.562Z,0,0,3.3
2026-06-10T01:33:19.762Z,0,0,3.3
2026-06-10T01:33:19.963Z,0,0,3.3
2026-06-10T01:33:20.165Z,0.01,0.033,3.3
2026-06-10T01:33:20.366Z,0.01,0.033,3.3
2026-06-10T01:33:20.567Z,0.01,0.033,3.3
2026-06-10T01:33:20.768Z,0.01,0.033,3.3
2026-06-10T01:33:20.968Z,0.01,0.033,3.3
2026-06-10T01:33:21.168Z,0.01,0.033,3.3
2026-06-10T01:33:21.370Z,0.01,0.033,3.3
2026-06-10T01:33:21.570Z,0.01,0.033,3.3
2026-06-10T01:33:21.772Z,0.01,0.033,3.3
2026-06-10T01:33:21.972Z,0.02,0.066,3.3
2026-06-10T01:33:22.173Z,0.02,0.066,3.3
2026-06-10T01:33:22.374Z,0.02,0.066,3.3
2026-06-10T01:33:22.574Z,0.01,0.033,3.3
2026-06-10T01:33:22.776Z,0,0,3.3
2026-06-10T01:33:22.978Z,0.01,0.033,3.3
2026-06-10T01:33:23.179Z,0.01,0.033,3.3
2026-06-10T01:33:23.381Z,0.01,0.033,3.3
2026-06-10T01:33:23.584Z,0.01,0.033,3.3
2026-06-10T01:33:23.785Z,0.01,0.033,3.3
2026-06-10T01:33:23.987Z,0.02,0.066,3.3
2026-06-10T01:33:24.189Z,0.02,0.066,3.3
2026-06-10T01:33:24.391Z,0.02,0.066,3.3
2026-06-10T01:33:24.593Z,0.02,0.066,3.3
2026-06-10T01:33:24.794Z,0.01,0.033,3.3
2026-06-10T01:33:24.995Z,0.01,0.033,3.3
2026-06-10T01:33:25.198Z,0.01,0.033,3.3
2026-06-10T01:33:25.399Z,0.02,0.066,3.3
2026-06-10T01:33:25.598Z,0.03,0.099,3.3
2026-06-10T01:33:25.799Z,0.03,0.099,3.3
2026-06-10T01:33:25.999Z,0.03,0.099,3.3
2026-06-10T01:33:26.200Z,0.02,0.066,3.3
2026-06-10T01:33:26.404Z,0.01,0.033,3.3
2026-06-10T01:33:26.605Z,0.01,0.033,3.3
2026-06-10T01:33:26.806Z,0.01,0.033,3.3
2026-06-10T01:33:27.008Z,0.01,0.033,3.3
2026-06-10T01:33:27.210Z,0.01,0.033,3.3
2026-06-10T01:33:27.412Z,0.02,0.066,3.3
2026-06-10T01:33:27.612Z,0.03,0.099,3.3
2026-06-10T01:33:27.813Z,0.02,0.066,3.3
2026-06-10T01:33:28.015Z,0.01,0.033,3.3
2026-06-10T01:33:28.215Z,0.01,0.033,3.3
2026-06-10T01:33:28.416Z,0.01,0.033,3.3
2026-06-10T01:33:28.617Z,0.01,0.033,3.3
2026-06-10T01:33:28.818Z,0.02,0.066,3.3
2026-06-10T01:33:29.020Z,0.02,0.066,3.3
2026-06-10T01:33:29.221Z,0.02,0.066,3.3
2026-06-10T01:33:29.422Z,0.02,0.066,3.3
2026-06-10T01:33:29.623Z,0.03,0.099,3.3
2026-06-10T01:33:29.824Z,0.01,0.033,3.3
2026-06-10T01:33:30.024Z,0.01,0.033,3.3
2026-06-10T01:33:30.226Z,0.01,0.033,3.3
2026-06-10T01:33:30.428Z,0.01,0.033,3.3
2026-06-10T01:33:30.629Z,0.01,0.033,3.3
2026-06-10T01:33:30.830Z,0.01,0.033,3.3
2026-06-10T01:33:31.031Z,0.01,0.033,3.3
2026-06-10T01:33:31.235Z,0.01,0.033,3.3
2026-06-10T01:33:31.440Z,0.01,0.033,3.3
2026-06-10T01:33:31.659Z,0.01,0.033,3.3
2026-06-10T01:33:31.861Z,0.01,0.033,3.3
2026-06-10T01:33:32.064Z,0.02,0.066,3.3
2026-06-10T01:33:32.265Z,0.02,0.066,3.3
2026-06-10T01:33:32.467Z,0.01,0.033,3.3
2026-06-10T01:33:32.669Z,0.01,0.033,3.3
2026-06-10T01:33:32.871Z,0.01,0.033,3.3
2026-06-10T01:33:33.073Z,0.02,0.066,3.3
2026-06-10T01:33:33.275Z,0.02,0.066,3.3
2026-06-10T01:33:33.478Z,0.02,0.066,3.3
2026-06-10T01:33:33.679Z,0.01,0.033,3.3
2026-06-10T01:33:33.880Z,0.01,0.033,3.3
2026-06-10T01:33:34.086Z,0,0,3.3
2026-06-10T01:33:34.287Z,0.01,0.033,3.3
2026-06-10T01:33:34.490Z,0,0,3.3
2026-06-10T01:33:34.691Z,0,0,3.3
2026-06-10T01:33:34.894Z,0,0,3.3
2026-06-10T01:33:35.096Z,0.01,0.033,3.3
2026-06-10T01:33:35.296Z,0.01,0.033,3.3
2026-06-10T01:33:35.497Z,0.01,0.033,3.3
2026-06-10T01:33:35.697Z,0.02,0.066,3.3
2026-06-10T01:33:35.900Z,0.02,0.066,3.3
2026-06-10T01:33:36.100Z,0.02,0.066,3.3
2026-06-10T01:33:36.300Z,0.01,0.033,3.3
2026-06-10T01:33:36.501Z,0,0,3.3
2026-06-10T01:33:36.702Z,0.01,0.033,3.3
2026-06-10T01:33:36.904Z,0.01,0.033,3.3
2026-06-10T01:33:37.104Z,0.02,0.066,3.3
2026-06-10T01:33:37.304Z,0.02,0.066,3.3
2026-06-10T01:33:37.505Z,0.02,0.066,3.3
2026-06-10T01:33:37.706Z,0.02,0.066,3.3
2026-06-10T01:33:37.908Z,0.02,0.066,3.3
2026-06-10T01:33:38.108Z,0.02,0.066,3.3
2026-06-10T01:33:38.308Z,0.02,0.066,3.3
2026-06-10T01:33:38.509Z,0.01,0.033,3.3
2026-06-10T01:33:38.710Z,0.01,0.033,3.3
2026-06-10T01:33:38.912Z,0.02,0.066,3.3
2026-06-10T01:33:39.112Z,0.02,0.066,3.3
2026-06-10T01:33:39.313Z,0.02,0.066,3.3
2026-06-10T01:33:39.515Z,12.72,41.976,3.3
2026-06-10T01:33:39.717Z,53.64,177.012,3.3
2026-06-10T01:33:39.918Z,65.39,215.787,3.3
2026-06-10T01:33:40.120Z,65.05,214.665,3.3
2026-06-10T01:33:40.320Z,70.64,233.112,3.3
2026-06-10T01:33:40.521Z,72.13,238.029,3.3
2026-06-10T01:33:40.722Z,64.36,212.388,3.3
2026-06-10T01:33:40.923Z,56.58,186.714,3.3
2026-06-10T01:33:41.125Z,52.88,174.504,3.3
2026-06-10T01:33:41.325Z,51.72,170.676,3.3
2026-06-10T01:33:41.526Z,56.37,186.021,3.3
2026-06-10T01:33:41.728Z,64.23,211.959,3.3
2026-06-10T01:33:41.931Z,68.21,225.093,3.3
2026-06-10T01:33:42.133Z,66.45,219.285,3.3
2026-06-10T01:33:42.335Z,62.56,206.448,3.3
2026-06-10T01:33:42.537Z,62.76,207.108,3.3
2026-06-10T01:33:42.739Z,61.57,203.181,3.3
2026-06-10T01:33:42.941Z,62.44,206.052,3.3
2026-06-10T01:33:43.143Z,63.18,208.494,3.3
2026-06-10T01:33:43.345Z,65.7,216.81,3.3
2026-06-10T01:33:43.548Z,123.89,408.837,3.3
2026-06-10T01:33:43.749Z,134.06,442.398,3.3
2026-06-10T01:33:43.950Z,102.57,338.481,3.3
2026-06-10T01:33:44.152Z,108.17,356.961,3.3
2026-06-10T01:33:44.354Z,106.25,350.625,3.3
2026-06-10T01:33:44.555Z,98.81,326.073,3.3
2026-06-10T01:33:44.755Z,101.65,335.445,3.3
2026-06-10T01:33:44.956Z,104.9,346.17,3.3
2026-06-10T01:33:45.158Z,98.67,325.611,3.3
2026-06-10T01:33:45.361Z,99.21,327.393,3.3
2026-06-10T01:33:45.561Z,109.48,361.284,3.3
2026-06-10T01:33:45.764Z,119.47,394.251,3.3
2026-06-10T01:33:45.965Z,110.66,365.178,3.3
2026-06-10T01:33:46.166Z,98.93,326.469,3.3
2026-06-10T01:33:46.366Z,89.38,294.954,3.3
2026-06-10T01:33:46.568Z,88.27,291.291,3.3
2026-06-10T01:33:46.770Z,89.6,295.68,3.3
2026-06-10T01:33:46.972Z,100.29,330.957,3.3
2026-06-10T01:33:47.174Z,107.05,353.265,3.3
2026-06-10T01:33:47.376Z,96.07,317.031,3.3
2026-06-10T01:33:47.578Z,65.5,216.15,3.3
2026-06-10T01:33:47.779Z,43.12,142.296,3.3
2026-06-10T01:33:47.983Z,8.49,28.017,3.3
2026-06-10T01:33:48.182Z,1.75,5.775,3.3
2026-06-10T01:33:48.387Z,0.06,0.198,3.3
2026-06-10T01:33:48.589Z,0.03,0.099,3.3
2026-06-10T01:33:48.789Z,0.03,0.099,3.3
2026-06-10T01:33:48.992Z,0.02,0.066,3.3
2026-06-10T01:33:49.192Z,0.02,0.066,3.3
2026-06-10T01:33:49.395Z,0.01,0.033,3.3
2026-06-10T01:33:49.597Z,0.01,0.033,3.3
2026-06-10T01:33:49.799Z,0.01,0.033,3.3
2026-06-10T01:33:50.001Z,0.02,0.066,3.3
2026-06-10T01:33:50.202Z,0.02,0.066,3.3
2026-06-10T01:33:50.403Z,0.02,0.066,3.3
2026-06-10T01:33:50.603Z,0.02,0.066,3.3
2026-06-10T01:33:50.804Z,0.02,0.066,3.3
2026-06-10T01:33:51.005Z,0.01,0.033,3.3
2026-06-10T01:33:51.206Z,0.01,0.033,3.3
2026-06-10T01:33:51.408Z,0.01,0.033,3.3
2026-06-10T01:33:51.610Z,0.02,0.066,3.3
2026-06-10T01:33:51.811Z,0.02,0.066,3.3
2026-06-10T01:33:52.013Z,0.02,0.066,3.3
2026-06-10T01:33:52.215Z,0.02,0.066,3.3
2026-06-10T01:33:52.417Z,0.01,0.033,3.3
2026-06-10T01:33:52.617Z,0.01,0.033,3.3
2026-06-10T01:33:52.819Z,0.01,0.033,3.3
2026-06-10T01:33:53.022Z,0.02,0.066,3.3
2026-06-10T01:33:53.224Z,0.02,0.066,3.3
2026-06-10T01:33:53.425Z,0.02,0.066,3.3
2026-06-10T01:33:53.626Z,0.02,0.066,3.3
2026-06-10T01:33:53.829Z,0.02,0.066,3.3
2026-06-10T01:33:54.029Z,0.01,0.033,3.3
2026-06-10T01:33:54.232Z,0.01,0.033,3.3
2026-06-10T01:33:54.433Z,0.01,0.033,3.3
2026-06-10T01:33:54.635Z,0.01,0.033,3.3
2026-06-10T01:33:54.835Z,0.01,0.033,3.3
2026-06-10T01:33:55.037Z,0,0,3.3
2026-06-10T01:33:55.239Z,0,0,3.3
2026-06-10T01:33:55.440Z,0,0,3.3
2026-06-10T01:33:55.642Z,0,0,3.3
2026-06-10T01:33:55.845Z,0,0,3.3
2026-06-10T01:33:56.047Z,0,0,3.3
2026-06-10T01:33:56.248Z,0,0,3.3
2026-06-10T01:33:56.449Z,0,0,3.3
2026-06-10T01:33:56.653Z,0,0,3.3
2026-06-10T01:33:56.854Z,0,0,3.3
2026-06-10T01:33:57.055Z,0,0,3.3
2026-06-10T01:33:57.256Z,0,0,3.3
2026-06-10T01:33:57.455Z,0,0,3.3
2026-06-10T01:33:57.658Z,0,0,3.3
2026-06-10T01:33:57.859Z,0,0,3.3
2026-06-10T01:33:58.060Z,0,0,3.3
2026-06-10T01:33:58.263Z,0,0,3.3
2026-06-10T01:33:58.463Z,0,0,3.3
2026-06-10T01:33:58.665Z,0,0,3.3
2026-06-10T01:33:58.868Z,0,0,3.3
2026-06-10T01:33:59.068Z,0,0,3.3
2026-06-10T01:33:59.271Z,0,0,3.3
2026-06-10T01:33:59.471Z,0,0,3.3
2026-06-10T01:33:59.672Z,0.01,0.033,3.3
2026-06-10T01:33:59.874Z,0.01,0.033,3.3
2026-06-10T01:34:00.075Z,0.01,0.033,3.3
2026-06-10T01:34:00.277Z,0.01,0.033,3.3
2026-06-10T01:34:00.479Z,0.01,0.033,3.3
2026-06-10T01:34:00.680Z,0.01,0.033,3.3
2026-06-10T01:34:00.881Z,0.01,0.033,3.3
2026-06-10T01:34:01.083Z,0,0,3.3
2026-06-10T01:34:01.285Z,0.01,0.033,3.3
2026-06-10T01:34:01.492Z,0.01,0.033,3.3
2026-06-10T01:34:01.693Z,0.01,0.033,3.3
2026-06-10T01:34:01.895Z,0.01,0.033,3.3
2026-06-10T01:34:02.096Z,0.01,0.033,3.3
2026-06-10T01:34:02.298Z,0.01,0.033,3.3
2026-06-10T01:34:02.500Z,0.02,0.066,3.3
2026-06-10T01:34:02.702Z,0.02,0.066,3.3
2026-06-10T01:34:02.902Z,0.02,0.066,3.3
2026-06-10T01:34:03.105Z,0.02,0.066,3.3
2026-06-10T01:34:03.304Z,0.02,0.066,3.3
2026-06-10T01:34:03.505Z,0.02,0.066,3.3
2026-06-10T01:34:03.709Z,0.02,0.066,3.3
2026-06-10T01:34:03.909Z,0.02,0.066,3.3
2026-06-10T01:34:04.110Z,0.02,0.066,3.3
2026-06-10T01:34:04.311Z,0.01,0.033,3.3
2026-06-10T01:34:04.512Z,0.01,0.033,3.3
2026-06-10T01:34:04.714Z,0.01,0.033,3.3
2026-06-10T01:34:04.916Z,0.01,0.033,3.3
2026-06-10T01:34:05.117Z,0.01,0.033,3.3
2026-06-10T01:34:05.320Z,0.02,0.066,3.3
2026-06-10T01:34:05.522Z,0.02,0.066,3.3
2026-06-10T01:34:05.724Z,0.02,0.066,3.3
2026-06-10T01:34:05.925Z,0.02,0.066,3.3
2026-06-10T01:34:06.129Z,0.01,0.033,3.3
2026-06-10T01:34:06.329Z,0.01,0.033,3.3
2026-06-10T01:34:06.530Z,0.01,0.033,3.3
2026-06-10T01:34:06.731Z,0.02,0.066,3.3
2026-06-10T01:34:06.933Z,0.02,0.066,3.3
2026-06-10T01:34:07.133Z,0.02,0.066,3.3
2026-06-10T01:34:07.334Z,0.02,0.066,3.3
2026-06-10T01:34:07.536Z,0.02,0.066,3.3
2026-06-10T01:34:07.737Z,0.02,0.066,3.3
2026-06-10T01:34:07.938Z,0.02,0.066,3.3
2026-06-10T01:34:08.140Z,0.02,0.066,3.3
2026-06-10T01:34:08.341Z,0.01,0.033,3.3
2026-06-10T01:34:08.543Z,0.01,0.033,3.3
2026-06-10T01:34:08.743Z,0.01,0.033,3.3
2026-06-10T01:34:08.945Z,0.02,0.066,3.3
2026-06-10T01:34:09.147Z,0.02,0.066,3.3
2026-06-10T01:34:09.352Z,0.02,0.066,3.3
2026-06-10T01:34:09.551Z,0.02,0.066,3.3
2026-06-10T01:34:09.751Z,0.02,0.066,3.3
2026-06-10T01:34:09.951Z,0.02,0.066,3.3
2026-06-10T01:34:10.151Z,0.01,0.033,3.3
2026-06-10T01:34:10.354Z,0.02,0.066,3.3
2026-06-10T01:34:10.555Z,0.02,0.066,3.3
2026-06-10T01:34:10.758Z,0.02,0.066,3.3
2026-06-10T01:34:10.960Z,0.02,0.066,3.3
2026-06-10T01:34:11.162Z,0.02,0.066,3.3
2026-06-10T01:34:11.364Z,0.02,0.066,3.3
2026-06-10T01:34:11.564Z,0.01,0.033,3.3
2026-06-10T01:34:11.766Z,0.01,0.033,3.3
2026-06-10T01:34:11.968Z,0.02,0.066,3.3
2026-06-10T01:34:12.171Z,0.02,0.066,3.3
2026-06-10T01:34:12.375Z,0.02,0.066,3.3
2026-06-10T01:34:12.572Z,0.02,0.066,3.3
2026-06-10T01:34:12.774Z,0.01,0.033,3.3
2026-06-10T01:34:12.975Z,0.01,0.033,3.3
2026-06-10T01:34:13.176Z,0.01,0.033,3.3
2026-06-10T01:34:13.378Z,0.02,0.066,3.3
2026-06-10T01:34:13.580Z,0.02,0.066,3.3
2026-06-10T01:34:13.780Z,0.02,0.066,3.3
2026-06-10T01:34:13.982Z,0.03,0.099,3.3
2026-06-10T01:34:14.183Z,0.02,0.066,3.3
2026-06-10T01:34:14.386Z,0.02,0.066,3.3
2026-06-10T01:34:14.588Z,0.02,0.066,3.3
2026-06-10T01:34:14.790Z,0.01,0.033,3.3
2026-06-10T01:34:14.991Z,0.02,0.066,3.3
2026-06-10T01:34:15.194Z,0.02,0.066,3.3
2026-06-10T01:34:15.394Z,0.02,0.066,3.3
2026-06-10T01:34:15.595Z,0.02,0.066,3.3
2026-06-10T01:34:15.796Z,0.01,0.033,3.3
2026-06-10T01:34:15.998Z,0.01,0.033,3.3
2026-06-10T01:34:16.200Z,0.01,0.033,3.3
2026-06-10T01:34:16.400Z,0.02,0.066,3.3
2026-06-10T01:34:16.601Z,0.02,0.066,3.3
2026-06-10T01:34:16.803Z,0.02,0.066,3.3
2026-06-10T01:34:17.004Z,0.01,0.033,3.3
2026-06-10T01:34:17.206Z,0.01,0.033,3.3
2026-06-10T01:34:17.407Z,0.01,0.033,3.3
2026-06-10T01:34:17.609Z,0.02,0.066,3.3
2026-06-10T01:34:17.811Z,0.03,0.099,3.3
2026-06-10T01:34:18.012Z,0.02,0.066,3.3
2026-06-10T01:34:18.215Z,0.02,0.066,3.3
2026-06-10T01:34:18.417Z,0.02,0.066,3.3
2026-06-10T01:34:18.617Z,0.02,0.066,3.3
2026-06-10T01:34:18.818Z,0.01,0.033,3.3
2026-06-10T01:34:19.019Z,0.01,0.033,3.3
2026-06-10T01:34:19.220Z,0.01,0.033,3.3
2026-06-10T01:34:19.420Z,0.01,0.033,3.3
2026-06-10T01:34:19.620Z,0.02,0.066,3.3
2026-06-10T01:34:19.821Z,0.02,0.066,3.3
2026-06-10T01:34:20.022Z,0.02,0.066,3.3
2026-06-10T01:34:20.224Z,0.02,0.066,3.3
2026-06-10T01:34:20.426Z,0.02,0.066,3.3
2026-06-10T01:34:20.627Z,0.02,0.066,3.3
2026-06-10T01:34:20.829Z,0.01,0.033,3.3
2026-06-10T01:34:21.030Z,0.01,0.033,3.3
2026-06-10T01:34:21.230Z,0.01,0.033,3.3
2026-06-10T01:34:21.431Z,0.01,0.033,3.3
2026-06-10T01:34:21.634Z,0.02,0.066,3.3
2026-06-10T01:34:21.835Z,0.02,0.066,3.3
2026-06-10T01:34:22.036Z,0.02,0.066,3.3
2026-06-10T01:34:22.238Z,0.02,0.066,3.3
2026-06-10T01:34:22.440Z,0.02,0.066,3.3
2026-06-10T01:34:22.642Z,0.01,0.033,3.3
2026-06-10T01:34:22.844Z,0.01,0.033,3.3
2026-06-10T01:34:23.045Z,0.02,0.066,3.3
2026-06-10T01:34:23.246Z,0.02,0.066,3.3
2026-06-10T01:34:23.447Z,0.02,0.066,3.3
2026-06-10T01:34:23.648Z,0.02,0.066,3.3
2026-06-10T01:34:23.849Z,0.01,0.033,3.3
2026-06-10T01:34:24.050Z,0.01,0.033,3.3
2026-06-10T01:34:24.252Z,0.01,0.033,3.3
2026-06-10T01:34:24.453Z,0.01,0.033,3.3
2026-06-10T01:34:24.654Z,0.01,0.033,3.3
2026-06-10T01:34:24.855Z,0.01,0.033,3.3
2026-06-10T01:34:25.056Z,0.01,0.033,3.3
2026-06-10T01:34:25.258Z,0.02,0.066,3.3
2026-06-10T01:34:25.458Z,0.02,0.066,3.3
2026-06-10T01:34:25.660Z,0.02,0.066,3.3
2026-06-10T01:34:25.862Z,0.02,0.066,3.3
2026-06-10T01:34:26.063Z,0.02,0.066,3.3
2026-06-10T01:34:26.264Z,0.01,0.033,3.3
2026-06-10T01:34:26.465Z,0.01,0.033,3.3
2026-06-10T01:34:26.665Z,0.01,0.033,3.3
2026-06-10T01:34:26.867Z,0.01,0.033,3.3
2026-06-10T01:34:27.069Z,0.01,0.033,3.3
2026-06-10T01:34:27.271Z,0.01,0.033,3.3
2026-06-10T01:34:27.473Z,0.01,0.033,3.3
2026-06-10T01:34:27.674Z,0.01,0.033,3.3
2026-06-10T01:34:27.875Z,0.01,0.033,3.3
2026-06-10T01:34:28.076Z,0.01,0.033,3.3
2026-06-10T01:34:28.278Z,0,0,3.3
2026-06-10T01:34:28.479Z,0.01,0.033,3.3
2026-06-10T01:34:28.679Z,0.01,0.033,3.3
2026-06-10T01:34:28.881Z,0.01,0.033,3.3
2026-06-10T01:34:29.085Z,0.01,0.033,3.3
2026-06-10T01:34:29.286Z,0.01,0.033,3.3
2026-06-10T01:34:29.487Z,0.01,0.033,3.3
2026-06-10T01:34:29.689Z,0.01,0.033,3.3
2026-06-10T01:34:29.890Z,0.01,0.033,3.3
2026-06-10T01:34:30.090Z,0.01,0.033,3.3
2026-06-10T01:34:30.292Z,0.01,0.033,3.3
2026-06-10T01:34:30.493Z,0.01,0.033,3.3
2026-06-10T01:34:30.694Z,0.02,0.066,3.3
2026-06-10T01:34:30.896Z,0.02,0.066,3.3
2026-06-10T01:34:31.098Z,0.02,0.066,3.3
2026-06-10T01:34:31.299Z,0.03,0.099,3.3
2026-06-10T01:34:31.502Z,0.02,0.066,3.3
2026-06-10T01:34:31.702Z,0.02,0.066,3.3
2026-06-10T01:34:31.903Z,0.01,0.033,3.3
2026-06-10T01:34:32.108Z,0,0,3.3
2026-06-10T01:34:32.310Z,0.01,0.033,3.3
2026-06-10T01:34:32.510Z,0.01,0.033,3.3
2026-06-10T01:34:32.711Z,0.01,0.033,3.3
2026-06-10T01:34:32.913Z,0.01,0.033,3.3
2026-06-10T01:34:33.114Z,0.01,0.033,3.3
2026-06-10T01:34:33.315Z,0.01,0.033,3.3
2026-06-10T01:34:33.516Z,0.01,0.033,3.3
2026-06-10T01:34:33.717Z,0.02,0.066,3.3
2026-06-10T01:34:33.918Z,0.02,0.066,3.3
2026-06-10T01:34:34.121Z,0.02,0.066,3.3
2026-06-10T01:34:34.320Z,0.02,0.066,3.3
2026-06-10T01:34:34.521Z,0.02,0.066,3.3
2026-06-10T01:34:34.721Z,0.02,0.066,3.3
2026-06-10T01:34:34.923Z,0.02,0.066,3.3
2026-06-10T01:34:35.124Z,0.02,0.066,3.3
2026-06-10T01:34:35.327Z,0.02,0.066,3.3
2026-06-10T01:34:35.528Z,0.02,0.066,3.3
2026-06-10T01:34:35.729Z,0.02,0.066,3.3
2026-06-10T01:34:35.930Z,0.02,0.066,3.3
2026-06-10T01:34:36.132Z,0.02,0.066,3.3
2026-06-10T01:34:36.333Z,0.01,0.033,3.3
2026-06-10T01:34:36.534Z,0.01,0.033,3.3
2026-06-10T01:34:36.735Z,0.02,0.066,3.3
2026-06-10T01:34:36.936Z,0.02,0.066,3.3
2026-06-10T01:34:37.138Z,0.02,0.066,3.3
2026-06-10T01:34:37.338Z,0.02,0.066,3.3
2026-06-10T01:34:37.539Z,0.03,0.099,3.3
2026-06-10T01:34:37.740Z,0.03,0.099,3.3
2026-06-10T01:34:37.940Z,0.02,0.066,3.3
2026-06-10T01:34:38.143Z,0.02,0.066,3.3
2026-06-10T01:34:38.346Z,0.02,0.066,3.3
2026-06-10T01:34:38.545Z,0.02,0.066,3.3
2026-06-10T01:34:38.747Z,0.02,0.066,3.3
2026-06-10T01:34:38.949Z,0.02,0.066,3.3
2026-06-10T01:34:39.149Z,0.01,0.033,3.3
2026-06-10T01:34:39.350Z,0.01,0.033,3.3
2026-06-10T01:34:39.551Z,0.02,0.066,3.3
2026-06-10T01:34:39.752Z,0.02,0.066,3.3
2026-06-10T01:34:39.953Z,0.02,0.066,3.3
2026-06-10T01:34:40.156Z,0.02,0.066,3.3
2026-06-10T01:34:40.361Z,11.93,39.369,3.3
2026-06-10T01:34:40.559Z,52.82,174.306,3.3
2026-06-10T01:34:40.761Z,65.29,215.457,3.3
2026-06-10T01:34:40.963Z,65.08,214.764,3.3
2026-06-10T01:34:41.166Z,70.04,231.132,3.3
2026-06-10T01:34:41.367Z,71.66,236.478,3.3
2026-06-10T01:34:41.569Z,64.73,213.609,3.3
2026-06-10T01:34:41.771Z,56.52,186.516,3.3
2026-06-10T01:34:41.971Z,52.94,174.702,3.3
2026-06-10T01:34:42.174Z,51.64,170.412,3.3
2026-06-10T01:34:42.386Z,56.68,187.044,3.3
2026-06-10T01:34:42.588Z,65.81,217.173,3.3
2026-06-10T01:34:42.788Z,68.39,225.687,3.3
2026-06-10T01:34:42.990Z,65.19,215.127,3.3
2026-06-10T01:34:43.191Z,62.56,206.448,3.3
2026-06-10T01:34:43.393Z,64.28,212.124,3.3
2026-06-10T01:34:43.595Z,63.75,210.375,3.3
2026-06-10T01:34:43.795Z,63.18,208.494,3.3
2026-06-10T01:34:43.997Z,61.33,202.389,3.3
2026-06-10T01:34:44.198Z,61.6,203.28,3.3
2026-06-10T01:34:44.400Z,93.84,309.672,3.3
2026-06-10T01:34:44.600Z,139.49,460.317,3.3
2026-06-10T01:34:44.801Z,124.73,411.609,3.3
2026-06-10T01:34:45.003Z,103.09,340.197,3.3
2026-06-10T01:34:45.205Z,117.89,389.037,3.3
2026-06-10T01:34:45.406Z,120.25,396.825,3.3
2026-06-10T01:34:45.608Z,105.08,346.764,3.3
2026-06-10T01:34:45.810Z,102.59,338.547,3.3
2026-06-10T01:34:46.012Z,100.65,332.145,3.3
2026-06-10T01:34:46.212Z,100.94,333.102,3.3
2026-06-10T01:34:46.414Z,103.12,340.296,3.3
2026-06-10T01:34:46.616Z,116.2,383.46,3.3
2026-06-10T01:34:46.818Z,118.55,391.215,3.3
2026-06-10T01:34:47.020Z,102.02,336.666,3.3
2026-06-10T01:34:47.221Z,93.14,307.362,3.3
2026-06-10T01:34:47.422Z,92.33,304.689,3.3
2026-06-10T01:34:47.624Z,93.28,307.824,3.3
2026-06-10T01:34:47.825Z,95.69,315.777,3.3
2026-06-10T01:34:48.027Z,98.06,323.598,3.3
2026-06-10T01:34:48.227Z,96.84,319.572,3.3
2026-06-10T01:34:48.429Z,77.73,256.509,3.3
2026-06-10T01:34:48.631Z,54.95,181.335,3.3
2026-06-10T01:34:48.832Z,26.87,88.671,3.3
2026-06-10T01:34:49.033Z,2.01,6.633,3.3
2026-06-10T01:34:49.234Z,0.15,0.495,3.3
2026-06-10T01:34:49.434Z,0.04,0.132,3.3
2026-06-10T01:34:49.636Z,0.02,0.066,3.3
2026-06-10T01:34:49.838Z,0.01,0.033,3.3
2026-06-10T01:34:50.039Z,0,0,3.3
2026-06-10T01:34:50.240Z,0,0,3.3
2026-06-10T01:34:50.442Z,0,0,3.3
2026-06-10T01:34:50.644Z,0.01,0.033,3.3
2026-06-10T01:34:50.843Z,0,0,3.3
2026-06-10T01:34:51.044Z,0,0,3.3
2026-06-10T01:34:51.247Z,0,0,3.3
2026-06-10T01:34:51.448Z,0,0,3.3
2026-06-10T01:34:51.649Z,0.01,0.033,3.3
2026-06-10T01:34:51.850Z,0.01,0.033,3.3
2026-06-10T01:34:52.052Z,0.01,0.033,3.3
2026-06-10T01:34:52.252Z,0,0,3.3
2026-06-10T01:34:52.454Z,0.01,0.033,3.3
2026-06-10T01:34:52.656Z,0.01,0.033,3.3
2026-06-10T01:34:52.858Z,0.01,0.033,3.3
2026-06-10T01:34:53.060Z,0.01,0.033,3.3
2026-06-10T01:34:53.262Z,0.01,0.033,3.3
2026-06-10T01:34:53.463Z,0.02,0.066,3.3
2026-06-10T01:34:53.663Z,0.02,0.066,3.3
2026-06-10T01:34:53.864Z,0.02,0.066,3.3
2026-06-10T01:34:54.066Z,0.02,0.066,3.3
2026-06-10T01:34:54.267Z,0.02,0.066,3.3
2026-06-10T01:34:54.468Z,0.02,0.066,3.3
2026-06-10T01:34:54.669Z,0.01,0.033,3.3
2026-06-10T01:34:54.871Z,0.01,0.033,3.3
2026-06-10T01:34:55.071Z,0.02,0.066,3.3
2026-06-10T01:34:55.273Z,0.02,0.066,3.3
2026-06-10T01:34:55.474Z,0.02,0.066,3.3
2026-06-10T01:34:55.676Z,0.02,0.066,3.3
2026-06-10T01:34:55.877Z,0.02,0.066,3.3
2026-06-10T01:34:56.078Z,0.01,0.033,3.3
2026-06-10T01:34:56.279Z,0.01,0.033,3.3
2026-06-10T01:34:56.480Z,0.01,0.033,3.3
2026-06-10T01:34:56.682Z,0.01,0.033,3.3
2026-06-10T01:34:56.884Z,0.01,0.033,3.3
2026-06-10T01:34:57.086Z,0.01,0.033,3.3
2026-06-10T01:34:57.288Z,0.01,0.033,3.3
2026-06-10T01:34:57.489Z,0.01,0.033,3.3
2026-06-10T01:34:57.691Z,0.01,0.033,3.3
2026-06-10T01:34:57.891Z,0,0,3.3
2026-06-10T01:34:58.093Z,0,0,3.3
2026-06-10T01:34:58.294Z,0,0,3.3
2026-06-10T01:34:58.497Z,0,0,3.3
2026-06-10T01:34:58.698Z,0,0,3.3
2026-06-10T01:34:58.898Z,0,0,3.3
2026-06-10T01:34:59.100Z,0.01,0.033,3.3
2026-06-10T01:34:59.300Z,0.01,0.033,3.3
2026-06-10T01:34:59.501Z,0.01,0.033,3.3
2026-06-10T01:34:59.703Z,0.01,0.033,3.3
2026-06-10T01:34:59.906Z,0.01,0.033,3.3
2026-06-10T01:35:00.107Z,0,0,3.3
2026-06-10T01:35:00.309Z,0,0,3.3
2026-06-10T01:35:00.511Z,0.01,0.033,3.3
2026-06-10T01:35:00.712Z,0.01,0.033,3.3
2026-06-10T01:35:00.916Z,0.01,0.033,3.3
2026-06-10T01:35:01.116Z,0.01,0.033,3.3
2026-06-10T01:35:01.319Z,0,0,3.3
2026-06-10T01:35:01.520Z,0,0,3.3
2026-06-10T01:35:01.722Z,0,0,3.3
2026-06-10T01:35:01.924Z,0,0,3.3
2026-06-10T01:35:02.124Z,0,0,3.3
2026-06-10T01:35:02.325Z,0,0,3.3
2026-06-10T01:35:02.528Z,0.01,0.033,3.3
2026-06-10T01:35:02.729Z,0.01,0.033,3.3
2026-06-10T01:35:02.930Z,0.01,0.033,3.3
2026-06-10T01:35:03.130Z,0.01,0.033,3.3
2026-06-10T01:35:03.331Z,0.01,0.033,3.3
2026-06-10T01:35:03.532Z,0.01,0.033,3.3
2026-06-10T01:35:03.733Z,0.01,0.033,3.3
2026-06-10T01:35:03.936Z,0.01,0.033,3.3
2026-06-10T01:35:04.137Z,0.01,0.033,3.3
2026-06-10T01:35:04.338Z,0.01,0.033,3.3
2026-06-10T01:35:04.541Z,0.01,0.033,3.3
2026-06-10T01:35:04.741Z,0.01,0.033,3.3
2026-06-10T01:35:04.943Z,0.01,0.033,3.3
2026-06-10T01:35:05.144Z,0.02,0.066,3.3
2026-06-10T01:35:05.345Z,0.02,0.066,3.3
2026-06-10T01:35:05.547Z,0.02,0.066,3.3
2026-06-10T01:35:05.747Z,0.02,0.066,3.3
2026-06-10T01:35:05.948Z,0.01,0.033,3.3
2026-06-10T01:35:06.150Z,0.01,0.033,3.3
2026-06-10T01:35:06.353Z,0.01,0.033,3.3
2026-06-10T01:35:06.554Z,0.02,0.066,3.3
2026-06-10T01:35:06.756Z,0.02,0.066,3.3
2026-06-10T01:35:06.957Z,0.02,0.066,3.3
2026-06-10T01:35:07.159Z,0.02,0.066,3.3
2026-06-10T01:35:07.362Z,0.02,0.066,3.3
2026-06-10T01:35:07.562Z,0.01,0.033,3.3
2026-06-10T01:35:07.763Z,0.01,0.033,3.3
2026-06-10T01:35:07.963Z,0.01,0.033,3.3
2026-06-10T01:35:08.166Z,0.01,0.033,3.3
2026-06-10T01:35:08.366Z,0.01,0.033,3.3
2026-06-10T01:35:08.568Z,0.02,0.066,3.3
2026-06-10T01:35:08.770Z,0.02,0.066,3.3
2026-06-10T01:35:08.972Z,0.01,0.033,3.3
2026-06-10T01:35:09.174Z,0.01,0.033,3.3
2026-06-10T01:35:09.376Z,0.01,0.033,3.3
2026-06-10T01:35:09.579Z,0.01,0.033,3.3
2026-06-10T01:35:09.780Z,0.01,0.033,3.3
2026-06-10T01:35:09.981Z,0.02,0.066,3.3
2026-06-10T01:35:10.182Z,0.02,0.066,3.3
2026-06-10T01:35:10.385Z,0.02,0.066,3.3
2026-06-10T01:35:10.587Z,0.02,0.066,3.3
2026-06-10T01:35:10.788Z,0.02,0.066,3.3
2026-06-10T01:35:10.990Z,0.01,0.033,3.3
2026-06-10T01:35:11.192Z,0.01,0.033,3.3
2026-06-10T01:35:11.394Z,0.01,0.033,3.3
2026-06-10T01:35:11.596Z,0.01,0.033,3.3
2026-06-10T01:35:11.796Z,0.01,0.033,3.3
2026-06-10T01:35:11.997Z,0.01,0.033,3.3
2026-06-10T01:35:12.200Z,0.02,0.066,3.3
2026-06-10T01:35:12.402Z,0.02,0.066,3.3
2026-06-10T01:35:12.602Z,0.02,0.066,3.3
2026-06-10T01:35:12.803Z,0.01,0.033,3.3
2026-06-10T01:35:13.005Z,0.01,0.033,3.3
2026-06-10T01:35:13.207Z,0.01,0.033,3.3
2026-06-10T01:35:13.409Z,0.01,0.033,3.3
2026-06-10T01:35:13.611Z,0.02,0.066,3.3
2026-06-10T01:35:13.812Z,0.02,0.066,3.3
2026-06-10T01:35:14.014Z,0.02,0.066,3.3
2026-06-10T01:35:14.214Z,0.01,0.033,3.3
2026-06-10T01:35:14.415Z,0.01,0.033,3.3
2026-06-10T01:35:14.616Z,0.01,0.033,3.3
2026-06-10T01:35:14.817Z,0.01,0.033,3.3
2026-06-10T01:35:15.020Z,0.02,0.066,3.3
2026-06-10T01:35:15.220Z,0.02,0.066,3.3
2026-06-10T01:35:15.422Z,0.01,0.033,3.3
2026-06-10T01:35:15.625Z,0.01,0.033,3.3
2026-06-10T01:35:15.826Z,0.01,0.033,3.3
2026-06-10T01:35:16.028Z,0.01,0.033,3.3
2026-06-10T01:35:16.230Z,0.02,0.066,3.3
2026-06-10T01:35:16.431Z,0.02,0.066,3.3
2026-06-10T01:35:16.634Z,0.02,0.066,3.3
2026-06-10T01:35:16.835Z,0.02,0.066,3.3
2026-06-10T01:35:17.036Z,0.01,0.033,3.3
2026-06-10T01:35:17.237Z,0.01,0.033,3.3
2026-06-10T01:35:17.438Z,0.01,0.033,3.3
2026-06-10T01:35:17.640Z,0.01,0.033,3.3
2026-06-10T01:35:17.842Z,0.01,0.033,3.3
2026-06-10T01:35:18.044Z,0.01,0.033,3.3
2026-06-10T01:35:18.244Z,0.02,0.066,3.3
2026-06-10T01:35:18.447Z,0.02,0.066,3.3
2026-06-10T01:35:18.647Z,0.02,0.066,3.3
2026-06-10T01:35:18.848Z,0.01,0.033,3.3
2026-06-10T01:35:19.050Z,0.01,0.033,3.3
2026-06-10T01:35:19.252Z,0.01,0.033,3.3
2026-06-10T01:35:19.454Z,0.02,0.066,3.3
2026-06-10T01:35:19.657Z,0.02,0.066,3.3
2026-06-10T01:35:19.857Z,0.02,0.066,3.3
2026-06-10T01:35:20.059Z,0.02,0.066,3.3
2026-06-10T01:35:20.261Z,0.02,0.066,3.3
2026-06-10T01:35:20.463Z,0.02,0.066,3.3
2026-06-10T01:35:20.664Z,0.01,0.033,3.3
2026-06-10T01:35:20.864Z,0.01,0.033,3.3
2026-06-10T01:35:21.066Z,0.01,0.033,3.3
2026-06-10T01:35:21.267Z,0.02,0.066,3.3
2026-06-10T01:35:21.468Z,0.02,0.066,3.3
2026-06-10T01:35:21.670Z,0.02,0.066,3.3
2026-06-10T01:35:21.872Z,0.02,0.066,3.3
2026-06-10T01:35:22.073Z,0.02,0.066,3.3
2026-06-10T01:35:22.275Z,0.02,0.066,3.3
2026-06-10T01:35:22.476Z,0.01,0.033,3.3
2026-06-10T01:35:22.677Z,0.01,0.033,3.3
2026-06-10T01:35:22.878Z,0.01,0.033,3.3
2026-06-10T01:35:23.080Z,0.01,0.033,3.3
2026-06-10T01:35:23.281Z,0.02,0.066,3.3
2026-06-10T01:35:23.482Z,0.02,0.066,3.3
2026-06-10T01:35:23.683Z,0.02,0.066,3.3
2026-06-10T01:35:23.883Z,0.01,0.033,3.3
2026-06-10T01:35:24.083Z,0.01,0.033,3.3
2026-06-10T01:35:24.285Z,0.01,0.033,3.3
2026-06-10T01:35:24.487Z,0.02,0.066,3.3
2026-06-10T01:35:24.689Z,0.02,0.066,3.3
2026-06-10T01:35:24.892Z,0.02,0.066,3.3
2026-06-10T01:35:25.092Z,0.02,0.066,3.3
2026-06-10T01:35:25.293Z,0.02,0.066,3.3
2026-06-10T01:35:25.494Z,0.02,0.066,3.3
2026-06-10T01:35:25.695Z,0.01,0.033,3.3
2026-06-10T01:35:25.897Z,0.01,0.033,3.3
2026-06-10T01:35:26.098Z,0.01,0.033,3.3
2026-06-10T01:35:26.299Z,0.02,0.066,3.3
2026-06-10T01:35:26.499Z,0.02,0.066,3.3
2026-06-10T01:35:26.700Z,0.01,0.033,3.3
2026-06-10T01:35:26.903Z,0.01,0.033,3.3
2026-06-10T01:35:27.105Z,0.01,0.033,3.3
2026-06-10T01:35:27.306Z,0.02,0.066,3.3
2026-06-10T01:35:27.506Z,0.02,0.066,3.3
2026-06-10T01:35:27.709Z,0.02,0.066,3.3
2026-06-10T01:35:27.912Z,0.02,0.066,3.3
2026-06-10T01:35:28.112Z,0.02,0.066,3.3
2026-06-10T01:35:28.313Z,0.02,0.066,3.3
2026-06-10T01:35:28.514Z,0.02,0.066,3.3
2026-06-10T01:35:28.716Z,0.02,0.066,3.3
2026-06-10T01:35:28.917Z,0.01,0.033,3.3
2026-06-10T01:35:29.119Z,0.01,0.033,3.3
2026-06-10T01:35:29.320Z,0.01,0.033,3.3
2026-06-10T01:35:29.521Z,0.01,0.033,3.3
2026-06-10T01:35:29.723Z,0.01,0.033,3.3
2026-06-10T01:35:29.924Z,0.01,0.033,3.3
2026-06-10T01:35:30.126Z,0.02,0.066,3.3
2026-06-10T01:35:30.327Z,0.02,0.066,3.3
2026-06-10T01:35:30.530Z,0.02,0.066,3.3
2026-06-10T01:35:30.731Z,0.02,0.066,3.3
2026-06-10T01:35:30.933Z,0.02,0.066,3.3
2026-06-10T01:35:31.135Z,0.02,0.066,3.3
2026-06-10T01:35:31.335Z,0.01,0.033,3.3
2026-06-10T01:35:31.537Z,0.01,0.033,3.3
2026-06-10T01:35:31.739Z,0.01,0.033,3.3
2026-06-10T01:35:31.941Z,0.02,0.066,3.3
2026-06-10T01:35:32.142Z,0.02,0.066,3.3
2026-06-10T01:35:32.344Z,0.02,0.066,3.3
2026-06-10T01:35:32.546Z,0.02,0.066,3.3
2026-06-10T01:35:32.748Z,0.02,0.066,3.3
2026-06-10T01:35:32.951Z,0.02,0.066,3.3
2026-06-10T01:35:33.151Z,0.01,0.033,3.3
2026-06-10T01:35:33.352Z,0.01,0.033,3.3
2026-06-10T01:35:33.553Z,0.02,0.066,3.3
2026-06-10T01:35:33.755Z,0.02,0.066,3.3
2026-06-10T01:35:33.956Z,0.02,0.066,3.3
2026-06-10T01:35:34.157Z,0.02,0.066,3.3
2026-06-10T01:35:34.360Z,0.02,0.066,3.3
2026-06-10T01:35:34.558Z,0.02,0.066,3.3
2026-06-10T01:35:34.760Z,0.01,0.033,3.3
2026-06-10T01:35:34.961Z,0.01,0.033,3.3
2026-06-10T01:35:35.162Z,0.01,0.033,3.3
2026-06-10T01:35:35.364Z,0.02,0.066,3.3
2026-06-10T01:35:35.565Z,0.02,0.066,3.3
2026-06-10T01:35:35.766Z,0.02,0.066,3.3
2026-06-10T01:35:35.968Z,0.02,0.066,3.3
2026-06-10T01:35:36.171Z,0.01,0.033,3.3
2026-06-10T01:35:36.375Z,0.02,0.066,3.3
2026-06-10T01:35:36.576Z,0.01,0.033,3.3
2026-06-10T01:35:36.776Z,0.01,0.033,3.3
2026-06-10T01:35:36.977Z,0.02,0.066,3.3
2026-06-10T01:35:37.179Z,0.02,0.066,3.3
2026-06-10T01:35:37.386Z,0.02,0.066,3.3
2026-06-10T01:35:37.588Z,0.03,0.099,3.3
2026-06-10T01:35:37.790Z,0.02,0.066,3.3
2026-06-10T01:35:37.991Z,0.02,0.066,3.3
2026-06-10T01:35:38.193Z,0.01,0.033,3.3
2026-06-10T01:35:38.394Z,0.01,0.033,3.3
2026-06-10T01:35:38.596Z,0.02,0.066,3.3
2026-06-10T01:35:38.797Z,0.02,0.066,3.3
2026-06-10T01:35:38.998Z,0.02,0.066,3.3
2026-06-10T01:35:39.200Z,0.02,0.066,3.3
2026-06-10T01:35:39.400Z,0.02,0.066,3.3
2026-06-10T01:35:39.602Z,0.02,0.066,3.3
2026-06-10T01:35:39.803Z,0.01,0.033,3.3
2026-06-10T01:35:40.003Z,0.01,0.033,3.3
2026-06-10T01:35:40.204Z,3.3,10.89,3.3
2026-06-10T01:35:40.406Z,44.26,146.058,3.3
2026-06-10T01:35:40.607Z,64.5,212.85,3.3
2026-06-10T01:35:40.808Z,65.17,215.061,3.3
2026-06-10T01:35:41.010Z,66.67,220.011,3.3
2026-06-10T01:35:41.212Z,72.24,238.392,3.3
2026-06-10T01:35:41.413Z,68.42,225.786,3.3
2026-06-10T01:35:41.614Z,57.01,188.133,3.3
2026-06-10T01:35:41.816Z,54.15,178.695,3.3
2026-06-10T01:35:42.017Z,51.66,170.478,3.3
2026-06-10T01:35:42.218Z,54.54,179.982,3.3
2026-06-10T01:35:42.420Z,62.46,206.118,3.3
2026-06-10T01:35:42.620Z,68.19,225.027,3.3
2026-06-10T01:35:42.822Z,67.39,222.387,3.3
2026-06-10T01:35:43.024Z,62.38,205.854,3.3
2026-06-10T01:35:43.226Z,63.72,210.276,3.3
2026-06-10T01:35:43.429Z,64.42,212.586,3.3
2026-06-10T01:35:43.628Z,64.42,212.586,3.3
2026-06-10T01:35:43.831Z,61.16,201.828,3.3
2026-06-10T01:35:44.032Z,62.38,205.854,3.3
2026-06-10T01:35:44.233Z,87.69,289.377,3.3
2026-06-10T01:35:44.434Z,135.25,446.325,3.3
2026-06-10T01:35:44.637Z,119.41,394.053,3.3
2026-06-10T01:35:44.839Z,104.17,343.761,3.3
2026-06-10T01:35:45.039Z,113.83,375.639,3.3
2026-06-10T01:35:45.240Z,113.04,373.032,3.3
2026-06-10T01:35:45.443Z,101.02,333.366,3.3
2026-06-10T01:35:45.645Z,102.56,338.448,3.3
2026-06-10T01:35:45.846Z,101.05,333.465,3.3
2026-06-10T01:35:46.047Z,97.64,322.212,3.3
2026-06-10T01:35:46.248Z,102.39,337.887,3.3
2026-06-10T01:35:46.450Z,116.57,384.681,3.3
2026-06-10T01:35:46.652Z,120.89,398.937,3.3
2026-06-10T01:35:46.854Z,107.58,355.014,3.3
2026-06-10T01:35:47.056Z,95.9,316.47,3.3
2026-06-10T01:35:47.259Z,93.62,308.946,3.3
2026-06-10T01:35:47.460Z,92.99,306.867,3.3
2026-06-10T01:35:47.661Z,96.95,319.935,3.3
2026-06-10T01:35:47.863Z,97.16,320.628,3.3
2026-06-10T01:35:48.064Z,97.98,323.334,3.3
2026-06-10T01:35:48.266Z,85.14,280.962,3.3
2026-06-10T01:35:48.466Z,58.06,191.598,3.3
2026-06-10T01:35:48.667Z,36.1,119.13,3.3
2026-06-10T01:35:48.868Z,2.63,8.679,3.3
2026-06-10T01:35:49.070Z,0.71,2.343,3.3
2026-06-10T01:35:49.272Z,0.05,0.165,3.3
2026-06-10T01:35:49.475Z,0.03,0.099,3.3
2026-06-10T01:35:49.675Z,0.03,0.099,3.3
2026-06-10T01:35:49.877Z,0.02,0.066,3.3
2026-06-10T01:35:50.077Z,0.01,0.033,3.3
2026-06-10T01:35:50.279Z,0.01,0.033,3.3
2026-06-10T01:35:50.480Z,0.01,0.033,3.3
2026-06-10T01:35:50.682Z,0.01,0.033,3.3
2026-06-10T01:35:50.884Z,0.01,0.033,3.3
2026-06-10T01:35:51.084Z,0.02,0.066,3.3
2026-06-10T01:35:51.286Z,0.02,0.066,3.3
2026-06-10T01:35:51.487Z,0.02,0.066,3.3
2026-06-10T01:35:51.689Z,0.01,0.033,3.3
2026-06-10T01:35:51.891Z,0.01,0.033,3.3
2026-06-10T01:35:52.092Z,0.02,0.066,3.3
2026-06-10T01:35:52.293Z,0.02,0.066,3.3
2026-06-10T01:35:52.496Z,0.02,0.066,3.3
2026-06-10T01:35:52.697Z,0.02,0.066,3.3
2026-06-10T01:35:52.898Z,0.02,0.066,3.3
2026-06-10T01:35:53.100Z,0.01,0.033,3.3
2026-06-10T01:35:53.302Z,0.01,0.033,3.3
2026-06-10T01:35:53.503Z,0.01,0.033,3.3
2026-06-10T01:35:53.704Z,0.02,0.066,3.3
2026-06-10T01:35:53.905Z,0.02,0.066,3.3
2026-06-10T01:35:54.107Z,0.01,0.033,3.3
2026-06-10T01:35:54.308Z,0.01,0.033,3.3
2026-06-10T01:35:54.509Z,0.02,0.066,3.3
2026-06-10T01:35:54.710Z,0.02,0.066,3.3
2026-06-10T01:35:54.911Z,0.02,0.066,3.3
2026-06-10T01:35:55.111Z,0.02,0.066,3.3
2026-06-10T01:35:55.314Z,0.01,0.033,3.3
2026-06-10T01:35:55.517Z,0.01,0.033,3.3
2026-06-10T01:35:55.717Z,0.01,0.033,3.3
2026-06-10T01:35:55.918Z,0.01,0.033,3.3
2026-06-10T01:35:56.120Z,0.01,0.033,3.3
2026-06-10T01:35:56.322Z,0.01,0.033,3.3
2026-06-10T01:35:56.524Z,0.02,0.066,3.3
2026-06-10T01:35:56.725Z,0.02,0.066,3.3
2026-06-10T01:35:56.927Z,0.02,0.066,3.3
2026-06-10T01:35:57.128Z,0.02,0.066,3.3
2026-06-10T01:35:57.329Z,0.01,0.033,3.3
2026-06-10T01:35:57.530Z,0.01,0.033,3.3
2026-06-10T01:35:57.733Z,0.02,0.066,3.3
2026-06-10T01:35:57.935Z,0.02,0.066,3.3
2026-06-10T01:35:58.136Z,0.02,0.066,3.3
2026-06-10T01:35:58.339Z,0.02,0.066,3.3
2026-06-10T01:35:58.540Z,0.02,0.066,3.3
2026-06-10T01:35:58.742Z,0.01,0.033,3.3
2026-06-10T01:35:58.943Z,0.01,0.033,3.3
2026-06-10T01:35:59.144Z,0.02,0.066,3.3
2026-06-10T01:35:59.344Z,0.02,0.066,3.3
2026-06-10T01:35:59.547Z,0.02,0.066,3.3
2026-06-10T01:35:59.748Z,0.02,0.066,3.3
2026-06-10T01:35:59.950Z,0.01,0.033,3.3
2026-06-10T01:36:00.152Z,0.01,0.033,3.3
2026-06-10T01:36:00.354Z,0.01,0.033,3.3
2026-06-10T01:36:00.555Z,0.02,0.066,3.3
2026-06-10T01:36:00.756Z,0.02,0.066,3.3
2026-06-10T01:36:00.957Z,0.02,0.066,3.3
2026-06-10T01:36:01.158Z,0.02,0.066,3.3
2026-06-10T01:36:01.361Z,0.02,0.066,3.3
2026-06-10T01:36:01.560Z,0.02,0.066,3.3
2026-06-10T01:36:01.762Z,0.02,0.066,3.3
2026-06-10T01:36:01.964Z,0.02,0.066,3.3
2026-06-10T01:36:02.166Z,0.02,0.066,3.3
2026-06-10T01:36:02.367Z,0.02,0.066,3.3
2026-06-10T01:36:02.569Z,0.02,0.066,3.3
2026-06-10T01:36:02.771Z,0.02,0.066,3.3
2026-06-10T01:36:02.972Z,0.01,0.033,3.3
2026-06-10T01:36:03.173Z,0.01,0.033,3.3
2026-06-10T01:36:03.379Z,0.02,0.066,3.3
2026-06-10T01:36:03.579Z,0.02,0.066,3.3
2026-06-10T01:36:03.781Z,0.03,0.099,3.3
2026-06-10T01:36:03.982Z,0.02,0.066,3.3
2026-06-10T01:36:04.184Z,0.02,0.066,3.3
2026-06-10T01:36:04.386Z,0.01,0.033,3.3
2026-06-10T01:36:04.588Z,0.01,0.033,3.3
2026-06-10T01:36:04.791Z,0.01,0.033,3.3
2026-06-10T01:36:04.992Z,0.02,0.066,3.3
2026-06-10T01:36:05.192Z,0.03,0.099,3.3
2026-06-10T01:36:05.394Z,0.03,0.099,3.3
2026-06-10T01:36:05.596Z,0.02,0.066,3.3
2026-06-10T01:36:05.797Z,0.01,0.033,3.3
2026-06-10T01:36:05.998Z,0.01,0.033,3.3
2026-06-10T01:36:06.199Z,0.01,0.033,3.3
2026-06-10T01:36:06.401Z,0.01,0.033,3.3
2026-06-10T01:36:06.604Z,0.01,0.033,3.3
2026-06-10T01:36:06.804Z,0.01,0.033,3.3
2026-06-10T01:36:07.007Z,0.01,0.033,3.3
2026-06-10T01:36:07.208Z,0.01,0.033,3.3
2026-06-10T01:36:07.410Z,0.01,0.033,3.3
2026-06-10T01:36:07.613Z,0.01,0.033,3.3
2026-06-10T01:36:07.814Z,0.02,0.066,3.3
2026-06-10T01:36:08.016Z,0.02,0.066,3.3
2026-06-10T01:36:08.218Z,0.03,0.099,3.3
2026-06-10T01:36:08.419Z,0.02,0.066,3.3
2026-06-10T01:36:08.621Z,0.01,0.033,3.3
2026-06-10T01:36:08.822Z,0.01,0.033,3.3
2026-06-10T01:36:09.023Z,0.01,0.033,3.3
2026-06-10T01:36:09.223Z,0.01,0.033,3.3
2026-06-10T01:36:09.425Z,0.02,0.066,3.3
2026-06-10T01:36:09.626Z,0.02,0.066,3.3
2026-06-10T01:36:09.828Z,0.02,0.066,3.3
2026-06-10T01:36:10.029Z,0.02,0.066,3.3
2026-06-10T01:36:10.231Z,0.01,0.033,3.3
2026-06-10T01:36:10.434Z,0.01,0.033,3.3
2026-06-10T01:36:10.634Z,0.01,0.033,3.3
2026-06-10T01:36:10.836Z,0.01,0.033,3.3
2026-06-10T01:36:11.037Z,0.01,0.033,3.3
2026-06-10T01:36:11.239Z,0.02,0.066,3.3
2026-06-10T01:36:11.441Z,0.03,0.099,3.3
2026-06-10T01:36:11.643Z,0.02,0.066,3.3
2026-06-10T01:36:11.846Z,0.02,0.066,3.3
2026-06-10T01:36:12.047Z,0.02,0.066,3.3
2026-06-10T01:36:12.248Z,0.02,0.066,3.3
2026-06-10T01:36:12.449Z,0.01,0.033,3.3
2026-06-10T01:36:12.651Z,0.01,0.033,3.3
2026-06-10T01:36:12.853Z,0.01,0.033,3.3
2026-06-10T01:36:13.055Z,0.01,0.033,3.3
2026-06-10T01:36:13.255Z,0.01,0.033,3.3
2026-06-10T01:36:13.456Z,0.01,0.033,3.3
2026-06-10T01:36:13.658Z,0.02,0.066,3.3
2026-06-10T01:36:13.859Z,0.03,0.099,3.3
2026-06-10T01:36:14.060Z,0.02,0.066,3.3
2026-06-10T01:36:14.263Z,0.01,0.033,3.3
2026-06-10T01:36:14.465Z,0.01,0.033,3.3
2026-06-10T01:36:14.666Z,0.01,0.033,3.3
2026-06-10T01:36:14.867Z,0.01,0.033,3.3
2026-06-10T01:36:15.068Z,0.02,0.066,3.3
2026-06-10T01:36:15.269Z,0.02,0.066,3.3
2026-06-10T01:36:15.471Z,0.02,0.066,3.3
2026-06-10T01:36:15.674Z,0.02,0.066,3.3
2026-06-10T01:36:15.876Z,0.01,0.033,3.3
2026-06-10T01:36:16.078Z,0.01,0.033,3.3
2026-06-10T01:36:16.279Z,0.01,0.033,3.3
2026-06-10T01:36:16.480Z,0.01,0.033,3.3
2026-06-10T01:36:16.682Z,0.01,0.033,3.3
2026-06-10T01:36:16.884Z,0.01,0.033,3.3
2026-06-10T01:36:17.085Z,0.02,0.066,3.3
2026-06-10T01:36:17.286Z,0.02,0.066,3.3
2026-06-10T01:36:17.486Z,0.02,0.066,3.3
2026-06-10T01:36:17.688Z,0.02,0.066,3.3
2026-06-10T01:36:17.890Z,0.02,0.066,3.3
2026-06-10T01:36:18.091Z,0.02,0.066,3.3
2026-06-10T01:36:18.293Z,0.01,0.033,3.3
2026-06-10T01:36:18.495Z,0.01,0.033,3.3
2026-06-10T01:36:18.697Z,0.01,0.033,3.3
2026-06-10T01:36:18.899Z,0.01,0.033,3.3
2026-06-10T01:36:19.099Z,0.01,0.033,3.3
2026-06-10T01:36:19.302Z,0.01,0.033,3.3
2026-06-10T01:36:19.503Z,0.01,0.033,3.3
2026-06-10T01:36:19.704Z,0.01,0.033,3.3
2026-06-10T01:36:19.907Z,0.01,0.033,3.3
2026-06-10T01:36:20.108Z,0.01,0.033,3.3
2026-06-10T01:36:20.310Z,0.01,0.033,3.3
2026-06-10T01:36:20.512Z,0.01,0.033,3.3
2026-06-10T01:36:20.714Z,0.02,0.066,3.3
2026-06-10T01:36:20.917Z,0.02,0.066,3.3
2026-06-10T01:36:21.117Z,0.02,0.066,3.3
2026-06-10T01:36:21.320Z,0.01,0.033,3.3
2026-06-10T01:36:21.522Z,0.01,0.033,3.3
2026-06-10T01:36:21.722Z,0.01,0.033,3.3
2026-06-10T01:36:21.924Z,0.01,0.033,3.3
2026-06-10T01:36:22.124Z,0.02,0.066,3.3
2026-06-10T01:36:22.325Z,0.02,0.066,3.3
2026-06-10T01:36:22.527Z,0.02,0.066,3.3
2026-06-10T01:36:22.729Z,0.01,0.033,3.3
2026-06-10T01:36:22.929Z,0.02,0.066,3.3
2026-06-10T01:36:23.131Z,0.02,0.066,3.3
2026-06-10T01:36:23.331Z,0.02,0.066,3.3
2026-06-10T01:36:23.533Z,0.01,0.033,3.3
2026-06-10T01:36:23.735Z,0.01,0.033,3.3
2026-06-10T01:36:23.935Z,0.01,0.033,3.3
2026-06-10T01:36:24.136Z,0.02,0.066,3.3
2026-06-10T01:36:24.336Z,0.02,0.066,3.3
2026-06-10T01:36:24.539Z,0.02,0.066,3.3
2026-06-10T01:36:24.740Z,0.01,0.033,3.3
2026-06-10T01:36:24.941Z,0.01,0.033,3.3
2026-06-10T01:36:25.141Z,0.02,0.066,3.3
2026-06-10T01:36:25.348Z,0.02,0.066,3.3
2026-06-10T01:36:25.544Z,0.02,0.066,3.3
2026-06-10T01:36:25.747Z,0.02,0.066,3.3
2026-06-10T01:36:25.949Z,0.01,0.033,3.3
2026-06-10T01:36:26.150Z,0.01,0.033,3.3
2026-06-10T01:36:26.352Z,0.01,0.033,3.3
2026-06-10T01:36:26.554Z,0.01,0.033,3.3
2026-06-10T01:36:26.754Z,0.01,0.033,3.3
2026-06-10T01:36:26.957Z,0.02,0.066,3.3
2026-06-10T01:36:27.159Z,0.02,0.066,3.3
2026-06-10T01:36:27.361Z,0.02,0.066,3.3
2026-06-10T01:36:27.562Z,0.02,0.066,3.3
2026-06-10T01:36:27.763Z,0.02,0.066,3.3
2026-06-10T01:36:27.964Z,0.01,0.033,3.3
2026-06-10T01:36:28.166Z,0.01,0.033,3.3
2026-06-10T01:36:28.368Z,0.02,0.066,3.3
2026-06-10T01:36:28.568Z,0.02,0.066,3.3
2026-06-10T01:36:28.771Z,0.02,0.066,3.3
2026-06-10T01:36:28.972Z,0.02,0.066,3.3
2026-06-10T01:36:29.174Z,0.02,0.066,3.3
2026-06-10T01:36:29.376Z,0.02,0.066,3.3
2026-06-10T01:36:29.577Z,0.02,0.066,3.3
2026-06-10T01:36:29.778Z,0.01,0.033,3.3
2026-06-10T01:36:29.980Z,0.01,0.033,3.3
2026-06-10T01:36:30.182Z,0.02,0.066,3.3
2026-06-10T01:36:30.386Z,0.02,0.066,3.3
2026-06-10T01:36:30.587Z,0.02,0.066,3.3
2026-06-10T01:36:30.788Z,0.02,0.066,3.3
2026-06-10T01:36:30.988Z,0.01,0.033,3.3
2026-06-10T01:36:31.191Z,0.02,0.066,3.3
2026-06-10T01:36:31.392Z,0.02,0.066,3.3
2026-06-10T01:36:31.594Z,0.01,0.033,3.3
2026-06-10T01:36:31.796Z,0.02,0.066,3.3
2026-06-10T01:36:31.997Z,0.01,0.033,3.3
2026-06-10T01:36:32.198Z,0.02,0.066,3.3
2026-06-10T01:36:32.401Z,0.02,0.066,3.3
2026-06-10T01:36:32.602Z,0.02,0.066,3.3
2026-06-10T01:36:32.802Z,0.01,0.033,3.3
2026-06-10T01:36:33.003Z,0.01,0.033,3.3
2026-06-10T01:36:33.203Z,0.01,0.033,3.3
2026-06-10T01:36:33.405Z,0.01,0.033,3.3
2026-06-10T01:36:33.607Z,0.01,0.033,3.3
2026-06-10T01:36:33.809Z,0.02,0.066,3.3
2026-06-10T01:36:34.012Z,0.02,0.066,3.3
2026-06-10T01:36:34.214Z,0.02,0.066,3.3
2026-06-10T01:36:34.415Z,0.01,0.033,3.3
2026-06-10T01:36:34.616Z,0.02,0.066,3.3
2026-06-10T01:36:34.818Z,0.02,0.066,3.3
2026-06-10T01:36:35.020Z,0.02,0.066,3.3
2026-06-10T01:36:35.221Z,0.02,0.066,3.3
2026-06-10T01:36:35.423Z,0.01,0.033,3.3
2026-06-10T01:36:35.625Z,0.01,0.033,3.3
2026-06-10T01:36:35.827Z,0.01,0.033,3.3
2026-06-10T01:36:36.028Z,0.01,0.033,3.3
2026-06-10T01:36:36.230Z,0.02,0.066,3.3
2026-06-10T01:36:36.431Z,0.02,0.066,3.3
2026-06-10T01:36:36.632Z,0.02,0.066,3.3
2026-06-10T01:36:36.833Z,0.02,0.066,3.3
2026-06-10T01:36:37.034Z,0.01,0.033,3.3
2026-06-10T01:36:37.234Z,0.01,0.033,3.3
2026-06-10T01:36:37.437Z,0,0,3.3
2026-06-10T01:36:37.637Z,0.01,0.033,3.3
2026-06-10T01:36:37.839Z,0.01,0.033,3.3
2026-06-10T01:36:38.041Z,0.01,0.033,3.3
2026-06-10T01:36:38.243Z,0.01,0.033,3.3
2026-06-10T01:36:38.446Z,0.01,0.033,3.3
2026-06-10T01:36:38.647Z,0.01,0.033,3.3
2026-06-10T01:36:38.848Z,0.02,0.066,3.3
2026-06-10T01:36:39.051Z,0.02,0.066,3.3
2026-06-10T01:36:39.253Z,0.02,0.066,3.3
2026-06-10T01:36:39.454Z,0.01,0.033,3.3
2026-06-10T01:36:39.656Z,0.01,0.033,3.3
2026-06-10T01:36:39.856Z,0.01,0.033,3.3
2026-06-10T01:36:40.057Z,0.02,0.066,3.3
2026-06-10T01:36:40.258Z,33.73,111.309,3.3
2026-06-10T01:36:40.460Z,63.2,208.56,3.3
2026-06-10T01:36:40.661Z,65.41,215.853,3.3
2026-06-10T01:36:40.863Z,65.28,215.424,3.3
2026-06-10T01:36:41.065Z,72.43,239.019,3.3
2026-06-10T01:36:41.267Z,70.81,233.673,3.3
2026-06-10T01:36:41.469Z,58.87,194.271,3.3
2026-06-10T01:36:41.670Z,55.63,183.579,3.3
2026-06-10T01:36:41.871Z,51.66,170.478,3.3
2026-06-10T01:36:42.073Z,52.77,174.141,3.3
2026-06-10T01:36:42.274Z,60.1,198.33,3.3
2026-06-10T01:36:42.476Z,68.39,225.687,3.3
2026-06-10T01:36:42.678Z,67.95,224.235,3.3
2026-06-10T01:36:42.879Z,62.58,206.514,3.3
2026-06-10T01:36:43.079Z,63,207.9,3.3
2026-06-10T01:36:43.281Z,64.65,213.345,3.3
2026-06-10T01:36:43.482Z,64.48,212.784,3.3
2026-06-10T01:36:43.683Z,62.62,206.646,3.3
2026-06-10T01:36:43.885Z,62.31,205.623,3.3
2026-06-10T01:36:44.087Z,61.24,202.092,3.3
2026-06-10T01:36:44.289Z,96.81,319.473,3.3
2026-06-10T01:36:44.490Z,133.91,441.903,3.3
2026-06-10T01:36:44.692Z,108,356.4,3.3
2026-06-10T01:36:44.893Z,104.73,345.609,3.3
2026-06-10T01:36:45.095Z,112.17,370.161,3.3
2026-06-10T01:36:45.295Z,110.02,363.066,3.3
2026-06-10T01:36:45.496Z,100.63,332.079,3.3
2026-06-10T01:36:45.696Z,98.93,326.469,3.3
2026-06-10T01:36:45.899Z,97.58,322.014,3.3
2026-06-10T01:36:46.101Z,99.83,329.439,3.3
2026-06-10T01:36:46.303Z,113.72,375.276,3.3
2026-06-10T01:36:46.505Z,120.45,397.485,3.3
2026-06-10T01:36:46.707Z,102.43,338.019,3.3
2026-06-10T01:36:46.908Z,92.87,306.471,3.3
2026-06-10T01:36:47.111Z,92.58,305.514,3.3
2026-06-10T01:36:47.311Z,93.36,308.088,3.3
2026-06-10T01:36:47.513Z,94.01,310.233,3.3
2026-06-10T01:36:47.714Z,94.93,313.269,3.3
2026-06-10T01:36:47.916Z,91.97,303.501,3.3
2026-06-10T01:36:48.117Z,74.08,244.464,3.3
2026-06-10T01:36:48.319Z,54.91,181.203,3.3
2026-06-10T01:36:48.520Z,23.29,76.857,3.3
2026-06-10T01:36:48.722Z,1.75,5.775,3.3
2026-06-10T01:36:48.923Z,0.12,0.396,3.3
2026-06-10T01:36:49.124Z,0.04,0.132,3.3
2026-06-10T01:36:49.326Z,0.03,0.099,3.3
2026-06-10T01:36:49.528Z,0.03,0.099,3.3
2026-06-10T01:36:49.729Z,0.02,0.066,3.3
2026-06-10T01:36:49.931Z,0.02,0.066,3.3
2026-06-10T01:36:50.132Z,0.02,0.066,3.3
2026-06-10T01:36:50.333Z,0.02,0.066,3.3
2026-06-10T01:36:50.535Z,0.02,0.066,3.3
2026-06-10T01:36:50.735Z,0.02,0.066,3.3
2026-06-10T01:36:50.938Z,0.02,0.066,3.3
2026-06-10T01:36:51.139Z,0.02,0.066,3.3
2026-06-10T01:36:51.340Z,0.02,0.066,3.3
2026-06-10T01:36:51.542Z,0.02,0.066,3.3
2026-06-10T01:36:51.744Z,0.01,0.033,3.3
2026-06-10T01:36:51.946Z,0.01,0.033,3.3
2026-06-10T01:36:52.147Z,0.02,0.066,3.3
2026-06-10T01:36:52.350Z,0.02,0.066,3.3
2026-06-10T01:36:52.551Z,0.03,0.099,3.3
2026-06-10T01:36:52.752Z,0.03,0.099,3.3
2026-06-10T01:36:52.954Z,0.03,0.099,3.3
2026-06-10T01:36:53.154Z,0.03,0.099,3.3
2026-06-10T01:36:53.361Z,0.02,0.066,3.3
2026-06-10T01:36:53.557Z,0.02,0.066,3.3
2026-06-10T01:36:53.757Z,0.02,0.066,3.3
2026-06-10T01:36:53.959Z,0.01,0.033,3.3
2026-06-10T01:36:54.162Z,0.01,0.033,3.3
2026-06-10T01:36:54.364Z,0.01,0.033,3.3
2026-06-10T01:36:54.564Z,0.02,0.066,3.3
2026-06-10T01:36:54.766Z,0.02,0.066,3.3
2026-06-10T01:36:54.967Z,0.02,0.066,3.3
2026-06-10T01:36:55.170Z,0.02,0.066,3.3
2026-06-10T01:36:55.371Z,0.02,0.066,3.3
2026-06-10T01:36:55.573Z,0.01,0.033,3.3
2026-06-10T01:36:55.775Z,0.01,0.033,3.3
2026-06-10T01:36:55.975Z,0.02,0.066,3.3
2026-06-10T01:36:56.178Z,0.02,0.066,3.3
2026-06-10T01:36:56.386Z,0.02,0.066,3.3
2026-06-10T01:36:56.588Z,0.02,0.066,3.3
2026-06-10T01:36:56.790Z,0.02,0.066,3.3
2026-06-10T01:36:56.991Z,0.02,0.066,3.3
2026-06-10T01:36:57.192Z,0.02,0.066,3.3
2026-06-10T01:36:57.395Z,0.02,0.066,3.3
2026-06-10T01:36:57.596Z,0.01,0.033,3.3
2026-06-10T01:36:57.798Z,0.01,0.033,3.3
2026-06-10T01:36:58.001Z,0.01,0.033,3.3
2026-06-10T01:36:58.202Z,0.02,0.066,3.3
2026-06-10T01:36:58.402Z,0.02,0.066,3.3
2026-06-10T01:36:58.604Z,0.02,0.066,3.3
2026-06-10T01:36:58.805Z,0.02,0.066,3.3
2026-06-10T01:36:59.007Z,0.02,0.066,3.3
2026-06-10T01:36:59.208Z,0.02,0.066,3.3
2026-06-10T01:36:59.410Z,0.02,0.066,3.3
2026-06-10T01:36:59.612Z,0.02,0.066,3.3
2026-06-10T01:36:59.813Z,0.02,0.066,3.3
2026-06-10T01:37:00.014Z,0.02,0.066,3.3
2026-06-10T01:37:00.215Z,0.02,0.066,3.3
2026-06-10T01:37:00.416Z,0.02,0.066,3.3
2026-06-10T01:37:00.617Z,0.02,0.066,3.3
2026-06-10T01:37:00.818Z,0.01,0.033,3.3
2026-06-10T01:37:01.020Z,0.01,0.033,3.3
2026-06-10T01:37:01.222Z,0.01,0.033,3.3
2026-06-10T01:37:01.423Z,0.02,0.066,3.3
2026-06-10T01:37:01.625Z,0.03,0.099,3.3
2026-06-10T01:37:01.827Z,0.03,0.099,3.3
2026-06-10T01:37:02.028Z,0.02,0.066,3.3
2026-06-10T01:37:02.229Z,0.02,0.066,3.3
2026-06-10T01:37:02.430Z,0.01,0.033,3.3
2026-06-10T01:37:02.630Z,0.01,0.033,3.3
2026-06-10T01:37:02.832Z,0.01,0.033,3.3
2026-06-10T01:37:03.034Z,0.02,0.066,3.3
2026-06-10T01:37:03.236Z,0.02,0.066,3.3
2026-06-10T01:37:03.437Z,0.02,0.066,3.3
2026-06-10T01:37:03.639Z,0.02,0.066,3.3
2026-06-10T01:37:03.840Z,0.02,0.066,3.3
2026-06-10T01:37:04.043Z,0.01,0.033,3.3
2026-06-10T01:37:04.245Z,0.01,0.033,3.3
2026-06-10T01:37:04.446Z,0.02,0.066,3.3
2026-06-10T01:37:04.646Z,0.02,0.066,3.3
2026-06-10T01:37:04.846Z,0.02,0.066,3.3
2026-06-10T01:37:05.048Z,0.03,0.099,3.3
2026-06-10T01:37:05.250Z,0.03,0.099,3.3
2026-06-10T01:37:05.451Z,0.02,0.066,3.3
2026-06-10T01:37:05.653Z,0.01,0.033,3.3
2026-06-10T01:37:05.855Z,0.01,0.033,3.3
2026-06-10T01:37:06.057Z,0.02,0.066,3.3
2026-06-10T01:37:06.260Z,0.02,0.066,3.3
2026-06-10T01:37:06.461Z,0.02,0.066,3.3
2026-06-10T01:37:06.662Z,0.02,0.066,3.3
2026-06-10T01:37:06.864Z,0.02,0.066,3.3
2026-06-10T01:37:07.064Z,0.01,0.033,3.3
2026-06-10T01:37:07.265Z,0.01,0.033,3.3
2026-06-10T01:37:07.466Z,0.01,0.033,3.3
2026-06-10T01:37:07.668Z,0.01,0.033,3.3
2026-06-10T01:37:07.868Z,0.02,0.066,3.3
2026-06-10T01:37:08.069Z,0.02,0.066,3.3
2026-06-10T01:37:08.271Z,0.02,0.066,3.3
2026-06-10T01:37:08.472Z,0.01,0.033,3.3
2026-06-10T01:37:08.674Z,0.01,0.033,3.3
2026-06-10T01:37:08.875Z,0.02,0.066,3.3
2026-06-10T01:37:09.077Z,0.02,0.066,3.3
2026-06-10T01:37:09.278Z,0.02,0.066,3.3
2026-06-10T01:37:09.478Z,0.02,0.066,3.3
2026-06-10T01:37:09.680Z,0.01,0.033,3.3
2026-06-10T01:37:09.881Z,0.02,0.066,3.3
2026-06-10T01:37:10.085Z,0.01,0.033,3.3
2026-06-10T01:37:10.284Z,0.01,0.033,3.3
2026-06-10T01:37:10.487Z,0.01,0.033,3.3
2026-06-10T01:37:10.688Z,0.02,0.066,3.3
2026-06-10T01:37:10.889Z,0.02,0.066,3.3
2026-06-10T01:37:11.090Z,0.02,0.066,3.3
2026-06-10T01:37:11.292Z,0.02,0.066,3.3
2026-06-10T01:37:11.494Z,0.02,0.066,3.3
2026-06-10T01:37:11.696Z,0.02,0.066,3.3
2026-06-10T01:37:11.898Z,0.02,0.066,3.3
2026-06-10T01:37:12.100Z,0.02,0.066,3.3
2026-06-10T01:37:12.301Z,0.01,0.033,3.3
2026-06-10T01:37:12.502Z,0.01,0.033,3.3
2026-06-10T01:37:12.703Z,0.01,0.033,3.3
2026-06-10T01:37:12.906Z,0.01,0.033,3.3
2026-06-10T01:37:13.107Z,0.02,0.066,3.3
2026-06-10T01:37:13.309Z,0.02,0.066,3.3
2026-06-10T01:37:13.511Z,0.01,0.033,3.3
2026-06-10T01:37:13.713Z,0.01,0.033,3.3
2026-06-10T01:37:13.914Z,0.01,0.033,3.3
2026-06-10T01:37:14.116Z,0.02,0.066,3.3
2026-06-10T01:37:14.318Z,0.02,0.066,3.3
2026-06-10T01:37:14.520Z,0.02,0.066,3.3
2026-06-10T01:37:14.723Z,0.03,0.099,3.3
2026-06-10T01:37:14.923Z,0.01,0.033,3.3
2026-06-10T01:37:15.125Z,0.01,0.033,3.3
2026-06-10T01:37:15.326Z,0.01,0.033,3.3
2026-06-10T01:37:15.528Z,0.01,0.033,3.3
2026-06-10T01:37:15.730Z,0.01,0.033,3.3
2026-06-10T01:37:15.933Z,0.01,0.033,3.3
2026-06-10T01:37:16.135Z,0.01,0.033,3.3
2026-06-10T01:37:16.336Z,0.01,0.033,3.3
2026-06-10T01:37:16.537Z,0.01,0.033,3.3
2026-06-10T01:37:16.738Z,0.01,0.033,3.3
2026-06-10T01:37:16.939Z,0.01,0.033,3.3
2026-06-10T01:37:17.140Z,0.01,0.033,3.3
2026-06-10T01:37:17.341Z,0.02,0.066,3.3
2026-06-10T01:37:17.543Z,0.02,0.066,3.3
2026-06-10T01:37:17.745Z,0.02,0.066,3.3
2026-06-10T01:37:17.947Z,0.02,0.066,3.3
2026-06-10T01:37:18.149Z,0.01,0.033,3.3
2026-06-10T01:37:18.352Z,0.01,0.033,3.3
2026-06-10T01:37:18.551Z,0.02,0.066,3.3
2026-06-10T01:37:18.753Z,0.02,0.066,3.3
2026-06-10T01:37:18.956Z,0.02,0.066,3.3
2026-06-10T01:37:19.157Z,0.02,0.066,3.3
2026-06-10T01:37:19.361Z,0.02,0.066,3.3
2026-06-10T01:37:19.560Z,0.01,0.033,3.3
2026-06-10T01:37:19.762Z,0.01,0.033,3.3
2026-06-10T01:37:19.964Z,0.02,0.066,3.3
2026-06-10T01:37:20.167Z,0.02,0.066,3.3
2026-06-10T01:37:20.368Z,0.02,0.066,3.3
2026-06-10T01:37:20.570Z,0.02,0.066,3.3
2026-06-10T01:37:20.772Z,0.02,0.066,3.3
2026-06-10T01:37:20.974Z,0.02,0.066,3.3
2026-06-10T01:37:21.176Z,0.01,0.033,3.3
2026-06-10T01:37:21.379Z,0.02,0.066,3.3
2026-06-10T01:37:21.579Z,0.02,0.066,3.3
2026-06-10T01:37:21.781Z,0.02,0.066,3.3
2026-06-10T01:37:21.985Z,0.02,0.066,3.3
2026-06-10T01:37:22.186Z,0.01,0.033,3.3
2026-06-10T01:37:22.387Z,0.01,0.033,3.3
2026-06-10T01:37:22.589Z,0.01,0.033,3.3
2026-06-10T01:37:22.789Z,0.01,0.033,3.3
2026-06-10T01:37:22.991Z,0.02,0.066,3.3
2026-06-10T01:37:23.193Z,0.02,0.066,3.3
2026-06-10T01:37:23.394Z,0.01,0.033,3.3
2026-06-10T01:37:23.594Z,0.01,0.033,3.3
2026-06-10T01:37:23.794Z,0.01,0.033,3.3
2026-06-10T01:37:23.995Z,0.02,0.066,3.3
2026-06-10T01:37:24.196Z,0.03,0.099,3.3
2026-06-10T01:37:24.401Z,0.02,0.066,3.3
2026-06-10T01:37:24.603Z,0.02,0.066,3.3
2026-06-10T01:37:24.804Z,0.01,0.033,3.3
2026-06-10T01:37:25.006Z,0.01,0.033,3.3
2026-06-10T01:37:25.208Z,0.01,0.033,3.3
2026-06-10T01:37:25.409Z,0.01,0.033,3.3
2026-06-10T01:37:25.611Z,0.01,0.033,3.3
2026-06-10T01:37:25.813Z,0,0,3.3
2026-06-10T01:37:26.014Z,0,0,3.3
2026-06-10T01:37:26.216Z,0,0,3.3
2026-06-10T01:37:26.418Z,0,0,3.3
2026-06-10T01:37:26.620Z,0.01,0.033,3.3
2026-06-10T01:37:26.823Z,0.01,0.033,3.3
2026-06-10T01:37:27.025Z,0.01,0.033,3.3
2026-06-10T01:37:27.227Z,0.01,0.033,3.3
2026-06-10T01:37:27.428Z,0.02,0.066,3.3
2026-06-10T01:37:27.630Z,0.02,0.066,3.3
2026-06-10T01:37:27.833Z,0.03,0.099,3.3
2026-06-10T01:37:28.034Z,0.02,0.066,3.3
2026-06-10T01:37:28.237Z,0.01,0.033,3.3
2026-06-10T01:37:28.437Z,0.01,0.033,3.3
2026-06-10T01:37:28.639Z,0.01,0.033,3.3
2026-06-10T01:37:28.840Z,0.01,0.033,3.3
2026-06-10T01:37:29.042Z,0.01,0.033,3.3
2026-06-10T01:37:29.242Z,0.01,0.033,3.3
2026-06-10T01:37:29.444Z,0.01,0.033,3.3
2026-06-10T01:37:29.646Z,0.01,0.033,3.3
2026-06-10T01:37:29.846Z,0.01,0.033,3.3
2026-06-10T01:37:30.048Z,0.01,0.033,3.3
2026-06-10T01:37:30.249Z,0.01,0.033,3.3
2026-06-10T01:37:30.449Z,0.01,0.033,3.3
2026-06-10T01:37:30.650Z,0.02,0.066,3.3
2026-06-10T01:37:30.852Z,0.03,0.099,3.3
2026-06-10T01:37:31.054Z,0.02,0.066,3.3
2026-06-10T01:37:31.255Z,0.02,0.066,3.3
2026-06-10T01:37:31.456Z,0.02,0.066,3.3
2026-06-10T01:37:31.657Z,0.01,0.033,3.3
2026-06-10T01:37:31.858Z,0.01,0.033,3.3
2026-06-10T01:37:32.060Z,0.01,0.033,3.3
2026-06-10T01:37:32.262Z,0.02,0.066,3.3
2026-06-10T01:37:32.465Z,0.02,0.066,3.3
2026-06-10T01:37:32.666Z,0.02,0.066,3.3
2026-06-10T01:37:32.867Z,0.02,0.066,3.3
2026-06-10T01:37:33.068Z,0.01,0.033,3.3
2026-06-10T01:37:33.269Z,0.01,0.033,3.3
2026-06-10T01:37:33.471Z,0.01,0.033,3.3
2026-06-10T01:37:33.671Z,0.01,0.033,3.3
2026-06-10T01:37:33.874Z,0.02,0.066,3.3
2026-06-10T01:37:34.075Z,0.02,0.066,3.3
2026-06-10T01:37:34.276Z,0.02,0.066,3.3
2026-06-10T01:37:34.477Z,0.01,0.033,3.3
2026-06-10T01:37:34.679Z,0.01,0.033,3.3
2026-06-10T01:37:34.881Z,0.01,0.033,3.3
2026-06-10T01:37:35.082Z,0.01,0.033,3.3
2026-06-10T01:37:35.284Z,0.02,0.066,3.3
2026-06-10T01:37:35.487Z,0.02,0.066,3.3
2026-06-10T01:37:35.688Z,0.02,0.066,3.3
2026-06-10T01:37:35.889Z,0.02,0.066,3.3
2026-06-10T01:37:36.092Z,0.02,0.066,3.3
2026-06-10T01:37:36.292Z,0.01,0.033,3.3
2026-06-10T01:37:36.493Z,0.01,0.033,3.3
2026-06-10T01:37:36.695Z,0.01,0.033,3.3
2026-06-10T01:37:36.898Z,0.01,0.033,3.3
2026-06-10T01:37:37.099Z,0.02,0.066,3.3
2026-06-10T01:37:37.302Z,0.02,0.066,3.3
2026-06-10T01:37:37.503Z,0.02,0.066,3.3
2026-06-10T01:37:37.704Z,0.02,0.066,3.3
2026-06-10T01:37:37.905Z,0.02,0.066,3.3
2026-06-10T01:37:38.107Z,0.01,0.033,3.3
2026-06-10T01:37:38.308Z,0.01,0.033,3.3
2026-06-10T01:37:38.510Z,0.02,0.066,3.3
2026-06-10T01:37:38.712Z,0.02,0.066,3.3
2026-06-10T01:37:38.916Z,0.02,0.066,3.3
2026-06-10T01:37:39.118Z,0.01,0.033,3.3
2026-06-10T01:37:39.319Z,0.01,0.033,3.3
2026-06-10T01:37:39.521Z,0.02,0.066,3.3
2026-06-10T01:37:39.723Z,0.02,0.066,3.3
2026-06-10T01:37:39.926Z,0.03,0.099,3.3
2026-06-10T01:37:40.128Z,25.65,84.645,3.3
2026-06-10T01:37:40.330Z,61.94,204.402,3.3
2026-06-10T01:37:40.532Z,65.61,216.513,3.3
2026-06-10T01:37:40.733Z,65.29,215.457,3.3
2026-06-10T01:37:40.934Z,72.81,240.273,3.3
2026-06-10T01:37:41.135Z,71.69,236.577,3.3
2026-06-10T01:37:41.336Z,60.58,199.914,3.3
2026-06-10T01:37:41.537Z,56.48,186.384,3.3
2026-06-10T01:37:41.739Z,51.67,170.511,3.3
2026-06-10T01:37:41.941Z,51.89,171.237,3.3
2026-06-10T01:37:42.143Z,58.6,193.38,3.3
2026-06-10T01:37:42.343Z,68.34,225.522,3.3
2026-06-10T01:37:42.544Z,68.05,224.565,3.3
2026-06-10T01:37:42.745Z,62.58,206.514,3.3
2026-06-10T01:37:42.947Z,62.69,206.877,3.3
2026-06-10T01:37:43.148Z,64.65,213.345,3.3
2026-06-10T01:37:43.351Z,64.6,213.18,3.3
2026-06-10T01:37:43.551Z,65.11,214.863,3.3
2026-06-10T01:37:43.754Z,63.73,210.309,3.3
2026-06-10T01:37:43.955Z,64.65,213.345,3.3
2026-06-10T01:37:44.156Z,118.89,392.337,3.3
2026-06-10T01:37:44.360Z,135.06,445.698,3.3
2026-06-10T01:37:44.561Z,104.12,343.596,3.3
2026-06-10T01:37:44.763Z,103.96,343.068,3.3
2026-06-10T01:37:44.964Z,102.54,338.382,3.3
2026-06-10T01:37:45.165Z,101.63,335.379,3.3
2026-06-10T01:37:45.367Z,102.45,338.085,3.3
2026-06-10T01:37:45.571Z,100.95,333.135,3.3
2026-06-10T01:37:45.771Z,98.17,323.961,3.3
2026-06-10T01:37:45.973Z,113.43,374.319,3.3
2026-06-10T01:37:46.175Z,125.98,415.734,3.3
2026-06-10T01:37:46.381Z,112.63,371.679,3.3
2026-06-10T01:37:46.581Z,96.7,319.11,3.3
2026-06-10T01:37:46.784Z,89.32,294.756,3.3
2026-06-10T01:37:46.986Z,87.98,290.334,3.3
2026-06-10T01:37:47.187Z,89.46,295.218,3.3
2026-06-10T01:37:47.389Z,91.65,302.445,3.3
2026-06-10T01:37:47.589Z,98.11,323.763,3.3
2026-06-10T01:37:47.790Z,87.91,290.103,3.3
2026-06-10T01:37:47.991Z,60.95,201.135,3.3
2026-06-10T01:37:48.193Z,39.86,131.538,3.3
2026-06-10T01:37:48.395Z,5.19,17.127,3.3
2026-06-10T01:37:48.596Z,1.47,4.851,3.3
2026-06-10T01:37:48.799Z,0.05,0.165,3.3
2026-06-10T01:37:49.000Z,0.02,0.066,3.3
2026-06-10T01:37:49.201Z,0.02,0.066,3.3
2026-06-10T01:37:49.404Z,0.02,0.066,3.3
2026-06-10T01:37:49.605Z,0.02,0.066,3.3
2026-06-10T01:37:49.807Z,0.01,0.033,3.3
2026-06-10T01:37:50.010Z,0.01,0.033,3.3
2026-06-10T01:37:50.211Z,0.01,0.033,3.3
2026-06-10T01:37:50.412Z,0.01,0.033,3.3
2026-06-10T01:37:50.613Z,0.02,0.066,3.3
2026-06-10T01:37:50.815Z,0.02,0.066,3.3
2026-06-10T01:37:51.017Z,0.02,0.066,3.3
2026-06-10T01:37:51.217Z,0.02,0.066,3.3
2026-06-10T01:37:51.419Z,0.01,0.033,3.3
2026-06-10T01:37:51.621Z,0.01,0.033,3.3
2026-06-10T01:37:51.821Z,0.01,0.033,3.3
2026-06-10T01:37:52.024Z,0.01,0.033,3.3
2026-06-10T01:37:52.225Z,0.02,0.066,3.3
2026-06-10T01:37:52.427Z,0.02,0.066,3.3
2026-06-10T01:37:52.628Z,0.03,0.099,3.3
2026-06-10T01:37:52.829Z,0.03,0.099,3.3
2026-06-10T01:37:53.030Z,0.02,0.066,3.3
2026-06-10T01:37:53.232Z,0.02,0.066,3.3
2026-06-10T01:37:53.434Z,0.02,0.066,3.3
2026-06-10T01:37:53.635Z,0.02,0.066,3.3
2026-06-10T01:37:53.836Z,0.02,0.066,3.3
2026-06-10T01:37:54.038Z,0.02,0.066,3.3
2026-06-10T01:37:54.239Z,0.01,0.033,3.3
2026-06-10T01:37:54.440Z,0.02,0.066,3.3
2026-06-10T01:37:54.641Z,0.01,0.033,3.3
2026-06-10T01:37:54.841Z,0.01,0.033,3.3
2026-06-10T01:37:55.043Z,0.01,0.033,3.3
2026-06-10T01:37:55.245Z,0.01,0.033,3.3
2026-06-10T01:37:55.445Z,0.02,0.066,3.3
2026-06-10T01:37:55.645Z,0.02,0.066,3.3
2026-06-10T01:37:55.847Z,0.02,0.066,3.3
2026-06-10T01:37:56.048Z,0.01,0.033,3.3
2026-06-10T01:37:56.249Z,0.02,0.066,3.3
2026-06-10T01:37:56.451Z,0.01,0.033,3.3
2026-06-10T01:37:56.652Z,0.01,0.033,3.3
2026-06-10T01:37:56.854Z,0.02,0.066,3.3
2026-06-10T01:37:57.056Z,0.02,0.066,3.3
2026-06-10T01:37:57.258Z,0.02,0.066,3.3
2026-06-10T01:37:57.459Z,0.02,0.066,3.3
2026-06-10T01:37:57.661Z,0.02,0.066,3.3
2026-06-10T01:37:57.863Z,0.01,0.033,3.3
2026-06-10T01:37:58.066Z,0.01,0.033,3.3
2026-06-10T01:37:58.267Z,0.01,0.033,3.3
2026-06-10T01:37:58.468Z,0.02,0.066,3.3
2026-06-10T01:37:58.669Z,0.02,0.066,3.3
2026-06-10T01:37:58.871Z,0.02,0.066,3.3
2026-06-10T01:37:59.073Z,0.02,0.066,3.3
2026-06-10T01:37:59.275Z,0.01,0.033,3.3
2026-06-10T01:37:59.476Z,0.02,0.066,3.3
2026-06-10T01:37:59.678Z,0.02,0.066,3.3
2026-06-10T01:37:59.880Z,0.02,0.066,3.3
2026-06-10T01:38:00.083Z,0.02,0.066,3.3
2026-06-10T01:38:00.283Z,0.01,0.033,3.3
2026-06-10T01:38:00.485Z,0.01,0.033,3.3
2026-06-10T01:38:00.687Z,0.02,0.066,3.3
2026-06-10T01:38:00.890Z,0.02,0.066,3.3
2026-06-10T01:38:01.092Z,0.01,0.033,3.3
2026-06-10T01:38:01.293Z,0.01,0.033,3.3
2026-06-10T01:38:01.494Z,0.01,0.033,3.3
2026-06-10T01:38:01.696Z,0.01,0.033,3.3
2026-06-10T01:38:01.897Z,0.02,0.066,3.3
2026-06-10T01:38:02.097Z,0.02,0.066,3.3
2026-06-10T01:38:02.300Z,0.02,0.066,3.3
2026-06-10T01:38:02.502Z,0.02,0.066,3.3
2026-06-10T01:38:02.704Z,0.01,0.033,3.3
2026-06-10T01:38:02.905Z,0.01,0.033,3.3
2026-06-10T01:38:03.107Z,0.01,0.033,3.3
2026-06-10T01:38:03.310Z,0.02,0.066,3.3
2026-06-10T01:38:03.513Z,0.02,0.066,3.3
2026-06-10T01:38:03.714Z,0.02,0.066,3.3
2026-06-10T01:38:03.915Z,0.02,0.066,3.3
2026-06-10T01:38:04.116Z,0.02,0.066,3.3
2026-06-10T01:38:04.318Z,0.02,0.066,3.3
2026-06-10T01:38:04.520Z,0.02,0.066,3.3
2026-06-10T01:38:04.721Z,0.02,0.066,3.3
2026-06-10T01:38:04.922Z,0.02,0.066,3.3
2026-06-10T01:38:05.125Z,0.01,0.033,3.3
2026-06-10T01:38:05.326Z,0.01,0.033,3.3
2026-06-10T01:38:05.528Z,0.01,0.033,3.3
2026-06-10T01:38:05.729Z,0.02,0.066,3.3
2026-06-10T01:38:05.931Z,0.02,0.066,3.3
2026-06-10T01:38:06.132Z,0.02,0.066,3.3
2026-06-10T01:38:06.333Z,0.02,0.066,3.3
2026-06-10T01:38:06.534Z,0.01,0.033,3.3
2026-06-10T01:38:06.735Z,0.01,0.033,3.3
2026-06-10T01:38:06.937Z,0.01,0.033,3.3
2026-06-10T01:38:07.137Z,0.01,0.033,3.3
2026-06-10T01:38:07.339Z,0.02,0.066,3.3
2026-06-10T01:38:07.540Z,0.03,0.099,3.3
2026-06-10T01:38:07.742Z,0.02,0.066,3.3
2026-06-10T01:38:07.944Z,0.02,0.066,3.3
2026-06-10T01:38:08.146Z,0.01,0.033,3.3
2026-06-10T01:38:08.348Z,0.01,0.033,3.3
2026-06-10T01:38:08.547Z,0.02,0.066,3.3
2026-06-10T01:38:08.748Z,0.03,0.099,3.3
2026-06-10T01:38:08.950Z,0.02,0.066,3.3
2026-06-10T01:38:09.152Z,0.01,0.033,3.3
2026-06-10T01:38:09.353Z,0.01,0.033,3.3
2026-06-10T01:38:09.554Z,0.01,0.033,3.3
2026-06-10T01:38:09.756Z,0.02,0.066,3.3
2026-06-10T01:38:09.958Z,0.02,0.066,3.3
2026-06-10T01:38:10.158Z,0.02,0.066,3.3
2026-06-10T01:38:10.360Z,0.01,0.033,3.3
2026-06-10T01:38:10.561Z,0.02,0.066,3.3
2026-06-10T01:38:10.763Z,0.02,0.066,3.3
2026-06-10T01:38:10.965Z,0.02,0.066,3.3
2026-06-10T01:38:11.167Z,0.02,0.066,3.3
2026-06-10T01:38:11.367Z,0.02,0.066,3.3
2026-06-10T01:38:11.568Z,0.02,0.066,3.3
2026-06-10T01:38:11.769Z,0.02,0.066,3.3
2026-06-10T01:38:11.971Z,0.01,0.033,3.3
2026-06-10T01:38:12.173Z,0.01,0.033,3.3
2026-06-10T01:38:12.377Z,0.01,0.033,3.3
2026-06-10T01:38:12.574Z,0.02,0.066,3.3
2026-06-10T01:38:12.775Z,0.02,0.066,3.3
2026-06-10T01:38:12.977Z,0.02,0.066,3.3
2026-06-10T01:38:13.178Z,0.02,0.066,3.3
2026-06-10T01:38:13.379Z,0.02,0.066,3.3
2026-06-10T01:38:13.581Z,0.01,0.033,3.3
2026-06-10T01:38:13.781Z,0.01,0.033,3.3
2026-06-10T01:38:13.982Z,0.01,0.033,3.3
2026-06-10T01:38:14.184Z,0.01,0.033,3.3
2026-06-10T01:38:14.387Z,0.02,0.066,3.3
2026-06-10T01:38:14.589Z,0.02,0.066,3.3
2026-06-10T01:38:14.790Z,0.02,0.066,3.3
2026-06-10T01:38:14.992Z,0.01,0.033,3.3
2026-06-10T01:38:15.192Z,0.01,0.033,3.3
2026-06-10T01:38:15.395Z,0.02,0.066,3.3
2026-06-10T01:38:15.597Z,0.02,0.066,3.3
2026-06-10T01:38:15.798Z,0.02,0.066,3.3
2026-06-10T01:38:15.999Z,0.02,0.066,3.3
2026-06-10T01:38:16.200Z,0.02,0.066,3.3
2026-06-10T01:38:16.402Z,0.02,0.066,3.3
2026-06-10T01:38:16.603Z,0.01,0.033,3.3
2026-06-10T01:38:16.804Z,0.01,0.033,3.3
2026-06-10T01:38:17.005Z,0.01,0.033,3.3
2026-06-10T01:38:17.207Z,0.01,0.033,3.3
2026-06-10T01:38:17.408Z,0.02,0.066,3.3
2026-06-10T01:38:17.611Z,0.02,0.066,3.3
2026-06-10T01:38:17.813Z,0.02,0.066,3.3
2026-06-10T01:38:18.014Z,0.02,0.066,3.3
2026-06-10T01:38:18.216Z,0.02,0.066,3.3
2026-06-10T01:38:18.417Z,0.01,0.033,3.3
2026-06-10T01:38:18.619Z,0.01,0.033,3.3
2026-06-10T01:38:18.820Z,0.01,0.033,3.3
2026-06-10T01:38:19.021Z,0.01,0.033,3.3
2026-06-10T01:38:19.221Z,0.01,0.033,3.3
2026-06-10T01:38:19.423Z,0.01,0.033,3.3
2026-06-10T01:38:19.623Z,0.01,0.033,3.3
2026-06-10T01:38:19.825Z,0.01,0.033,3.3
2026-06-10T01:38:20.027Z,0.02,0.066,3.3
2026-06-10T01:38:20.227Z,0.02,0.066,3.3
2026-06-10T01:38:20.428Z,0.01,0.033,3.3
2026-06-10T01:38:20.629Z,0.02,0.066,3.3
2026-06-10T01:38:20.829Z,0.01,0.033,3.3
2026-06-10T01:38:21.030Z,0.01,0.033,3.3
2026-06-10T01:38:21.232Z,0.01,0.033,3.3
2026-06-10T01:38:21.434Z,0.02,0.066,3.3
2026-06-10T01:38:21.635Z,0.02,0.066,3.3
2026-06-10T01:38:21.836Z,0.02,0.066,3.3
2026-06-10T01:38:22.038Z,0.02,0.066,3.3
2026-06-10T01:38:22.239Z,0.02,0.066,3.3
2026-06-10T01:38:22.442Z,0.01,0.033,3.3
2026-06-10T01:38:22.642Z,0.02,0.066,3.3
2026-06-10T01:38:22.844Z,0.01,0.033,3.3
2026-06-10T01:38:23.046Z,0.01,0.033,3.3
2026-06-10T01:38:23.247Z,0.01,0.033,3.3
2026-06-10T01:38:23.447Z,0.01,0.033,3.3
2026-06-10T01:38:23.650Z,0.01,0.033,3.3
2026-06-10T01:38:23.852Z,0.02,0.066,3.3
2026-06-10T01:38:24.052Z,0.02,0.066,3.3
2026-06-10T01:38:24.254Z,0.02,0.066,3.3
2026-06-10T01:38:24.454Z,0.02,0.066,3.3
2026-06-10T01:38:24.654Z,0.02,0.066,3.3
2026-06-10T01:38:24.857Z,0.02,0.066,3.3
2026-06-10T01:38:25.058Z,0.01,0.033,3.3
2026-06-10T01:38:25.258Z,0.01,0.033,3.3
2026-06-10T01:38:25.460Z,0.01,0.033,3.3
2026-06-10T01:38:25.662Z,0.01,0.033,3.3
2026-06-10T01:38:25.862Z,0.02,0.066,3.3
2026-06-10T01:38:26.062Z,0.03,0.099,3.3
2026-06-10T01:38:26.263Z,0.02,0.066,3.3
2026-06-10T01:38:26.464Z,0.01,0.033,3.3
2026-06-10T01:38:26.665Z,0.01,0.033,3.3
2026-06-10T01:38:26.867Z,0.01,0.033,3.3
2026-06-10T01:38:27.068Z,0.01,0.033,3.3
2026-06-10T01:38:27.269Z,0.01,0.033,3.3
2026-06-10T01:38:27.469Z,0.01,0.033,3.3
2026-06-10T01:38:27.671Z,0.02,0.066,3.3
2026-06-10T01:38:27.871Z,0.02,0.066,3.3
2026-06-10T01:38:28.073Z,0.02,0.066,3.3
2026-06-10T01:38:28.273Z,0.02,0.066,3.3
2026-06-10T01:38:28.475Z,0.02,0.066,3.3
2026-06-10T01:38:28.678Z,0.02,0.066,3.3
2026-06-10T01:38:28.880Z,0.01,0.033,3.3
2026-06-10T01:38:29.081Z,0.02,0.066,3.3
2026-06-10T01:38:29.283Z,0.02,0.066,3.3
2026-06-10T01:38:29.483Z,0.03,0.099,3.3
2026-06-10T01:38:29.684Z,0.02,0.066,3.3
2026-06-10T01:38:29.885Z,0.02,0.066,3.3
2026-06-10T01:38:30.087Z,0.01,0.033,3.3
2026-06-10T01:38:30.289Z,0.01,0.033,3.3
2026-06-10T01:38:30.491Z,0.01,0.033,3.3
2026-06-10T01:38:30.692Z,0.01,0.033,3.3
2026-06-10T01:38:30.894Z,0.02,0.066,3.3
2026-06-10T01:38:31.095Z,0.02,0.066,3.3
2026-06-10T01:38:31.297Z,0.02,0.066,3.3
2026-06-10T01:38:31.498Z,0.02,0.066,3.3
2026-06-10T01:38:31.699Z,0.01,0.033,3.3
2026-06-10T01:38:31.901Z,0.01,0.033,3.3
2026-06-10T01:38:32.103Z,0.01,0.033,3.3
2026-06-10T01:38:32.305Z,0.02,0.066,3.3
2026-06-10T01:38:32.507Z,0.02,0.066,3.3
2026-06-10T01:38:32.708Z,0.02,0.066,3.3
2026-06-10T01:38:32.909Z,0.02,0.066,3.3
2026-06-10T01:38:33.111Z,0.01,0.033,3.3
2026-06-10T01:38:33.313Z,0,0,3.3
2026-06-10T01:38:33.513Z,0,0,3.3
2026-06-10T01:38:33.714Z,0.01,0.033,3.3
2026-06-10T01:38:33.916Z,0.01,0.033,3.3
2026-06-10T01:38:34.116Z,0.02,0.066,3.3
2026-06-10T01:38:34.318Z,0.02,0.066,3.3
2026-06-10T01:38:34.519Z,0.02,0.066,3.3
2026-06-10T01:38:34.721Z,0.02,0.066,3.3
2026-06-10T01:38:34.922Z,0.01,0.033,3.3
2026-06-10T01:38:35.124Z,0.01,0.033,3.3
2026-06-10T01:38:35.325Z,0.02,0.066,3.3
2026-06-10T01:38:35.527Z,0.02,0.066,3.3
2026-06-10T01:38:35.729Z,0.02,0.066,3.3
2026-06-10T01:38:35.931Z,0.02,0.066,3.3
2026-06-10T01:38:36.132Z,0.01,0.033,3.3
2026-06-10T01:38:36.333Z,0.02,0.066,3.3
2026-06-10T01:38:36.535Z,0.02,0.066,3.3
2026-06-10T01:38:36.736Z,0.02,0.066,3.3
2026-06-10T01:38:36.937Z,0.02,0.066,3.3
2026-06-10T01:38:37.138Z,0.02,0.066,3.3
2026-06-10T01:38:37.340Z,0.02,0.066,3.3
2026-06-10T01:38:37.542Z,0.02,0.066,3.3
2026-06-10T01:38:37.744Z,0.02,0.066,3.3
2026-06-10T01:38:37.946Z,0.02,0.066,3.3
2026-06-10T01:38:38.145Z,0.02,0.066,3.3
2026-06-10T01:38:38.348Z,0.01,0.033,3.3
2026-06-10T01:38:38.549Z,0.01,0.033,3.3
2026-06-10T01:38:38.748Z,0.02,0.066,3.3
2026-06-10T01:38:38.951Z,0.02,0.066,3.3
2026-06-10T01:38:39.152Z,0.02,0.066,3.3
2026-06-10T01:38:39.353Z,0.02,0.066,3.3
2026-06-10T01:38:39.554Z,0.02,0.066,3.3
2026-06-10T01:38:39.755Z,3,9.9,3.3
2026-06-10T01:38:39.956Z,43.76,144.408,3.3
2026-06-10T01:38:40.158Z,64.39,212.487,3.3
2026-06-10T01:38:40.360Z,65.18,215.094,3.3
2026-06-10T01:38:40.562Z,66.85,220.605,3.3
2026-06-10T01:38:40.763Z,72.63,239.679,3.3
2026-06-10T01:38:40.965Z,68.48,225.984,3.3
2026-06-10T01:38:41.168Z,56.98,188.034,3.3
2026-06-10T01:38:41.371Z,54.11,178.563,3.3
2026-06-10T01:38:41.572Z,51.63,170.379,3.3
2026-06-10T01:38:41.773Z,54.52,179.916,3.3
2026-06-10T01:38:41.974Z,62.44,206.052,3.3
2026-06-10T01:38:42.175Z,68.42,225.786,3.3
2026-06-10T01:38:42.379Z,67.63,223.179,3.3
2026-06-10T01:38:42.580Z,62.54,206.382,3.3
2026-06-10T01:38:42.781Z,62.86,207.438,3.3
2026-06-10T01:38:42.983Z,61.89,204.237,3.3
2026-06-10T01:38:43.185Z,61.76,203.808,3.3
2026-06-10T01:38:43.387Z,62.93,207.669,3.3
2026-06-10T01:38:43.587Z,64.69,213.477,3.3
2026-06-10T01:38:43.789Z,100.02,330.066,3.3
2026-06-10T01:38:43.992Z,132.72,437.976,3.3
2026-06-10T01:38:44.193Z,110.85,365.805,3.3
2026-06-10T01:38:44.394Z,104.59,345.147,3.3
2026-06-10T01:38:44.595Z,105.79,349.107,3.3
2026-06-10T01:38:44.797Z,104.47,344.751,3.3
2026-06-10T01:38:44.998Z,100.77,332.541,3.3
2026-06-10T01:38:45.199Z,101.92,336.336,3.3
2026-06-10T01:38:45.401Z,100.22,330.726,3.3
2026-06-10T01:38:45.602Z,98.14,323.862,3.3
2026-06-10T01:38:45.803Z,101.86,336.138,3.3
2026-06-10T01:38:46.004Z,110.64,365.112,3.3
2026-06-10T01:38:46.205Z,122.79,405.207,3.3
2026-06-10T01:38:46.408Z,111.73,368.709,3.3
2026-06-10T01:38:46.609Z,95.55,315.315,3.3
2026-06-10T01:38:46.810Z,93.01,306.933,3.3
2026-06-10T01:38:47.013Z,92.77,306.141,3.3
2026-06-10T01:38:47.214Z,94.74,312.642,3.3
2026-06-10T01:38:47.416Z,93.03,306.999,3.3
2026-06-10T01:38:47.616Z,95.09,313.797,3.3
2026-06-10T01:38:47.819Z,81.99,270.567,3.3
2026-06-10T01:38:48.019Z,57.03,188.199,3.3
2026-06-10T01:38:48.221Z,36.42,120.186,3.3
2026-06-10T01:38:48.423Z,2.56,8.448,3.3
2026-06-10T01:38:48.624Z,0.62,2.046,3.3
2026-06-10T01:38:48.825Z,0.06,0.198,3.3
2026-06-10T01:38:49.027Z,0.03,0.099,3.3
2026-06-10T01:38:49.227Z,0.02,0.066,3.3
2026-06-10T01:38:49.428Z,0.01,0.033,3.3
2026-06-10T01:38:49.629Z,0.01,0.033,3.3
2026-06-10T01:38:49.830Z,0.01,0.033,3.3
2026-06-10T01:38:50.032Z,0.02,0.066,3.3
2026-06-10T01:38:50.233Z,0.02,0.066,3.3
2026-06-10T01:38:50.434Z,0.02,0.066,3.3
2026-06-10T01:38:50.636Z,0.01,0.033,3.3
2026-06-10T01:38:50.837Z,0.01,0.033,3.3
2026-06-10T01:38:51.038Z,0.01,0.033,3.3
2026-06-10T01:38:51.239Z,0.01,0.033,3.3
2026-06-10T01:38:51.439Z,0.01,0.033,3.3
2026-06-10T01:38:51.641Z,0.01,0.033,3.3
2026-06-10T01:38:51.843Z,0.01,0.033,3.3
2026-06-10T01:38:52.043Z,0.01,0.033,3.3
2026-06-10T01:38:52.247Z,0.01,0.033,3.3
2026-06-10T01:38:52.448Z,0.01,0.033,3.3
2026-06-10T01:38:52.649Z,0.01,0.033,3.3
2026-06-10T01:38:52.851Z,0,0,3.3
2026-06-10T01:38:53.052Z,0,0,3.3
2026-06-10T01:38:53.254Z,0,0,3.3
2026-06-10T01:38:53.454Z,0,0,3.3
2026-06-10T01:38:53.656Z,0,0,3.3
2026-06-10T01:38:53.857Z,0,0,3.3
2026-06-10T01:38:54.058Z,0,0,3.3
2026-06-10T01:38:54.260Z,0.01,0.033,3.3
2026-06-10T01:38:54.462Z,0.01,0.033,3.3
2026-06-10T01:38:54.665Z,0.01,0.033,3.3
2026-06-10T01:38:54.867Z,0.01,0.033,3.3
2026-06-10T01:38:55.067Z,0.02,0.066,3.3
2026-06-10T01:38:55.268Z,0.02,0.066,3.3
2026-06-10T01:38:55.470Z,0.02,0.066,3.3
2026-06-10T01:38:55.671Z,0.02,0.066,3.3
2026-06-10T01:38:55.872Z,0.02,0.066,3.3
2026-06-10T01:38:56.073Z,0.01,0.033,3.3
2026-06-10T01:38:56.274Z,0.01,0.033,3.3
2026-06-10T01:38:56.476Z,0.01,0.033,3.3
2026-06-10T01:38:56.677Z,0.01,0.033,3.3
2026-06-10T01:38:56.878Z,0.01,0.033,3.3
2026-06-10T01:38:57.080Z,0.01,0.033,3.3
2026-06-10T01:38:57.283Z,0.02,0.066,3.3
2026-06-10T01:38:57.484Z,0.02,0.066,3.3
2026-06-10T01:38:57.685Z,0.03,0.099,3.3
2026-06-10T01:38:57.886Z,0.02,0.066,3.3
2026-06-10T01:38:58.087Z,0.02,0.066,3.3
2026-06-10T01:38:58.289Z,0.01,0.033,3.3
2026-06-10T01:38:58.490Z,0.01,0.033,3.3
2026-06-10T01:38:58.691Z,0.01,0.033,3.3
2026-06-10T01:38:58.893Z,0.01,0.033,3.3
2026-06-10T01:38:59.094Z,0.02,0.066,3.3
2026-06-10T01:38:59.296Z,0.02,0.066,3.3
2026-06-10T01:38:59.497Z,0.02,0.066,3.3
2026-06-10T01:38:59.700Z,0.02,0.066,3.3
2026-06-10T01:38:59.902Z,0.01,0.033,3.3
2026-06-10T01:39:00.103Z,0.01,0.033,3.3
2026-06-10T01:39:00.305Z,0.01,0.033,3.3
2026-06-10T01:39:00.506Z,0.01,0.033,3.3
2026-06-10T01:39:00.708Z,0.02,0.066,3.3
2026-06-10T01:39:00.909Z,0.02,0.066,3.3
2026-06-10T01:39:01.110Z,0.02,0.066,3.3
2026-06-10T01:39:01.312Z,0.02,0.066,3.3
2026-06-10T01:39:01.514Z,0.02,0.066,3.3
2026-06-10T01:39:01.716Z,0.01,0.033,3.3
2026-06-10T01:39:01.917Z,0.01,0.033,3.3
2026-06-10T01:39:02.119Z,0.01,0.033,3.3
2026-06-10T01:39:02.320Z,0.01,0.033,3.3
2026-06-10T01:39:02.523Z,0.02,0.066,3.3
2026-06-10T01:39:02.724Z,0.02,0.066,3.3
2026-06-10T01:39:02.924Z,0.02,0.066,3.3
2026-06-10T01:39:03.125Z,0.01,0.033,3.3
2026-06-10T01:39:03.326Z,0.01,0.033,3.3
2026-06-10T01:39:03.527Z,0.01,0.033,3.3
2026-06-10T01:39:03.729Z,0.02,0.066,3.3
2026-06-10T01:39:03.931Z,0.02,0.066,3.3
2026-06-10T01:39:04.132Z,0.02,0.066,3.3
2026-06-10T01:39:04.333Z,0.02,0.066,3.3
2026-06-10T01:39:04.534Z,0.02,0.066,3.3
2026-06-10T01:39:04.734Z,0.01,0.033,3.3
2026-06-10T01:39:04.936Z,0.01,0.033,3.3
2026-06-10T01:39:05.136Z,0.01,0.033,3.3
2026-06-10T01:39:05.337Z,0.02,0.066,3.3
2026-06-10T01:39:05.537Z,0.01,0.033,3.3
2026-06-10T01:39:05.738Z,0.01,0.033,3.3
2026-06-10T01:39:05.940Z,0.02,0.066,3.3
2026-06-10T01:39:06.141Z,0.02,0.066,3.3
2026-06-10T01:39:06.343Z,0.02,0.066,3.3
2026-06-10T01:39:06.545Z,0.02,0.066,3.3
2026-06-10T01:39:06.746Z,0.01,0.033,3.3
2026-06-10T01:39:06.947Z,0.01,0.033,3.3
2026-06-10T01:39:07.147Z,0.01,0.033,3.3
2026-06-10T01:39:07.351Z,0.02,0.066,3.3
2026-06-10T01:39:07.550Z,0.02,0.066,3.3
2026-06-10T01:39:07.752Z,0.02,0.066,3.3
2026-06-10T01:39:07.954Z,0.02,0.066,3.3
2026-06-10T01:39:08.156Z,0.01,0.033,3.3
2026-06-10T01:39:08.359Z,0.01,0.033,3.3
2026-06-10T01:39:08.559Z,0.01,0.033,3.3
2026-06-10T01:39:08.760Z,0.01,0.033,3.3
2026-06-10T01:39:08.962Z,0.01,0.033,3.3
2026-06-10T01:39:09.163Z,0.01,0.033,3.3
2026-06-10T01:39:09.364Z,0,0,3.3
2026-06-10T01:39:09.566Z,0.01,0.033,3.3
2026-06-10T01:39:09.767Z,0.01,0.033,3.3
2026-06-10T01:39:09.967Z,0.01,0.033,3.3
2026-06-10T01:39:10.169Z,0.01,0.033,3.3
2026-06-10T01:39:10.371Z,0.01,0.033,3.3
2026-06-10T01:39:10.573Z,0.01,0.033,3.3
2026-06-10T01:39:10.774Z,0,0,3.3
2026-06-10T01:39:10.976Z,0,0,3.3
2026-06-10T01:39:11.178Z,0,0,3.3
2026-06-10T01:39:11.387Z,0,0,3.3
2026-06-10T01:39:11.589Z,0,0,3.3
2026-06-10T01:39:11.791Z,0,0,3.3
2026-06-10T01:39:11.994Z,0,0,3.3
2026-06-10T01:39:12.196Z,0,0,3.3
2026-06-10T01:39:12.397Z,0.01,0.033,3.3
2026-06-10T01:39:12.600Z,0.01,0.033,3.3
2026-06-10T01:39:12.799Z,0.01,0.033,3.3
2026-06-10T01:39:13.000Z,0.01,0.033,3.3
2026-06-10T01:39:13.201Z,0.01,0.033,3.3
2026-06-10T01:39:13.401Z,0.01,0.033,3.3
2026-06-10T01:39:13.603Z,0.02,0.066,3.3
2026-06-10T01:39:13.803Z,0.02,0.066,3.3
2026-06-10T01:39:14.005Z,0.02,0.066,3.3
2026-06-10T01:39:14.206Z,0.01,0.033,3.3
2026-06-10T01:39:14.407Z,0.01,0.033,3.3
2026-06-10T01:39:14.608Z,0.01,0.033,3.3
2026-06-10T01:39:14.809Z,0.01,0.033,3.3
2026-06-10T01:39:15.009Z,0.02,0.066,3.3
2026-06-10T01:39:15.211Z,0.02,0.066,3.3
2026-06-10T01:39:15.412Z,0.01,0.033,3.3
2026-06-10T01:39:15.615Z,0.01,0.033,3.3
2026-06-10T01:39:15.816Z,0.01,0.033,3.3
2026-06-10T01:39:16.017Z,0.02,0.066,3.3
2026-06-10T01:39:16.218Z,0.02,0.066,3.3
2026-06-10T01:39:16.420Z,0.01,0.033,3.3
2026-06-10T01:39:16.622Z,0.01,0.033,3.3
2026-06-10T01:39:16.823Z,0.01,0.033,3.3
2026-06-10T01:39:17.024Z,0.02,0.066,3.3
2026-06-10T01:39:17.225Z,0.02,0.066,3.3
2026-06-10T01:39:17.425Z,0.02,0.066,3.3
2026-06-10T01:39:17.628Z,0.01,0.033,3.3
2026-06-10T01:39:17.829Z,0.01,0.033,3.3
2026-06-10T01:39:18.031Z,0.02,0.066,3.3
2026-06-10T01:39:18.233Z,0.02,0.066,3.3
2026-06-10T01:39:18.435Z,0.01,0.033,3.3
2026-06-10T01:39:18.637Z,0.01,0.033,3.3
2026-06-10T01:39:18.838Z,0.01,0.033,3.3
2026-06-10T01:39:19.038Z,0.01,0.033,3.3
2026-06-10T01:39:19.240Z,0.02,0.066,3.3
2026-06-10T01:39:19.441Z,0.01,0.033,3.3
2026-06-10T01:39:19.643Z,0.01,0.033,3.3
2026-06-10T01:39:19.843Z,0.01,0.033,3.3
2026-06-10T01:39:20.045Z,0.01,0.033,3.3
2026-06-10T01:39:20.246Z,0.02,0.066,3.3
2026-06-10T01:39:20.447Z,0.02,0.066,3.3
2026-06-10T01:39:20.648Z,0.02,0.066,3.3
2026-06-10T01:39:20.849Z,0.02,0.066,3.3
2026-06-10T01:39:21.050Z,0.01,0.033,3.3
2026-06-10T01:39:21.252Z,0.01,0.033,3.3
2026-06-10T01:39:21.454Z,0.01,0.033,3.3
2026-06-10T01:39:21.655Z,0.02,0.066,3.3
2026-06-10T01:39:21.856Z,0.02,0.066,3.3
2026-06-10T01:39:22.057Z,0.02,0.066,3.3
2026-06-10T01:39:22.258Z,0.01,0.033,3.3
2026-06-10T01:39:22.458Z,0.02,0.066,3.3
2026-06-10T01:39:22.659Z,0.02,0.066,3.3
2026-06-10T01:39:22.860Z,0.02,0.066,3.3
2026-06-10T01:39:23.061Z,0.02,0.066,3.3
2026-06-10T01:39:23.262Z,0.01,0.033,3.3
2026-06-10T01:39:23.464Z,0.01,0.033,3.3
2026-06-10T01:39:23.666Z,0.01,0.033,3.3
2026-06-10T01:39:23.866Z,0.02,0.066,3.3
2026-06-10T01:39:24.068Z,0.01,0.033,3.3
2026-06-10T01:39:24.268Z,0.01,0.033,3.3
2026-06-10T01:39:24.471Z,0.02,0.066,3.3
2026-06-10T01:39:24.673Z,0.02,0.066,3.3
2026-06-10T01:39:24.873Z,0.02,0.066,3.3
2026-06-10T01:39:25.075Z,0.02,0.066,3.3
2026-06-10T01:39:25.277Z,0.02,0.066,3.3
2026-06-10T01:39:25.477Z,0.01,0.033,3.3
2026-06-10T01:39:25.679Z,0.02,0.066,3.3
2026-06-10T01:39:25.881Z,0.01,0.033,3.3
2026-06-10T01:39:26.083Z,0.01,0.033,3.3
2026-06-10T01:39:26.285Z,0.02,0.066,3.3
2026-06-10T01:39:26.487Z,0.02,0.066,3.3
2026-06-10T01:39:26.687Z,0.02,0.066,3.3
2026-06-10T01:39:26.891Z,0.01,0.033,3.3
2026-06-10T01:39:27.091Z,0.01,0.033,3.3
2026-06-10T01:39:27.294Z,0.01,0.033,3.3
2026-06-10T01:39:27.495Z,0.01,0.033,3.3
2026-06-10T01:39:27.696Z,0.01,0.033,3.3
2026-06-10T01:39:27.897Z,0.01,0.033,3.3
2026-06-10T01:39:28.098Z,0,0,3.3
2026-06-10T01:39:28.300Z,0,0,3.3
2026-06-10T01:39:28.502Z,0.01,0.033,3.3
2026-06-10T01:39:28.703Z,0.01,0.033,3.3
2026-06-10T01:39:28.904Z,0.01,0.033,3.3
2026-06-10T01:39:29.105Z,0,0,3.3
2026-06-10T01:39:29.306Z,0,0,3.3
2026-06-10T01:39:29.508Z,0,0,3.3
2026-06-10T01:39:29.709Z,0.01,0.033,3.3
2026-06-10T01:39:29.909Z,0,0,3.3
2026-06-10T01:39:30.111Z,0.01,0.033,3.3
2026-06-10T01:39:30.312Z,0,0,3.3
2026-06-10T01:39:30.512Z,0.01,0.033,3.3
2026-06-10T01:39:30.713Z,0.01,0.033,3.3
2026-06-10T01:39:30.914Z,0.01,0.033,3.3
2026-06-10T01:39:31.115Z,0.01,0.033,3.3
2026-06-10T01:39:31.316Z,0.01,0.033,3.3
2026-06-10T01:39:31.517Z,0.01,0.033,3.3
2026-06-10T01:39:31.719Z,0.01,0.033,3.3
2026-06-10T01:39:31.920Z,0.01,0.033,3.3
2026-06-10T01:39:32.121Z,0.01,0.033,3.3
2026-06-10T01:39:32.322Z,0.01,0.033,3.3
2026-06-10T01:39:32.523Z,0.02,0.066,3.3
2026-06-10T01:39:32.725Z,0.02,0.066,3.3
2026-06-10T01:39:32.927Z,0.02,0.066,3.3
2026-06-10T01:39:33.129Z,0.02,0.066,3.3
2026-06-10T01:39:33.329Z,0.01,0.033,3.3
2026-06-10T01:39:33.530Z,0.01,0.033,3.3
2026-06-10T01:39:33.733Z,0.02,0.066,3.3
2026-06-10T01:39:33.935Z,0.02,0.066,3.3
2026-06-10T01:39:34.136Z,0.01,0.033,3.3
2026-06-10T01:39:34.336Z,0.01,0.033,3.3
2026-06-10T01:39:34.538Z,0.01,0.033,3.3
2026-06-10T01:39:34.739Z,0.02,0.066,3.3
2026-06-10T01:39:34.941Z,0.02,0.066,3.3
2026-06-10T01:39:35.143Z,0.01,0.033,3.3
2026-06-10T01:39:35.344Z,0.01,0.033,3.3
2026-06-10T01:39:35.545Z,0.01,0.033,3.3
2026-06-10T01:39:35.746Z,0.01,0.033,3.3
2026-06-10T01:39:35.949Z,0.01,0.033,3.3
2026-06-10T01:39:36.151Z,0.01,0.033,3.3
2026-06-10T01:39:36.354Z,0.02,0.066,3.3
2026-06-10T01:39:36.555Z,0.02,0.066,3.3
2026-06-10T01:39:36.757Z,0.02,0.066,3.3
2026-06-10T01:39:36.960Z,0.02,0.066,3.3
2026-06-10T01:39:37.161Z,0.01,0.033,3.3
2026-06-10T01:39:37.364Z,0.01,0.033,3.3
2026-06-10T01:39:37.565Z,0.02,0.066,3.3
2026-06-10T01:39:37.766Z,0.02,0.066,3.3
2026-06-10T01:39:37.968Z,0.02,0.066,3.3
2026-06-10T01:39:38.170Z,0.02,0.066,3.3
2026-06-10T01:39:38.372Z,0.01,0.033,3.3
2026-06-10T01:39:38.572Z,0.01,0.033,3.3
2026-06-10T01:39:38.775Z,0.01,0.033,3.3
2026-06-10T01:39:38.977Z,0.01,0.033,3.3
2026-06-10T01:39:39.179Z,0.01,0.033,3.3
2026-06-10T01:39:39.380Z,0.01,0.033,3.3
2026-06-10T01:39:39.582Z,0.52,1.716,3.3
2026-06-10T01:39:39.783Z,39.23,129.459,3.3
2026-06-10T01:39:39.985Z,63.87,210.771,3.3
2026-06-10T01:39:40.186Z,65.24,215.292,3.3
2026-06-10T01:39:40.389Z,65.28,215.424,3.3
2026-06-10T01:39:40.590Z,72.2,238.26,3.3
2026-06-10T01:39:40.791Z,70.25,231.825,3.3
2026-06-10T01:39:40.993Z,57.88,191.004,3.3
2026-06-10T01:39:41.195Z,54.85,181.005,3.3
2026-06-10T01:39:41.395Z,51.65,170.445,3.3
2026-06-10T01:39:41.597Z,53.78,177.474,3.3
2026-06-10T01:39:41.799Z,61.26,202.158,3.3
2026-06-10T01:39:42.000Z,68.41,225.753,3.3
2026-06-10T01:39:42.201Z,67.69,223.377,3.3
2026-06-10T01:39:42.403Z,62.53,206.349,3.3
2026-06-10T01:39:42.604Z,63.24,208.692,3.3
2026-06-10T01:39:42.806Z,64.71,213.543,3.3
2026-06-10T01:39:43.007Z,64.87,214.071,3.3
2026-06-10T01:39:43.210Z,64.01,211.233,3.3
2026-06-10T01:39:43.411Z,64.78,213.774,3.3
2026-06-10T01:39:43.611Z,93.58,308.814,3.3
2026-06-10T01:39:43.813Z,134.77,444.741,3.3
2026-06-10T01:39:44.016Z,117.87,388.971,3.3
2026-06-10T01:39:44.219Z,102.11,336.963,3.3
2026-06-10T01:39:44.420Z,112.77,372.141,3.3
2026-06-10T01:39:44.621Z,116.22,383.526,3.3
2026-06-10T01:39:44.822Z,105.58,348.414,3.3
2026-06-10T01:39:45.023Z,100.48,331.584,3.3
2026-06-10T01:39:45.225Z,99.26,327.558,3.3
2026-06-10T01:39:45.426Z,98.61,325.413,3.3
2026-06-10T01:39:45.627Z,99.79,329.307,3.3
2026-06-10T01:39:45.827Z,113,372.9,3.3
2026-06-10T01:39:46.029Z,120.29,396.957,3.3
2026-06-10T01:39:46.231Z,108.6,358.38,3.3
2026-06-10T01:39:46.432Z,94.82,312.906,3.3
2026-06-10T01:39:46.634Z,93.05,307.065,3.3
2026-06-10T01:39:46.836Z,92.66,305.778,3.3
2026-06-10T01:39:47.038Z,94.36,311.388,3.3
2026-06-10T01:39:47.239Z,94.49,311.817,3.3
2026-06-10T01:39:47.440Z,97.15,320.595,3.3
2026-06-10T01:39:47.642Z,86.45,285.285,3.3
2026-06-10T01:39:47.844Z,58.62,193.446,3.3
2026-06-10T01:39:48.045Z,36.91,121.803,3.3
2026-06-10T01:39:48.247Z,2.73,9.009,3.3
2026-06-10T01:39:48.448Z,0.75,2.475,3.3
2026-06-10T01:39:48.648Z,0.05,0.165,3.3
2026-06-10T01:39:48.851Z,0.02,0.066,3.3
2026-06-10T01:39:49.052Z,0.01,0.033,3.3
2026-06-10T01:39:49.253Z,0,0,3.3
2026-06-10T01:39:49.454Z,0,0,3.3
2026-06-10T01:39:49.656Z,0,0,3.3
2026-06-10T01:39:49.858Z,0,0,3.3
2026-06-10T01:39:50.059Z,0,0,3.3
2026-06-10T01:39:50.261Z,0,0,3.3
2026-06-10T01:39:50.462Z,0.01,0.033,3.3
2026-06-10T01:39:50.663Z,0.01,0.033,3.3
2026-06-10T01:39:50.864Z,0.01,0.033,3.3
2026-06-10T01:39:51.066Z,0,0,3.3
2026-06-10T01:39:51.267Z,0,0,3.3
2026-06-10T01:39:51.469Z,0.01,0.033,3.3
2026-06-10T01:39:51.670Z,0.01,0.033,3.3
2026-06-10T01:39:51.872Z,0.01,0.033,3.3
2026-06-10T01:39:52.074Z,0.01,0.033,3.3
2026-06-10T01:39:52.275Z,0,0,3.3
2026-06-10T01:39:52.476Z,0.01,0.033,3.3
2026-06-10T01:39:52.677Z,0.01,0.033,3.3
2026-06-10T01:39:52.878Z,0.01,0.033,3.3
2026-06-10T01:39:53.080Z,0.01,0.033,3.3
2026-06-10T01:39:53.282Z,0.01,0.033,3.3
2026-06-10T01:39:53.483Z,0.02,0.066,3.3
2026-06-10T01:39:53.686Z,0.02,0.066,3.3
2026-06-10T01:39:53.887Z,0.02,0.066,3.3
2026-06-10T01:39:54.088Z,0.02,0.066,3.3
2026-06-10T01:39:54.289Z,0.01,0.033,3.3
2026-06-10T01:39:54.490Z,0.01,0.033,3.3
2026-06-10T01:39:54.691Z,0.01,0.033,3.3
2026-06-10T01:39:54.892Z,0.01,0.033,3.3
2026-06-10T01:39:55.093Z,0.02,0.066,3.3
2026-06-10T01:39:55.294Z,0.02,0.066,3.3
2026-06-10T01:39:55.495Z,0.02,0.066,3.3
2026-06-10T01:39:55.696Z,0.02,0.066,3.3
2026-06-10T01:39:55.897Z,0.02,0.066,3.3
2026-06-10T01:39:56.100Z,0.01,0.033,3.3
2026-06-10T01:39:56.300Z,0.01,0.033,3.3
2026-06-10T01:39:56.502Z,0.01,0.033,3.3
2026-06-10T01:39:56.704Z,0.02,0.066,3.3
2026-06-10T01:39:56.904Z,0.01,0.033,3.3
2026-06-10T01:39:57.106Z,0.01,0.033,3.3
2026-06-10T01:39:57.308Z,0.01,0.033,3.3
2026-06-10T01:39:57.515Z,0.02,0.066,3.3
2026-06-10T01:39:57.715Z,0.02,0.066,3.3
2026-06-10T01:39:57.917Z,0.02,0.066,3.3
2026-06-10T01:39:58.119Z,0.01,0.033,3.3
2026-06-10T01:39:58.320Z,0.01,0.033,3.3
2026-06-10T01:39:58.520Z,0.01,0.033,3.3
2026-06-10T01:39:58.721Z,0.02,0.066,3.3
2026-06-10T01:39:58.922Z,0.02,0.066,3.3
2026-06-10T01:39:59.123Z,0.02,0.066,3.3
2026-06-10T01:39:59.325Z,0.01,0.033,3.3
2026-06-10T01:39:59.526Z,0.01,0.033,3.3
2026-06-10T01:39:59.728Z,0.02,0.066,3.3
2026-06-10T01:39:59.930Z,0.01,0.033,3.3
2026-06-10T01:40:00.133Z,0.01,0.033,3.3
2026-06-10T01:40:00.335Z,0.01,0.033,3.3
2026-06-10T01:40:00.536Z,0.02,0.066,3.3
2026-06-10T01:40:00.736Z,0.02,0.066,3.3
2026-06-10T01:40:00.937Z,0.02,0.066,3.3
2026-06-10T01:40:01.139Z,0.02,0.066,3.3
2026-06-10T01:40:01.340Z,0.02,0.066,3.3
2026-06-10T01:40:01.541Z,0.01,0.033,3.3
2026-06-10T01:40:01.743Z,0.01,0.033,3.3
2026-06-10T01:40:01.943Z,0.01,0.033,3.3
2026-06-10T01:40:02.145Z,0.01,0.033,3.3
2026-06-10T01:40:02.347Z,0.01,0.033,3.3
2026-06-10T01:40:02.547Z,0.02,0.066,3.3
2026-06-10T01:40:02.749Z,0.02,0.066,3.3
2026-06-10T01:40:02.950Z,0.02,0.066,3.3
2026-06-10T01:40:03.152Z,0.02,0.066,3.3
2026-06-10T01:40:03.354Z,0.02,0.066,3.3
2026-06-10T01:40:03.554Z,0.02,0.066,3.3
2026-06-10T01:40:03.757Z,0.02,0.066,3.3
2026-06-10T01:40:03.957Z,0.01,0.033,3.3
2026-06-10T01:40:04.159Z,0.01,0.033,3.3
2026-06-10T01:40:04.361Z,0.01,0.033,3.3
2026-06-10T01:40:04.562Z,0.01,0.033,3.3
2026-06-10T01:40:04.762Z,0.02,0.066,3.3
2026-06-10T01:40:04.963Z,0.02,0.066,3.3
2026-06-10T01:40:05.164Z,0.01,0.033,3.3
2026-06-10T01:40:05.365Z,0.01,0.033,3.3
2026-06-10T01:40:05.566Z,0.01,0.033,3.3
2026-06-10T01:40:05.767Z,0.02,0.066,3.3
2026-06-10T01:40:05.968Z,0.02,0.066,3.3
2026-06-10T01:40:06.170Z,0.02,0.066,3.3
2026-06-10T01:40:06.371Z,0.02,0.066,3.3
2026-06-10T01:40:06.572Z,0.01,0.033,3.3
2026-06-10T01:40:06.777Z,0.01,0.033,3.3
2026-06-10T01:40:06.979Z,0.01,0.033,3.3
2026-06-10T01:40:07.180Z,0.01,0.033,3.3
2026-06-10T01:40:07.385Z,0.02,0.066,3.3
2026-06-10T01:40:07.586Z,0.02,0.066,3.3
2026-06-10T01:40:07.786Z,0.02,0.066,3.3
2026-06-10T01:40:07.988Z,0.02,0.066,3.3
2026-06-10T01:40:08.189Z,0.02,0.066,3.3
2026-06-10T01:40:08.390Z,0.02,0.066,3.3
2026-06-10T01:40:08.592Z,0.01,0.033,3.3
2026-06-10T01:40:08.794Z,0.01,0.033,3.3
2026-06-10T01:40:08.996Z,0.02,0.066,3.3
2026-06-10T01:40:09.195Z,0.02,0.066,3.3
2026-06-10T01:40:09.395Z,0.01,0.033,3.3
2026-06-10T01:40:09.596Z,0.01,0.033,3.3
2026-06-10T01:40:09.797Z,0.01,0.033,3.3
2026-06-10T01:40:09.999Z,0.01,0.033,3.3
2026-06-10T01:40:10.199Z,0.02,0.066,3.3
2026-06-10T01:40:10.402Z,0.02,0.066,3.3
2026-06-10T01:40:10.604Z,0.02,0.066,3.3
2026-06-10T01:40:10.805Z,0.01,0.033,3.3
2026-06-10T01:40:11.007Z,0.01,0.033,3.3
2026-06-10T01:40:11.209Z,0.01,0.033,3.3
2026-06-10T01:40:11.411Z,0.01,0.033,3.3
2026-06-10T01:40:11.612Z,0.02,0.066,3.3
2026-06-10T01:40:11.814Z,0.02,0.066,3.3
2026-06-10T01:40:12.015Z,0.02,0.066,3.3
2026-06-10T01:40:12.216Z,0.01,0.033,3.3
2026-06-10T01:40:12.418Z,0.01,0.033,3.3
2026-06-10T01:40:12.621Z,0.01,0.033,3.3
2026-06-10T01:40:12.822Z,0.02,0.066,3.3
2026-06-10T01:40:13.023Z,0.02,0.066,3.3
2026-06-10T01:40:13.225Z,0.02,0.066,3.3
2026-06-10T01:40:13.426Z,0.01,0.033,3.3
2026-06-10T01:40:13.627Z,0.01,0.033,3.3
2026-06-10T01:40:13.827Z,0.01,0.033,3.3
2026-06-10T01:40:14.029Z,0.01,0.033,3.3
2026-06-10T01:40:14.230Z,0.02,0.066,3.3
2026-06-10T01:40:14.431Z,0.02,0.066,3.3
2026-06-10T01:40:14.633Z,0.02,0.066,3.3
2026-06-10T01:40:14.835Z,0.02,0.066,3.3
2026-06-10T01:40:15.035Z,0.01,0.033,3.3
2026-06-10T01:40:15.238Z,0.02,0.066,3.3
2026-06-10T01:40:15.438Z,0.02,0.066,3.3
2026-06-10T01:40:15.640Z,0.02,0.066,3.3
2026-06-10T01:40:15.842Z,0.02,0.066,3.3
2026-06-10T01:40:16.044Z,0.02,0.066,3.3
2026-06-10T01:40:16.245Z,0.02,0.066,3.3
2026-06-10T01:40:16.446Z,0.02,0.066,3.3
2026-06-10T01:40:16.648Z,0.01,0.033,3.3
2026-06-10T01:40:16.850Z,0.01,0.033,3.3
2026-06-10T01:40:17.053Z,0.02,0.066,3.3
2026-06-10T01:40:17.255Z,0.02,0.066,3.3
2026-06-10T01:40:17.457Z,0.02,0.066,3.3
2026-06-10T01:40:17.659Z,0.02,0.066,3.3
2026-06-10T01:40:17.860Z,0.02,0.066,3.3
2026-06-10T01:40:18.063Z,0.01,0.033,3.3
2026-06-10T01:40:18.265Z,0.01,0.033,3.3
2026-06-10T01:40:18.467Z,0.01,0.033,3.3
2026-06-10T01:40:18.669Z,0.01,0.033,3.3
2026-06-10T01:40:18.869Z,0.01,0.033,3.3
2026-06-10T01:40:19.071Z,0.01,0.033,3.3
2026-06-10T01:40:19.273Z,0.01,0.033,3.3
2026-06-10T01:40:19.474Z,0.01,0.033,3.3
2026-06-10T01:40:19.677Z,0.02,0.066,3.3
2026-06-10T01:40:19.878Z,0.01,0.033,3.3
2026-06-10T01:40:20.080Z,0.01,0.033,3.3
2026-06-10T01:40:20.281Z,0.02,0.066,3.3
2026-06-10T01:40:20.482Z,0.02,0.066,3.3
2026-06-10T01:40:20.682Z,0.02,0.066,3.3
2026-06-10T01:40:20.883Z,0.01,0.033,3.3
2026-06-10T01:40:21.084Z,0.01,0.033,3.3
2026-06-10T01:40:21.285Z,0.01,0.033,3.3
2026-06-10T01:40:21.487Z,0.02,0.066,3.3
2026-06-10T01:40:21.688Z,0.02,0.066,3.3
2026-06-10T01:40:21.890Z,0.02,0.066,3.3
2026-06-10T01:40:22.091Z,0.02,0.066,3.3
2026-06-10T01:40:22.292Z,0.02,0.066,3.3
2026-06-10T01:40:22.494Z,0.01,0.033,3.3
2026-06-10T01:40:22.694Z,0.01,0.033,3.3
2026-06-10T01:40:22.896Z,0,0,3.3
2026-06-10T01:40:23.098Z,0,0,3.3
2026-06-10T01:40:23.300Z,0,0,3.3
2026-06-10T01:40:23.501Z,0.01,0.033,3.3
2026-06-10T01:40:23.703Z,0.01,0.033,3.3
2026-06-10T01:40:23.904Z,0.02,0.066,3.3
2026-06-10T01:40:24.106Z,0.02,0.066,3.3
2026-06-10T01:40:24.307Z,0.01,0.033,3.3
2026-06-10T01:40:24.509Z,0.02,0.066,3.3
2026-06-10T01:40:24.711Z,0.02,0.066,3.3
2026-06-10T01:40:24.912Z,0.02,0.066,3.3
2026-06-10T01:40:25.114Z,0.02,0.066,3.3
2026-06-10T01:40:25.317Z,0.01,0.033,3.3
2026-06-10T01:40:25.518Z,0.01,0.033,3.3
2026-06-10T01:40:25.719Z,0.02,0.066,3.3
2026-06-10T01:40:25.919Z,0.02,0.066,3.3
2026-06-10T01:40:26.120Z,0.02,0.066,3.3
2026-06-10T01:40:26.320Z,0.02,0.066,3.3
2026-06-10T01:40:26.522Z,0.02,0.066,3.3
2026-06-10T01:40:26.724Z,0.01,0.033,3.3
2026-06-10T01:40:26.926Z,0.01,0.033,3.3
2026-06-10T01:40:27.128Z,0.02,0.066,3.3
2026-06-10T01:40:27.329Z,0.02,0.066,3.3
2026-06-10T01:40:27.530Z,0.02,0.066,3.3
2026-06-10T01:40:27.732Z,0.02,0.066,3.3
2026-06-10T01:40:27.934Z,0.01,0.033,3.3
2026-06-10T01:40:28.135Z,0.02,0.066,3.3
2026-06-10T01:40:28.336Z,0.02,0.066,3.3
2026-06-10T01:40:28.536Z,0.02,0.066,3.3
2026-06-10T01:40:28.738Z,0.02,0.066,3.3
2026-06-10T01:40:28.940Z,0.02,0.066,3.3
2026-06-10T01:40:29.142Z,0.01,0.033,3.3
2026-06-10T01:40:29.343Z,0.02,0.066,3.3
2026-06-10T01:40:29.544Z,0.02,0.066,3.3
2026-06-10T01:40:29.745Z,0.02,0.066,3.3
2026-06-10T01:40:29.946Z,0.02,0.066,3.3
2026-06-10T01:40:30.148Z,0.01,0.033,3.3
2026-06-10T01:40:30.353Z,0.02,0.066,3.3
2026-06-10T01:40:30.551Z,0.01,0.033,3.3
2026-06-10T01:40:30.752Z,0.01,0.033,3.3
2026-06-10T01:40:30.955Z,0.02,0.066,3.3
2026-06-10T01:40:31.157Z,0.02,0.066,3.3
2026-06-10T01:40:31.362Z,0.02,0.066,3.3
2026-06-10T01:40:31.561Z,0.02,0.066,3.3
2026-06-10T01:40:31.762Z,0.02,0.066,3.3
2026-06-10T01:40:31.965Z,0.02,0.066,3.3
2026-06-10T01:40:32.167Z,0.01,0.033,3.3
2026-06-10T01:40:32.370Z,0.01,0.033,3.3
2026-06-10T01:40:32.572Z,0.01,0.033,3.3
2026-06-10T01:40:32.774Z,0.01,0.033,3.3
2026-06-10T01:40:32.975Z,0.01,0.033,3.3
2026-06-10T01:40:33.177Z,0.01,0.033,3.3
2026-06-10T01:40:33.387Z,0.01,0.033,3.3
2026-06-10T01:40:33.589Z,0.02,0.066,3.3
2026-06-10T01:40:33.791Z,0.02,0.066,3.3
2026-06-10T01:40:33.993Z,0.03,0.099,3.3
2026-06-10T01:40:34.194Z,0.02,0.066,3.3
2026-06-10T01:40:34.396Z,0.02,0.066,3.3
2026-06-10T01:40:34.598Z,0.01,0.033,3.3
2026-06-10T01:40:34.799Z,0.01,0.033,3.3
2026-06-10T01:40:35.001Z,0.01,0.033,3.3
2026-06-10T01:40:35.202Z,0,0,3.3
2026-06-10T01:40:35.403Z,0.01,0.033,3.3
2026-06-10T01:40:35.604Z,0.01,0.033,3.3
2026-06-10T01:40:35.804Z,0.01,0.033,3.3
2026-06-10T01:40:36.005Z,0.01,0.033,3.3
2026-06-10T01:40:36.205Z,0,0,3.3
2026-06-10T01:40:36.408Z,0.01,0.033,3.3
2026-06-10T01:40:36.608Z,0.01,0.033,3.3
2026-06-10T01:40:36.810Z,0,0,3.3
2026-06-10T01:40:37.012Z,0,0,3.3
2026-06-10T01:40:37.213Z,0.01,0.033,3.3
2026-06-10T01:40:37.414Z,0.01,0.033,3.3
2026-06-10T01:40:37.616Z,0.01,0.033,3.3
2026-06-10T01:40:37.818Z,0.01,0.033,3.3
2026-06-10T01:40:38.019Z,0.01,0.033,3.3
2026-06-10T01:40:38.219Z,0.01,0.033,3.3
2026-06-10T01:40:38.421Z,0.01,0.033,3.3
2026-06-10T01:40:38.623Z,0.01,0.033,3.3
2026-06-10T01:40:38.825Z,0.01,0.033,3.3
2026-06-10T01:40:39.027Z,0.02,0.066,3.3
2026-06-10T01:40:39.229Z,0.02,0.066,3.3
2026-06-10T01:40:39.431Z,0.02,0.066,3.3
2026-06-10T01:40:39.632Z,16.19,53.427,3.3
2026-06-10T01:40:39.834Z,57.25,188.925,3.3
2026-06-10T01:40:40.035Z,65.58,216.414,3.3
2026-06-10T01:40:40.236Z,64.99,214.467,3.3
2026-06-10T01:40:40.436Z,71.89,237.237,3.3
2026-06-10T01:40:40.637Z,72.19,238.227,3.3
2026-06-10T01:40:40.838Z,63.1,208.23,3.3
2026-06-10T01:40:41.039Z,56.48,186.384,3.3
2026-06-10T01:40:41.241Z,52.35,172.755,3.3
2026-06-10T01:40:41.443Z,51.64,170.412,3.3
2026-06-10T01:40:41.644Z,56.88,187.704,3.3
2026-06-10T01:40:41.846Z,66.17,218.361,3.3
2026-06-10T01:40:42.047Z,68.23,225.159,3.3
2026-06-10T01:40:42.249Z,64.74,213.642,3.3
2026-06-10T01:40:42.451Z,62.6,206.58,3.3
2026-06-10T01:40:42.652Z,64.24,211.992,3.3
2026-06-10T01:40:42.855Z,64.75,213.675,3.3
2026-06-10T01:40:43.057Z,65.49,216.117,3.3
2026-06-10T01:40:43.258Z,63.46,209.418,3.3
2026-06-10T01:40:43.459Z,64.14,211.662,3.3
2026-06-10T01:40:43.661Z,105.18,347.094,3.3
2026-06-10T01:40:43.863Z,142.51,470.283,3.3
2026-06-10T01:40:44.064Z,109.25,360.525,3.3
2026-06-10T01:40:44.265Z,104.27,344.091,3.3
2026-06-10T01:40:44.467Z,115.52,381.216,3.3
2026-06-10T01:40:44.669Z,117.75,388.575,3.3
2026-06-10T01:40:44.870Z,101.06,333.498,3.3
2026-06-10T01:40:45.071Z,101.91,336.303,3.3
2026-06-10T01:40:45.271Z,100.4,331.32,3.3
2026-06-10T01:40:45.473Z,98.83,326.139,3.3
2026-06-10T01:40:45.676Z,107.54,354.882,3.3
2026-06-10T01:40:45.878Z,121.83,402.039,3.3
2026-06-10T01:40:46.079Z,119.72,395.076,3.3
2026-06-10T01:40:46.281Z,99.76,329.208,3.3
2026-06-10T01:40:46.482Z,93.58,308.814,3.3
2026-06-10T01:40:46.684Z,93.49,308.517,3.3
2026-06-10T01:40:46.886Z,94.32,311.256,3.3
2026-06-10T01:40:47.087Z,94.65,312.345,3.3
2026-06-10T01:40:47.288Z,99.72,329.076,3.3
2026-06-10T01:40:47.488Z,94.18,310.794,3.3
2026-06-10T01:40:47.690Z,67.88,224.004,3.3
2026-06-10T01:40:47.891Z,45.83,151.239,3.3
2026-06-10T01:40:48.092Z,11.13,36.729,3.3
2026-06-10T01:40:48.293Z,1.39,4.587,3.3
2026-06-10T01:40:48.495Z,0.07,0.231,3.3
2026-06-10T01:40:48.697Z,0.03,0.099,3.3
2026-06-10T01:40:48.900Z,0.01,0.033,3.3
2026-06-10T01:40:49.102Z,0.01,0.033,3.3
2026-06-10T01:40:49.304Z,0.01,0.033,3.3
2026-06-10T01:40:49.507Z,0,0,3.3
2026-06-10T01:40:49.708Z,0,0,3.3
2026-06-10T01:40:49.910Z,0,0,3.3
2026-06-10T01:40:50.111Z,0,0,3.3
2026-06-10T01:40:50.312Z,0,0,3.3
2026-06-10T01:40:50.512Z,0,0,3.3
2026-06-10T01:40:50.713Z,0,0,3.3
2026-06-10T01:40:50.915Z,0.01,0.033,3.3
2026-06-10T01:40:51.117Z,0.01,0.033,3.3
2026-06-10T01:40:51.318Z,0.01,0.033,3.3
2026-06-10T01:40:51.520Z,0.01,0.033,3.3
2026-06-10T01:40:51.721Z,0,0,3.3
2026-06-10T01:40:51.923Z,0,0,3.3
2026-06-10T01:40:52.124Z,0,0,3.3
2026-06-10T01:40:52.326Z,0,0,3.3
2026-06-10T01:40:52.529Z,0,0,3.3
2026-06-10T01:40:52.731Z,0,0,3.3
2026-06-10T01:40:52.933Z,0.01,0.033,3.3
2026-06-10T01:40:53.133Z,0.01,0.033,3.3
2026-06-10T01:40:53.336Z,0.01,0.033,3.3
2026-06-10T01:40:53.537Z,0.01,0.033,3.3
2026-06-10T01:40:53.738Z,0.01,0.033,3.3
2026-06-10T01:40:53.940Z,0.01,0.033,3.3
2026-06-10T01:40:54.142Z,0.01,0.033,3.3
2026-06-10T01:40:54.342Z,0.01,0.033,3.3
2026-06-10T01:40:54.544Z,0.01,0.033,3.3
2026-06-10T01:40:54.744Z,0,0,3.3
2026-06-10T01:40:54.947Z,0.01,0.033,3.3
2026-06-10T01:40:55.149Z,0.01,0.033,3.3
2026-06-10T01:40:55.351Z,0.01,0.033,3.3
2026-06-10T01:40:55.552Z,0.01,0.033,3.3
2026-06-10T01:40:55.753Z,0.01,0.033,3.3
2026-06-10T01:40:55.955Z,0.01,0.033,3.3
2026-06-10T01:40:56.157Z,0.01,0.033,3.3
2026-06-10T01:40:56.362Z,0.01,0.033,3.3
2026-06-10T01:40:56.559Z,0.01,0.033,3.3
2026-06-10T01:40:56.760Z,0.01,0.033,3.3
2026-06-10T01:40:56.961Z,0.01,0.033,3.3
2026-06-10T01:40:57.162Z,0.01,0.033,3.3
2026-06-10T01:40:57.363Z,0.02,0.066,3.3
2026-06-10T01:40:57.563Z,0.02,0.066,3.3
2026-06-10T01:40:57.765Z,0.02,0.066,3.3
2026-06-10T01:40:57.966Z,0.02,0.066,3.3
2026-06-10T01:40:58.168Z,0.01,0.033,3.3
2026-06-10T01:40:58.370Z,0.01,0.033,3.3
2026-06-10T01:40:58.571Z,0.01,0.033,3.3
2026-06-10T01:40:58.772Z,0.01,0.033,3.3
2026-06-10T01:40:58.973Z,0.01,0.033,3.3
2026-06-10T01:40:59.174Z,0.02,0.066,3.3
2026-06-10T01:40:59.375Z,0.02,0.066,3.3
2026-06-10T01:40:59.576Z,0.01,0.033,3.3
2026-06-10T01:40:59.779Z,0.01,0.033,3.3
2026-06-10T01:40:59.980Z,0.01,0.033,3.3
2026-06-10T01:41:00.181Z,0.02,0.066,3.3
2026-06-10T01:41:00.382Z,0.02,0.066,3.3
2026-06-10T01:41:00.583Z,0.02,0.066,3.3
2026-06-10T01:41:00.784Z,0.02,0.066,3.3
2026-06-10T01:41:00.986Z,0.02,0.066,3.3
2026-06-10T01:41:01.188Z,0.01,0.033,3.3
2026-06-10T01:41:01.390Z,0.01,0.033,3.3
2026-06-10T01:41:01.591Z,0.02,0.066,3.3
2026-06-10T01:41:01.793Z,0.02,0.066,3.3
2026-06-10T01:41:01.994Z,0.02,0.066,3.3
2026-06-10T01:41:02.195Z,0.02,0.066,3.3
2026-06-10T01:41:02.397Z,0.02,0.066,3.3
2026-06-10T01:41:02.599Z,0.01,0.033,3.3
2026-06-10T01:41:02.801Z,0.01,0.033,3.3
2026-06-10T01:41:03.002Z,0.01,0.033,3.3
2026-06-10T01:41:03.204Z,0.02,0.066,3.3
2026-06-10T01:41:03.406Z,0.02,0.066,3.3
2026-06-10T01:41:03.608Z,0.02,0.066,3.3
2026-06-10T01:41:03.809Z,0.02,0.066,3.3
2026-06-10T01:41:04.011Z,0.02,0.066,3.3
2026-06-10T01:41:04.213Z,0.02,0.066,3.3
2026-06-10T01:41:04.414Z,0.01,0.033,3.3
2026-06-10T01:41:04.614Z,0.01,0.033,3.3
2026-06-10T01:41:04.816Z,0.01,0.033,3.3
2026-06-10T01:41:05.018Z,0.01,0.033,3.3
2026-06-10T01:41:05.219Z,0.02,0.066,3.3
2026-06-10T01:41:05.420Z,0.02,0.066,3.3
2026-06-10T01:41:05.622Z,0.02,0.066,3.3
2026-06-10T01:41:05.824Z,0.02,0.066,3.3
2026-06-10T01:41:06.026Z,0.01,0.033,3.3
2026-06-10T01:41:06.227Z,0.01,0.033,3.3
2026-06-10T01:41:06.427Z,0.01,0.033,3.3
2026-06-10T01:41:06.629Z,0.01,0.033,3.3
2026-06-10T01:41:06.831Z,0.02,0.066,3.3
2026-06-10T01:41:07.031Z,0.02,0.066,3.3
2026-06-10T01:41:07.232Z,0.02,0.066,3.3
2026-06-10T01:41:07.433Z,0.02,0.066,3.3
2026-06-10T01:41:07.634Z,0.01,0.033,3.3
2026-06-10T01:41:07.835Z,0.01,0.033,3.3
2026-06-10T01:41:08.037Z,0.01,0.033,3.3
2026-06-10T01:41:08.239Z,0.01,0.033,3.3
2026-06-10T01:41:08.440Z,0.02,0.066,3.3
2026-06-10T01:41:08.641Z,0.02,0.066,3.3
2026-06-10T01:41:08.842Z,0.02,0.066,3.3
2026-06-10T01:41:09.044Z,0.01,0.033,3.3
2026-06-10T01:41:09.247Z,0.01,0.033,3.3
2026-06-10T01:41:09.448Z,0.01,0.033,3.3
2026-06-10T01:41:09.649Z,0.02,0.066,3.3
2026-06-10T01:41:09.850Z,0.02,0.066,3.3
2026-06-10T01:41:10.051Z,0.02,0.066,3.3
2026-06-10T01:41:10.253Z,0.02,0.066,3.3
2026-06-10T01:41:10.454Z,0.02,0.066,3.3
2026-06-10T01:41:10.655Z,0.02,0.066,3.3
2026-06-10T01:41:10.857Z,0.01,0.033,3.3
2026-06-10T01:41:11.059Z,0.01,0.033,3.3
2026-06-10T01:41:11.260Z,0.01,0.033,3.3
2026-06-10T01:41:11.461Z,0.01,0.033,3.3
2026-06-10T01:41:11.662Z,0.01,0.033,3.3
2026-06-10T01:41:11.864Z,0.02,0.066,3.3
2026-06-10T01:41:12.066Z,0.02,0.066,3.3
2026-06-10T01:41:12.268Z,0.02,0.066,3.3
2026-06-10T01:41:12.469Z,0.02,0.066,3.3
2026-06-10T01:41:12.670Z,0.02,0.066,3.3
2026-06-10T01:41:12.870Z,0.02,0.066,3.3
2026-06-10T01:41:13.072Z,0.01,0.033,3.3
2026-06-10T01:41:13.273Z,0.01,0.033,3.3
2026-06-10T01:41:13.475Z,0.01,0.033,3.3
2026-06-10T01:41:13.675Z,0.01,0.033,3.3
2026-06-10T01:41:13.877Z,0.02,0.066,3.3
2026-06-10T01:41:14.079Z,0.01,0.033,3.3
2026-06-10T01:41:14.280Z,0.01,0.033,3.3
2026-06-10T01:41:14.481Z,0.02,0.066,3.3
2026-06-10T01:41:14.682Z,0.02,0.066,3.3
2026-06-10T01:41:14.883Z,0.01,0.033,3.3
2026-06-10T01:41:15.084Z,0.01,0.033,3.3
2026-06-10T01:41:15.286Z,0.01,0.033,3.3
2026-06-10T01:41:15.487Z,0.01,0.033,3.3
2026-06-10T01:41:15.689Z,0.02,0.066,3.3
2026-06-10T01:41:15.892Z,0.02,0.066,3.3
2026-06-10T01:41:16.093Z,0.02,0.066,3.3
2026-06-10T01:41:16.294Z,0.02,0.066,3.3
2026-06-10T01:41:16.496Z,0.02,0.066,3.3
2026-06-10T01:41:16.697Z,0.02,0.066,3.3
2026-06-10T01:41:16.898Z,0.01,0.033,3.3
2026-06-10T01:41:17.099Z,0.01,0.033,3.3
2026-06-10T01:41:17.301Z,0.01,0.033,3.3
2026-06-10T01:41:17.503Z,0.01,0.033,3.3
2026-06-10T01:41:17.705Z,0.01,0.033,3.3
2026-06-10T01:41:17.906Z,0.01,0.033,3.3
2026-06-10T01:41:18.108Z,0.01,0.033,3.3
2026-06-10T01:41:18.309Z,0.01,0.033,3.3
2026-06-10T01:41:18.510Z,0.01,0.033,3.3
2026-06-10T01:41:18.711Z,0.01,0.033,3.3
2026-06-10T01:41:18.912Z,0.01,0.033,3.3
2026-06-10T01:41:19.113Z,0.01,0.033,3.3
2026-06-10T01:41:19.315Z,0.02,0.066,3.3
2026-06-10T01:41:19.516Z,0.02,0.066,3.3
2026-06-10T01:41:19.717Z,0.02,0.066,3.3
2026-06-10T01:41:19.918Z,0.01,0.033,3.3
2026-06-10T01:41:20.121Z,0.01,0.033,3.3
2026-06-10T01:41:20.320Z,0.01,0.033,3.3
2026-06-10T01:41:20.522Z,0.01,0.033,3.3
2026-06-10T01:41:20.725Z,0.02,0.066,3.3
2026-06-10T01:41:20.924Z,0.02,0.066,3.3
2026-06-10T01:41:21.125Z,0.02,0.066,3.3
2026-06-10T01:41:21.328Z,0.01,0.033,3.3
2026-06-10T01:41:21.529Z,0.01,0.033,3.3
2026-06-10T01:41:21.731Z,0.02,0.066,3.3
2026-06-10T01:41:21.933Z,0.02,0.066,3.3
2026-06-10T01:41:22.134Z,0.02,0.066,3.3
2026-06-10T01:41:22.337Z,0.02,0.066,3.3
2026-06-10T01:41:22.538Z,0.02,0.066,3.3
2026-06-10T01:41:22.740Z,0.02,0.066,3.3
2026-06-10T01:41:22.941Z,0.01,0.033,3.3
2026-06-10T01:41:23.143Z,0.01,0.033,3.3
2026-06-10T01:41:23.345Z,0.01,0.033,3.3
2026-06-10T01:41:23.546Z,0.01,0.033,3.3
2026-06-10T01:41:23.748Z,0.01,0.033,3.3
2026-06-10T01:41:23.950Z,0.02,0.066,3.3
2026-06-10T01:41:24.151Z,0.02,0.066,3.3
2026-06-10T01:41:24.353Z,0.02,0.066,3.3
2026-06-10T01:41:24.553Z,0.02,0.066,3.3
2026-06-10T01:41:24.755Z,0.02,0.066,3.3
2026-06-10T01:41:24.955Z,0.01,0.033,3.3
2026-06-10T01:41:25.156Z,0.01,0.033,3.3
2026-06-10T01:41:25.362Z,0.01,0.033,3.3
2026-06-10T01:41:25.560Z,0.02,0.066,3.3
2026-06-10T01:41:25.761Z,0.02,0.066,3.3
2026-06-10T01:41:25.961Z,0.02,0.066,3.3
2026-06-10T01:41:26.162Z,0.02,0.066,3.3
2026-06-10T01:41:26.364Z,0.01,0.033,3.3
2026-06-10T01:41:26.566Z,0.01,0.033,3.3
2026-06-10T01:41:26.769Z,0.01,0.033,3.3
2026-06-10T01:41:26.970Z,0.01,0.033,3.3
2026-06-10T01:41:27.172Z,0.02,0.066,3.3
2026-06-10T01:41:27.374Z,0.02,0.066,3.3
2026-06-10T01:41:27.575Z,0.02,0.066,3.3
2026-06-10T01:41:27.777Z,0.01,0.033,3.3
2026-06-10T01:41:27.978Z,0.01,0.033,3.3
2026-06-10T01:41:28.180Z,0.01,0.033,3.3
2026-06-10T01:41:28.386Z,0.01,0.033,3.3
2026-06-10T01:41:28.587Z,0.01,0.033,3.3
2026-06-10T01:41:28.789Z,0.02,0.066,3.3
2026-06-10T01:41:28.990Z,0.03,0.099,3.3
2026-06-10T01:41:29.191Z,0.02,0.066,3.3
2026-06-10T01:41:29.393Z,0.01,0.033,3.3
2026-06-10T01:41:29.593Z,0.01,0.033,3.3
2026-06-10T01:41:29.795Z,0.01,0.033,3.3
2026-06-10T01:41:29.996Z,0.01,0.033,3.3
2026-06-10T01:41:30.198Z,0.01,0.033,3.3
2026-06-10T01:41:30.402Z,0.02,0.066,3.3
2026-06-10T01:41:30.603Z,0.02,0.066,3.3
2026-06-10T01:41:30.804Z,0.02,0.066,3.3
2026-06-10T01:41:31.007Z,0.02,0.066,3.3
2026-06-10T01:41:31.208Z,0.02,0.066,3.3
2026-06-10T01:41:31.410Z,0.02,0.066,3.3
2026-06-10T01:41:31.612Z,0.02,0.066,3.3
2026-06-10T01:41:31.813Z,0.02,0.066,3.3
2026-06-10T01:41:32.016Z,0.02,0.066,3.3
2026-06-10T01:41:32.217Z,0.02,0.066,3.3
2026-06-10T01:41:32.418Z,0.02,0.066,3.3
2026-06-10T01:41:32.620Z,0.02,0.066,3.3
2026-06-10T01:41:32.822Z,0.02,0.066,3.3
2026-06-10T01:41:33.024Z,0.02,0.066,3.3
2026-06-10T01:41:33.224Z,0.02,0.066,3.3
2026-06-10T01:41:33.425Z,0.01,0.033,3.3
2026-06-10T01:41:33.626Z,0.01,0.033,3.3
2026-06-10T01:41:33.826Z,0.02,0.066,3.3
2026-06-10T01:41:34.029Z,0.01,0.033,3.3
2026-06-10T01:41:34.229Z,0.02,0.066,3.3
2026-06-10T01:41:34.430Z,0.02,0.066,3.3
2026-06-10T01:41:34.632Z,0.02,0.066,3.3
2026-06-10T01:41:34.833Z,0.02,0.066,3.3
2026-06-10T01:41:35.035Z,0.02,0.066,3.3
2026-06-10T01:41:35.237Z,0.02,0.066,3.3
2026-06-10T01:41:35.440Z,0.02,0.066,3.3
2026-06-10T01:41:35.641Z,0.01,0.033,3.3
2026-06-10T01:41:35.842Z,0.01,0.033,3.3
2026-06-10T01:41:36.044Z,0.01,0.033,3.3
2026-06-10T01:41:36.245Z,0.02,0.066,3.3
2026-06-10T01:41:36.446Z,0.02,0.066,3.3
2026-06-10T01:41:36.647Z,0.02,0.066,3.3
2026-06-10T01:41:36.848Z,0.01,0.033,3.3
2026-06-10T01:41:37.049Z,0.01,0.033,3.3
2026-06-10T01:41:37.251Z,0.01,0.033,3.3
2026-06-10T01:41:37.452Z,0.01,0.033,3.3
2026-06-10T01:41:37.654Z,0.01,0.033,3.3
2026-06-10T01:41:37.857Z,0.02,0.066,3.3
2026-06-10T01:41:38.059Z,0.02,0.066,3.3
2026-06-10T01:41:38.260Z,0.02,0.066,3.3
2026-06-10T01:41:38.460Z,0.01,0.033,3.3
2026-06-10T01:41:38.662Z,0.02,0.066,3.3
2026-06-10T01:41:38.864Z,0.02,0.066,3.3
2026-06-10T01:41:39.066Z,0.01,0.033,3.3
2026-06-10T01:41:39.266Z,0.01,0.033,3.3
2026-06-10T01:41:39.468Z,1.24,4.092,3.3
2026-06-10T01:41:39.669Z,41.15,135.795,3.3
2026-06-10T01:41:39.873Z,64.09,211.497,3.3
2026-06-10T01:41:40.073Z,65.36,215.688,3.3
2026-06-10T01:41:40.275Z,66.2,218.46,3.3
2026-06-10T01:41:40.478Z,72.71,239.943,3.3
2026-06-10T01:41:40.679Z,69.54,229.482,3.3
2026-06-10T01:41:40.881Z,57.39,189.387,3.3
2026-06-10T01:41:41.083Z,54.53,179.949,3.3
2026-06-10T01:41:41.285Z,51.65,170.445,3.3
2026-06-10T01:41:41.486Z,54.01,178.233,3.3
2026-06-10T01:41:41.687Z,61.82,204.006,3.3
2026-06-10T01:41:41.889Z,68.21,225.093,3.3
2026-06-10T01:41:42.090Z,67.49,222.717,3.3
2026-06-10T01:41:42.291Z,62.4,205.92,3.3
2026-06-10T01:41:42.493Z,62.79,207.207,3.3
2026-06-10T01:41:42.694Z,62.58,206.514,3.3
2026-06-10T01:41:42.894Z,61.64,203.412,3.3
2026-06-10T01:41:43.096Z,63.01,207.933,3.3
2026-06-10T01:41:43.297Z,63.81,210.573,3.3
2026-06-10T01:41:43.499Z,64.63,213.279,3.3
2026-06-10T01:41:43.701Z,127.27,419.991,3.3
2026-06-10T01:41:43.902Z,140,462,3.3
2026-06-10T01:41:44.103Z,103.61,341.913,3.3
2026-06-10T01:41:44.305Z,103.47,341.451,3.3
2026-06-10T01:41:44.507Z,116.22,383.526,3.3
2026-06-10T01:41:44.709Z,115.21,380.193,3.3
2026-06-10T01:41:44.911Z,101.15,333.795,3.3
2026-06-10T01:41:45.111Z,102.13,337.029,3.3
2026-06-10T01:41:45.313Z,100.54,331.782,3.3
2026-06-10T01:41:45.514Z,98.31,324.423,3.3
2026-06-10T01:41:45.715Z,102.62,338.646,3.3
2026-06-10T01:41:45.917Z,113.87,375.771,3.3
2026-06-10T01:41:46.119Z,120.29,396.957,3.3
2026-06-10T01:41:46.320Z,103.34,341.022,3.3
2026-06-10T01:41:46.520Z,91.1,300.63,3.3
2026-06-10T01:41:46.722Z,90.35,298.155,3.3
2026-06-10T01:41:46.923Z,90.5,298.65,3.3
2026-06-10T01:41:47.124Z,92.73,306.009,3.3
2026-06-10T01:41:47.324Z,95.32,314.556,3.3
2026-06-10T01:41:47.526Z,97.09,320.397,3.3
2026-06-10T01:41:47.728Z,77.8,256.74,3.3
2026-06-10T01:41:47.930Z,55.1,181.83,3.3
2026-06-10T01:41:48.132Z,28.14,92.862,3.3
2026-06-10T01:41:48.334Z,1.84,6.072,3.3
2026-06-10T01:41:48.536Z,0.12,0.396,3.3
2026-06-10T01:41:48.738Z,0.02,0.066,3.3
2026-06-10T01:41:48.939Z,0.01,0.033,3.3
2026-06-10T01:41:49.141Z,0,0,3.3
2026-06-10T01:41:49.343Z,0.01,0.033,3.3
2026-06-10T01:41:49.545Z,0.01,0.033,3.3
2026-06-10T01:41:49.745Z,0.01,0.033,3.3
2026-06-10T01:41:49.947Z,0.01,0.033,3.3
2026-06-10T01:41:50.147Z,0,0,3.3
2026-06-10T01:41:50.347Z,0.01,0.033,3.3
2026-06-10T01:41:50.548Z,0.01,0.033,3.3
2026-06-10T01:41:50.750Z,0.01,0.033,3.3
2026-06-10T01:41:50.952Z,0,0,3.3
2026-06-10T01:41:51.152Z,0,0,3.3
2026-06-10T01:41:51.355Z,0,0,3.3
2026-06-10T01:41:51.556Z,0,0,3.3
2026-06-10T01:41:51.757Z,0,0,3.3
2026-06-10T01:41:51.958Z,0,0,3.3
2026-06-10T01:41:52.159Z,0,0,3.3
2026-06-10T01:41:52.362Z,0,0,3.3
2026-06-10T01:41:52.561Z,0,0,3.3
2026-06-10T01:41:52.763Z,0,0,3.3
2026-06-10T01:41:52.963Z,0,0,3.3
2026-06-10T01:41:53.165Z,0,0,3.3
2026-06-10T01:41:53.367Z,0,0,3.3
2026-06-10T01:41:53.569Z,0,0,3.3
2026-06-10T01:41:53.770Z,0,0,3.3
2026-06-10T01:41:53.972Z,0,0,3.3
2026-06-10T01:41:54.172Z,0.01,0.033,3.3
2026-06-10T01:41:54.376Z,0.01,0.033,3.3
2026-06-10T01:41:54.575Z,0.01,0.033,3.3
2026-06-10T01:41:54.776Z,0.02,0.066,3.3
2026-06-10T01:41:54.976Z,0.02,0.066,3.3
2026-06-10T01:41:55.177Z,0.02,0.066,3.3
2026-06-10T01:41:55.381Z,0.02,0.066,3.3
2026-06-10T01:41:55.582Z,0.02,0.066,3.3
2026-06-10T01:41:55.783Z,0.02,0.066,3.3
2026-06-10T01:41:55.984Z,0.01,0.033,3.3
2026-06-10T01:41:56.186Z,0.01,0.033,3.3
2026-06-10T01:41:56.389Z,0.01,0.033,3.3
2026-06-10T01:41:56.590Z,0.01,0.033,3.3
2026-06-10T01:41:56.793Z,0.02,0.066,3.3
2026-06-10T01:41:56.995Z,0.02,0.066,3.3
2026-06-10T01:41:57.196Z,0.02,0.066,3.3
2026-06-10T01:41:57.399Z,0.02,0.066,3.3
2026-06-10T01:41:57.600Z,0.02,0.066,3.3
2026-06-10T01:41:57.800Z,0.02,0.066,3.3
2026-06-10T01:41:58.002Z,0.02,0.066,3.3
2026-06-10T01:41:58.203Z,0.02,0.066,3.3
2026-06-10T01:41:58.403Z,0.01,0.033,3.3
2026-06-10T01:41:58.604Z,0.01,0.033,3.3
2026-06-10T01:41:58.805Z,0.02,0.066,3.3
2026-06-10T01:41:59.006Z,0.02,0.066,3.3
2026-06-10T01:41:59.206Z,0.02,0.066,3.3
2026-06-10T01:41:59.408Z,0.01,0.033,3.3
2026-06-10T01:41:59.609Z,0.01,0.033,3.3
2026-06-10T01:41:59.810Z,0.02,0.066,3.3
2026-06-10T01:42:00.015Z,0.02,0.066,3.3
2026-06-10T01:42:00.213Z,0.03,0.099,3.3
2026-06-10T01:42:00.417Z,0.02,0.066,3.3
2026-06-10T01:42:00.617Z,0.02,0.066,3.3
2026-06-10T01:42:00.819Z,0.01,0.033,3.3
2026-06-10T01:42:01.020Z,0.02,0.066,3.3
2026-06-10T01:42:01.222Z,0.02,0.066,3.3
2026-06-10T01:42:01.423Z,0.02,0.066,3.3
2026-06-10T01:42:01.625Z,0.02,0.066,3.3
2026-06-10T01:42:01.827Z,0.02,0.066,3.3
2026-06-10T01:42:02.029Z,0.02,0.066,3.3
2026-06-10T01:42:02.229Z,0.01,0.033,3.3
2026-06-10T01:42:02.431Z,0.01,0.033,3.3
2026-06-10T01:42:02.633Z,0.01,0.033,3.3
2026-06-10T01:42:02.834Z,0.02,0.066,3.3
2026-06-10T01:42:03.036Z,0.02,0.066,3.3
2026-06-10T01:42:03.238Z,0.02,0.066,3.3
2026-06-10T01:42:03.440Z,0.02,0.066,3.3
2026-06-10T01:42:03.641Z,0.01,0.033,3.3
2026-06-10T01:42:03.842Z,0.01,0.033,3.3
2026-06-10T01:42:04.043Z,0.01,0.033,3.3
2026-06-10T01:42:04.246Z,0.02,0.066,3.3
2026-06-10T01:42:04.447Z,0.02,0.066,3.3
2026-06-10T01:42:04.652Z,0.02,0.066,3.3
2026-06-10T01:42:04.854Z,0.02,0.066,3.3
2026-06-10T01:42:05.056Z,0.02,0.066,3.3
2026-06-10T01:42:05.257Z,0.02,0.066,3.3
2026-06-10T01:42:05.458Z,0.02,0.066,3.3
2026-06-10T01:42:05.658Z,0.01,0.033,3.3
2026-06-10T01:42:05.859Z,0.02,0.066,3.3
2026-06-10T01:42:06.061Z,0.02,0.066,3.3
2026-06-10T01:42:06.263Z,0.02,0.066,3.3
2026-06-10T01:42:06.465Z,0.01,0.033,3.3
2026-06-10T01:42:06.667Z,0.01,0.033,3.3
2026-06-10T01:42:06.869Z,0.01,0.033,3.3
2026-06-10T01:42:07.069Z,0.02,0.066,3.3
2026-06-10T01:42:07.270Z,0.01,0.033,3.3
2026-06-10T01:42:07.472Z,0.01,0.033,3.3
2026-06-10T01:42:07.673Z,0.01,0.033,3.3
2026-06-10T01:42:07.874Z,0.02,0.066,3.3
2026-06-10T01:42:08.075Z,0.02,0.066,3.3
2026-06-10T01:42:08.275Z,0.02,0.066,3.3
2026-06-10T01:42:08.477Z,0.01,0.033,3.3
2026-06-10T01:42:08.679Z,0.01,0.033,3.3
2026-06-10T01:42:08.880Z,0.02,0.066,3.3
2026-06-10T01:42:09.081Z,0.02,0.066,3.3
2026-06-10T01:42:09.282Z,0.02,0.066,3.3
2026-06-10T01:42:09.484Z,0.02,0.066,3.3
2026-06-10T01:42:09.686Z,0.02,0.066,3.3
2026-06-10T01:42:09.887Z,0.02,0.066,3.3
2026-06-10T01:42:10.087Z,0.01,0.033,3.3
2026-06-10T01:42:10.290Z,0.01,0.033,3.3
2026-06-10T01:42:10.492Z,0.01,0.033,3.3
2026-06-10T01:42:10.694Z,0.01,0.033,3.3
2026-06-10T01:42:10.895Z,0.01,0.033,3.3
2026-06-10T01:42:11.096Z,0.01,0.033,3.3
2026-06-10T01:42:11.297Z,0.02,0.066,3.3
2026-06-10T01:42:11.497Z,0.02,0.066,3.3
2026-06-10T01:42:11.699Z,0.02,0.066,3.3
2026-06-10T01:42:11.900Z,0.02,0.066,3.3
2026-06-10T01:42:12.101Z,0.01,0.033,3.3
2026-06-10T01:42:12.303Z,0.01,0.033,3.3
2026-06-10T01:42:12.505Z,0.02,0.066,3.3
2026-06-10T01:42:12.709Z,0.02,0.066,3.3
2026-06-10T01:42:12.911Z,0.02,0.066,3.3
2026-06-10T01:42:13.111Z,0.02,0.066,3.3
2026-06-10T01:42:13.312Z,0.02,0.066,3.3
2026-06-10T01:42:13.513Z,0.02,0.066,3.3
2026-06-10T01:42:13.715Z,0.02,0.066,3.3
2026-06-10T01:42:13.917Z,0.02,0.066,3.3
2026-06-10T01:42:14.119Z,0.02,0.066,3.3
2026-06-10T01:42:14.320Z,0.02,0.066,3.3
2026-06-10T01:42:14.523Z,0.02,0.066,3.3
2026-06-10T01:42:14.724Z,0.02,0.066,3.3
2026-06-10T01:42:14.925Z,0.02,0.066,3.3
2026-06-10T01:42:15.127Z,0.02,0.066,3.3
2026-06-10T01:42:15.329Z,0.02,0.066,3.3
2026-06-10T01:42:15.530Z,0.02,0.066,3.3
2026-06-10T01:42:15.730Z,0.01,0.033,3.3
2026-06-10T01:42:15.933Z,0.01,0.033,3.3
2026-06-10T01:42:16.135Z,0.01,0.033,3.3
2026-06-10T01:42:16.336Z,0.01,0.033,3.3
2026-06-10T01:42:16.537Z,0.02,0.066,3.3
2026-06-10T01:42:16.739Z,0.02,0.066,3.3
2026-06-10T01:42:16.941Z,0.01,0.033,3.3
2026-06-10T01:42:17.143Z,0.01,0.033,3.3
2026-06-10T01:42:17.344Z,0.01,0.033,3.3
2026-06-10T01:42:17.546Z,0.02,0.066,3.3
2026-06-10T01:42:17.747Z,0.03,0.099,3.3
2026-06-10T01:42:17.949Z,0.02,0.066,3.3
2026-06-10T01:42:18.151Z,0.02,0.066,3.3
2026-06-10T01:42:18.352Z,0.02,0.066,3.3
2026-06-10T01:42:18.554Z,0.02,0.066,3.3
2026-06-10T01:42:18.757Z,0.01,0.033,3.3
2026-06-10T01:42:18.960Z,0.02,0.066,3.3
2026-06-10T01:42:19.160Z,0.02,0.066,3.3
2026-06-10T01:42:19.362Z,0.02,0.066,3.3
2026-06-10T01:42:19.564Z,0.02,0.066,3.3
2026-06-10T01:42:19.765Z,0.02,0.066,3.3
2026-06-10T01:42:19.967Z,0.02,0.066,3.3
2026-06-10T01:42:20.168Z,0.02,0.066,3.3
2026-06-10T01:42:20.370Z,0.02,0.066,3.3
2026-06-10T01:42:20.572Z,0.02,0.066,3.3
2026-06-10T01:42:20.774Z,0.02,0.066,3.3
2026-06-10T01:42:20.976Z,0.01,0.033,3.3
2026-06-10T01:42:21.177Z,0.01,0.033,3.3
2026-06-10T01:42:21.378Z,0.01,0.033,3.3
2026-06-10T01:42:21.579Z,0.02,0.066,3.3
2026-06-10T01:42:21.781Z,0.03,0.099,3.3
2026-06-10T01:42:21.982Z,0.02,0.066,3.3
2026-06-10T01:42:22.183Z,0.01,0.033,3.3
2026-06-10T01:42:22.385Z,0.01,0.033,3.3
2026-06-10T01:42:22.587Z,0.01,0.033,3.3
2026-06-10T01:42:22.788Z,0.01,0.033,3.3
2026-06-10T01:42:22.989Z,0.01,0.033,3.3
2026-06-10T01:42:23.190Z,0.02,0.066,3.3
2026-06-10T01:42:23.392Z,0.02,0.066,3.3
2026-06-10T01:42:23.593Z,0.02,0.066,3.3
2026-06-10T01:42:23.793Z,0.02,0.066,3.3
2026-06-10T01:42:23.995Z,0.02,0.066,3.3
2026-06-10T01:42:24.197Z,0.01,0.033,3.3
2026-06-10T01:42:24.398Z,0.01,0.033,3.3
2026-06-10T01:42:24.600Z,0.02,0.066,3.3
2026-06-10T01:42:24.803Z,0.02,0.066,3.3
2026-06-10T01:42:25.003Z,0.02,0.066,3.3
2026-06-10T01:42:25.204Z,0.02,0.066,3.3
2026-06-10T01:42:25.406Z,0.01,0.033,3.3
2026-06-10T01:42:25.606Z,0.01,0.033,3.3
2026-06-10T01:42:25.808Z,0.02,0.066,3.3
2026-06-10T01:42:26.008Z,0.02,0.066,3.3
2026-06-10T01:42:26.208Z,0.02,0.066,3.3
2026-06-10T01:42:26.410Z,0.02,0.066,3.3
2026-06-10T01:42:26.610Z,0.01,0.033,3.3
2026-06-10T01:42:26.812Z,0.01,0.033,3.3
2026-06-10T01:42:27.013Z,0.01,0.033,3.3
2026-06-10T01:42:27.216Z,0.02,0.066,3.3
2026-06-10T01:42:27.418Z,0.02,0.066,3.3
2026-06-10T01:42:27.620Z,0.02,0.066,3.3
2026-06-10T01:42:27.822Z,0.02,0.066,3.3
2026-06-10T01:42:28.024Z,0.02,0.066,3.3
2026-06-10T01:42:28.225Z,0.01,0.033,3.3
2026-06-10T01:42:28.427Z,0.01,0.033,3.3
2026-06-10T01:42:28.628Z,0.01,0.033,3.3
2026-06-10T01:42:28.830Z,0.01,0.033,3.3
2026-06-10T01:42:29.031Z,0.01,0.033,3.3
2026-06-10T01:42:29.233Z,0.01,0.033,3.3
2026-06-10T01:42:29.435Z,0.01,0.033,3.3
2026-06-10T01:42:29.637Z,0.01,0.033,3.3
2026-06-10T01:42:29.838Z,0.01,0.033,3.3
2026-06-10T01:42:30.040Z,0.02,0.066,3.3
2026-06-10T01:42:30.242Z,0.02,0.066,3.3
2026-06-10T01:42:30.445Z,0.02,0.066,3.3
2026-06-10T01:42:30.646Z,0.01,0.033,3.3
2026-06-10T01:42:30.848Z,0.01,0.033,3.3
2026-06-10T01:42:31.048Z,0.01,0.033,3.3
2026-06-10T01:42:31.250Z,0.01,0.033,3.3
2026-06-10T01:42:31.452Z,0.01,0.033,3.3
2026-06-10T01:42:31.653Z,0.01,0.033,3.3
2026-06-10T01:42:31.854Z,0.02,0.066,3.3
2026-06-10T01:42:32.056Z,0.02,0.066,3.3
2026-06-10T01:42:32.258Z,0.02,0.066,3.3
2026-06-10T01:42:32.459Z,0.01,0.033,3.3
2026-06-10T01:42:32.659Z,0.01,0.033,3.3
2026-06-10T01:42:32.861Z,0.01,0.033,3.3
2026-06-10T01:42:33.062Z,0.01,0.033,3.3
2026-06-10T01:42:33.266Z,0.01,0.033,3.3
2026-06-10T01:42:33.467Z,0.01,0.033,3.3
2026-06-10T01:42:33.668Z,0.02,0.066,3.3
2026-06-10T01:42:33.870Z,0.02,0.066,3.3
2026-06-10T01:42:34.073Z,0.02,0.066,3.3
2026-06-10T01:42:34.274Z,0.02,0.066,3.3
2026-06-10T01:42:34.476Z,0.02,0.066,3.3
2026-06-10T01:42:34.677Z,0.01,0.033,3.3
2026-06-10T01:42:34.880Z,0.01,0.033,3.3
2026-06-10T01:42:35.082Z,0.01,0.033,3.3
2026-06-10T01:42:35.284Z,0.01,0.033,3.3
2026-06-10T01:42:35.484Z,0.01,0.033,3.3
2026-06-10T01:42:35.685Z,0.02,0.066,3.3
2026-06-10T01:42:35.886Z,0.02,0.066,3.3
2026-06-10T01:42:36.087Z,0.02,0.066,3.3
2026-06-10T01:42:36.289Z,0.02,0.066,3.3
2026-06-10T01:42:36.489Z,0.02,0.066,3.3
2026-06-10T01:42:36.690Z,0.01,0.033,3.3
2026-06-10T01:42:36.891Z,0.01,0.033,3.3
2026-06-10T01:42:37.092Z,0.01,0.033,3.3
2026-06-10T01:42:37.294Z,0.01,0.033,3.3
2026-06-10T01:42:37.494Z,0.01,0.033,3.3
2026-06-10T01:42:37.696Z,0.02,0.066,3.3
2026-06-10T01:42:37.897Z,0.02,0.066,3.3
2026-06-10T01:42:38.099Z,0.02,0.066,3.3
2026-06-10T01:42:38.299Z,0.01,0.033,3.3
2026-06-10T01:42:38.501Z,0.01,0.033,3.3
2026-06-10T01:42:38.702Z,0,0,3.3
2026-06-10T01:42:38.904Z,0,0,3.3
2026-06-10T01:42:39.106Z,0,0,3.3
2026-06-10T01:42:39.309Z,0,0,3.3
2026-06-10T01:42:39.511Z,10.08,33.264,3.3
2026-06-10T01:42:39.713Z,50.93,168.069,3.3
2026-06-10T01:42:39.914Z,65.27,215.391,3.3
2026-06-10T01:42:40.114Z,65.03,214.599,3.3
2026-06-10T01:42:40.315Z,69.15,228.195,3.3
2026-06-10T01:42:40.518Z,71.3,235.29,3.3
2026-06-10T01:42:40.720Z,65.53,216.249,3.3
2026-06-10T01:42:40.921Z,56.63,186.879,3.3
2026-06-10T01:42:41.123Z,53.19,175.527,3.3
2026-06-10T01:42:41.325Z,51.65,170.445,3.3
2026-06-10T01:42:41.526Z,55.89,184.437,3.3
2026-06-10T01:42:41.727Z,63.28,208.824,3.3
2026-06-10T01:42:41.928Z,68.45,225.885,3.3
2026-06-10T01:42:42.129Z,67.45,222.585,3.3
2026-06-10T01:42:42.329Z,62.57,206.481,3.3
2026-06-10T01:42:42.530Z,63.94,211.002,3.3
2026-06-10T01:42:42.732Z,64.49,212.817,3.3
2026-06-10T01:42:42.933Z,64.62,213.246,3.3
2026-06-10T01:42:43.134Z,61.28,202.224,3.3
2026-06-10T01:42:43.335Z,61.71,203.643,3.3
2026-06-10T01:42:43.537Z,69.05,227.865,3.3
2026-06-10T01:42:43.740Z,136.15,449.295,3.3
2026-06-10T01:42:43.940Z,132.06,435.798,3.3
2026-06-10T01:42:44.143Z,118.12,389.796,3.3
2026-06-10T01:42:44.343Z,118.73,391.809,3.3
2026-06-10T01:42:44.545Z,117.06,386.298,3.3
2026-06-10T01:42:44.747Z,99.51,328.383,3.3
2026-06-10T01:42:44.947Z,98.76,325.908,3.3
2026-06-10T01:42:45.149Z,97.84,322.872,3.3
2026-06-10T01:42:45.349Z,97.79,322.707,3.3
2026-06-10T01:42:45.550Z,104.17,343.761,3.3
2026-06-10T01:42:45.753Z,118.6,391.38,3.3
2026-06-10T01:42:45.955Z,114.87,379.071,3.3
2026-06-10T01:42:46.158Z,97.25,320.925,3.3
2026-06-10T01:42:46.361Z,90.34,298.122,3.3
2026-06-10T01:42:46.560Z,90.14,297.462,3.3
2026-06-10T01:42:46.763Z,92.14,304.062,3.3
2026-06-10T01:42:46.964Z,94.79,312.807,3.3
2026-06-10T01:42:47.165Z,97.88,323.004,3.3
2026-06-10T01:42:47.366Z,94.91,313.203,3.3
2026-06-10T01:42:47.566Z,72.27,238.491,3.3
2026-06-10T01:42:47.767Z,52.09,171.897,3.3
2026-06-10T01:42:47.969Z,17.36,57.288,3.3
2026-06-10T01:42:48.169Z,1.52,5.016,3.3
2026-06-10T01:42:48.370Z,0.08,0.264,3.3
2026-06-10T01:42:48.570Z,0.02,0.066,3.3
2026-06-10T01:42:48.771Z,0,0,3.3
2026-06-10T01:42:48.972Z,0,0,3.3
2026-06-10T01:42:49.173Z,0.01,0.033,3.3
2026-06-10T01:42:49.376Z,0.01,0.033,3.3
2026-06-10T01:42:49.576Z,0.01,0.033,3.3
2026-06-10T01:42:49.777Z,0.01,0.033,3.3
2026-06-10T01:42:49.979Z,0.01,0.033,3.3
2026-06-10T01:42:50.180Z,0.01,0.033,3.3
2026-06-10T01:42:50.387Z,0.01,0.033,3.3
2026-06-10T01:42:50.589Z,0.01,0.033,3.3
2026-06-10T01:42:50.790Z,0.01,0.033,3.3
2026-06-10T01:42:50.992Z,0.01,0.033,3.3
2026-06-10T01:42:51.194Z,0.01,0.033,3.3
2026-06-10T01:42:51.395Z,0.02,0.066,3.3
2026-06-10T01:42:51.598Z,0.02,0.066,3.3
2026-06-10T01:42:51.798Z,0.02,0.066,3.3
2026-06-10T01:42:51.999Z,0.02,0.066,3.3
2026-06-10T01:42:52.200Z,0.01,0.033,3.3
2026-06-10T01:42:52.401Z,0.01,0.033,3.3
2026-06-10T01:42:52.603Z,0.01,0.033,3.3
2026-06-10T01:42:52.806Z,0.02,0.066,3.3
2026-06-10T01:42:53.005Z,0.02,0.066,3.3
2026-06-10T01:42:53.206Z,0.02,0.066,3.3
2026-06-10T01:42:53.409Z,0.02,0.066,3.3
2026-06-10T01:42:53.609Z,0.02,0.066,3.3
2026-06-10T01:42:53.810Z,0.02,0.066,3.3
2026-06-10T01:42:54.010Z,0.02,0.066,3.3
2026-06-10T01:42:54.213Z,0.01,0.033,3.3
2026-06-10T01:42:54.414Z,0.02,0.066,3.3
2026-06-10T01:42:54.616Z,0.01,0.033,3.3
2026-06-10T01:42:54.818Z,0.02,0.066,3.3
2026-06-10T01:42:55.018Z,0.02,0.066,3.3
2026-06-10T01:42:55.220Z,0.01,0.033,3.3
2026-06-10T01:42:55.422Z,0.01,0.033,3.3
2026-06-10T01:42:55.623Z,0.02,0.066,3.3
2026-06-10T01:42:55.824Z,0.02,0.066,3.3
2026-06-10T01:42:56.025Z,0.02,0.066,3.3
2026-06-10T01:42:56.227Z,0.02,0.066,3.3
2026-06-10T01:42:56.429Z,0.01,0.033,3.3
2026-06-10T01:42:56.631Z,0.01,0.033,3.3
2026-06-10T01:42:56.830Z,0.01,0.033,3.3
2026-06-10T01:42:57.031Z,0.01,0.033,3.3
2026-06-10T01:42:57.232Z,0.01,0.033,3.3
2026-06-10T01:42:57.435Z,0.01,0.033,3.3
2026-06-10T01:42:57.636Z,0,0,3.3
2026-06-10T01:42:57.838Z,0,0,3.3
2026-06-10T01:42:58.040Z,0.01,0.033,3.3
2026-06-10T01:42:58.241Z,0,0,3.3
2026-06-10T01:42:58.443Z,0.01,0.033,3.3
2026-06-10T01:42:58.645Z,0.01,0.033,3.3
2026-06-10T01:42:58.846Z,0.01,0.033,3.3
2026-06-10T01:42:59.048Z,0.01,0.033,3.3
2026-06-10T01:42:59.249Z,0.01,0.033,3.3
2026-06-10T01:42:59.449Z,0.01,0.033,3.3
2026-06-10T01:42:59.651Z,0.01,0.033,3.3
2026-06-10T01:42:59.853Z,0.01,0.033,3.3
2026-06-10T01:43:00.055Z,0.01,0.033,3.3
2026-06-10T01:43:00.255Z,0,0,3.3
2026-06-10T01:43:00.456Z,0.01,0.033,3.3
2026-06-10T01:43:00.659Z,0.01,0.033,3.3
2026-06-10T01:43:00.859Z,0.01,0.033,3.3
2026-06-10T01:43:01.059Z,0.01,0.033,3.3
2026-06-10T01:43:01.261Z,0.01,0.033,3.3
2026-06-10T01:43:01.463Z,0.01,0.033,3.3
2026-06-10T01:43:01.665Z,0.02,0.066,3.3
2026-06-10T01:43:01.866Z,0.02,0.066,3.3
2026-06-10T01:43:02.066Z,0.02,0.066,3.3
2026-06-10T01:43:02.268Z,0.02,0.066,3.3
2026-06-10T01:43:02.469Z,0.02,0.066,3.3
2026-06-10T01:43:02.671Z,0.02,0.066,3.3
2026-06-10T01:43:02.873Z,0,0,3.3
2026-06-10T01:43:03.073Z,0.01,0.033,3.3
2026-06-10T01:43:03.275Z,0.01,0.033,3.3
2026-06-10T01:43:03.477Z,0.02,0.066,3.3
2026-06-10T01:43:03.678Z,0.02,0.066,3.3
2026-06-10T01:43:03.880Z,0.02,0.066,3.3
2026-06-10T01:43:04.083Z,0.02,0.066,3.3
2026-06-10T01:43:04.284Z,0.01,0.033,3.3
2026-06-10T01:43:04.486Z,0.01,0.033,3.3
2026-06-10T01:43:04.686Z,0.01,0.033,3.3
2026-06-10T01:43:04.888Z,0.02,0.066,3.3
2026-06-10T01:43:05.090Z,0.02,0.066,3.3
2026-06-10T01:43:05.291Z,0.02,0.066,3.3
2026-06-10T01:43:05.491Z,0.02,0.066,3.3
2026-06-10T01:43:05.693Z,0.02,0.066,3.3
2026-06-10T01:43:05.894Z,0.01,0.033,3.3
2026-06-10T01:43:06.094Z,0.02,0.066,3.3
2026-06-10T01:43:06.296Z,0.02,0.066,3.3
2026-06-10T01:43:06.498Z,0.02,0.066,3.3
2026-06-10T01:43:06.700Z,0.02,0.066,3.3
2026-06-10T01:43:06.901Z,0.01,0.033,3.3
2026-06-10T01:43:07.103Z,0.01,0.033,3.3
2026-06-10T01:43:07.305Z,0.01,0.033,3.3
2026-06-10T01:43:07.506Z,0.01,0.033,3.3
2026-06-10T01:43:07.707Z,0.01,0.033,3.3
2026-06-10T01:43:07.909Z,0.01,0.033,3.3
2026-06-10T01:43:08.110Z,0.01,0.033,3.3
2026-06-10T01:43:08.312Z,0.01,0.033,3.3
2026-06-10T01:43:08.514Z,0.01,0.033,3.3
2026-06-10T01:43:08.716Z,0.01,0.033,3.3
2026-06-10T01:43:08.918Z,0.02,0.066,3.3
2026-06-10T01:43:09.120Z,0.02,0.066,3.3
2026-06-10T01:43:09.321Z,0.02,0.066,3.3
2026-06-10T01:43:09.522Z,0.02,0.066,3.3
2026-06-10T01:43:09.724Z,0.01,0.033,3.3
2026-06-10T01:43:09.925Z,0.01,0.033,3.3
2026-06-10T01:43:10.126Z,0.02,0.066,3.3
2026-06-10T01:43:10.328Z,0.02,0.066,3.3
2026-06-10T01:43:10.528Z,0.02,0.066,3.3
2026-06-10T01:43:10.729Z,0.02,0.066,3.3
2026-06-10T01:43:10.931Z,0.02,0.066,3.3
2026-06-10T01:43:11.133Z,0.02,0.066,3.3
2026-06-10T01:43:11.334Z,0.02,0.066,3.3
2026-06-10T01:43:11.536Z,0.02,0.066,3.3
2026-06-10T01:43:11.738Z,0.01,0.033,3.3
2026-06-10T01:43:11.938Z,0.01,0.033,3.3
2026-06-10T01:43:12.141Z,0.01,0.033,3.3
2026-06-10T01:43:12.343Z,0.02,0.066,3.3
2026-06-10T01:43:12.544Z,0.02,0.066,3.3
2026-06-10T01:43:12.746Z,0.02,0.066,3.3
2026-06-10T01:43:12.948Z,0.02,0.066,3.3
2026-06-10T01:43:13.148Z,0.02,0.066,3.3
2026-06-10T01:43:13.349Z,0.01,0.033,3.3
2026-06-10T01:43:13.551Z,0.01,0.033,3.3
2026-06-10T01:43:13.753Z,0.02,0.066,3.3
2026-06-10T01:43:13.955Z,0.02,0.066,3.3
2026-06-10T01:43:14.156Z,0.02,0.066,3.3
2026-06-10T01:43:14.357Z,0.02,0.066,3.3
2026-06-10T01:43:14.558Z,0.02,0.066,3.3
2026-06-10T01:43:14.759Z,0.02,0.066,3.3
2026-06-10T01:43:14.961Z,0.02,0.066,3.3
2026-06-10T01:43:15.162Z,0.02,0.066,3.3
2026-06-10T01:43:15.364Z,0.01,0.033,3.3
2026-06-10T01:43:15.566Z,0.02,0.066,3.3
2026-06-10T01:43:15.768Z,0.02,0.066,3.3
2026-06-10T01:43:15.969Z,0.02,0.066,3.3
2026-06-10T01:43:16.170Z,0.02,0.066,3.3
2026-06-10T01:43:16.371Z,0.02,0.066,3.3
2026-06-10T01:43:16.572Z,0.01,0.033,3.3
2026-06-10T01:43:16.773Z,0.02,0.066,3.3
2026-06-10T01:43:16.974Z,0.01,0.033,3.3
2026-06-10T01:43:17.175Z,0.02,0.066,3.3
2026-06-10T01:43:17.377Z,0.02,0.066,3.3
2026-06-10T01:43:17.579Z,0.02,0.066,3.3
2026-06-10T01:43:17.781Z,0.02,0.066,3.3
2026-06-10T01:43:17.983Z,0.02,0.066,3.3
2026-06-10T01:43:18.184Z,0.02,0.066,3.3
2026-06-10T01:43:18.386Z,0.02,0.066,3.3
2026-06-10T01:43:18.586Z,0.02,0.066,3.3
2026-06-10T01:43:18.788Z,0.02,0.066,3.3
2026-06-10T01:43:18.988Z,0.01,0.033,3.3
2026-06-10T01:43:19.189Z,0.01,0.033,3.3
2026-06-10T01:43:19.390Z,0.02,0.066,3.3
2026-06-10T01:43:19.592Z,0.02,0.066,3.3
2026-06-10T01:43:19.793Z,0.02,0.066,3.3
2026-06-10T01:43:19.994Z,0.02,0.066,3.3
2026-06-10T01:43:20.195Z,0.01,0.033,3.3
2026-06-10T01:43:20.398Z,0.01,0.033,3.3
2026-06-10T01:43:20.599Z,0.01,0.033,3.3
2026-06-10T01:43:20.800Z,0.01,0.033,3.3
2026-06-10T01:43:21.002Z,0.02,0.066,3.3
2026-06-10T01:43:21.203Z,0.02,0.066,3.3
2026-06-10T01:43:21.403Z,0.02,0.066,3.3
2026-06-10T01:43:21.605Z,0.02,0.066,3.3
2026-06-10T01:43:21.807Z,0.02,0.066,3.3
2026-06-10T01:43:22.008Z,0.01,0.033,3.3
2026-06-10T01:43:22.210Z,0.01,0.033,3.3
2026-06-10T01:43:22.412Z,0.01,0.033,3.3
2026-06-10T01:43:22.613Z,0.01,0.033,3.3
2026-06-10T01:43:22.815Z,0.01,0.033,3.3
2026-06-10T01:43:23.015Z,0.01,0.033,3.3
2026-06-10T01:43:23.216Z,0,0,3.3
2026-06-10T01:43:23.417Z,0,0,3.3
2026-06-10T01:43:23.618Z,0.01,0.033,3.3
2026-06-10T01:43:23.821Z,0.01,0.033,3.3
2026-06-10T01:43:24.020Z,0,0,3.3
2026-06-10T01:43:24.220Z,0,0,3.3
2026-06-10T01:43:24.422Z,0.01,0.033,3.3
2026-06-10T01:43:24.623Z,0.01,0.033,3.3
2026-06-10T01:43:24.824Z,0.01,0.033,3.3
2026-06-10T01:43:25.025Z,0.01,0.033,3.3
2026-06-10T01:43:25.227Z,0.01,0.033,3.3
2026-06-10T01:43:25.429Z,0.02,0.066,3.3
2026-06-10T01:43:25.631Z,0.02,0.066,3.3
2026-06-10T01:43:25.833Z,0.02,0.066,3.3
2026-06-10T01:43:26.035Z,0.02,0.066,3.3
2026-06-10T01:43:26.236Z,0.02,0.066,3.3
2026-06-10T01:43:26.438Z,0.01,0.033,3.3
2026-06-10T01:43:26.639Z,0.01,0.033,3.3
2026-06-10T01:43:26.840Z,0.02,0.066,3.3
2026-06-10T01:43:27.041Z,0.02,0.066,3.3
2026-06-10T01:43:27.242Z,0.01,0.033,3.3
2026-06-10T01:43:27.444Z,0.01,0.033,3.3
2026-06-10T01:43:27.646Z,0.01,0.033,3.3
2026-06-10T01:43:27.846Z,0.01,0.033,3.3
2026-06-10T01:43:28.047Z,0.02,0.066,3.3
2026-06-10T01:43:28.248Z,0.02,0.066,3.3
2026-06-10T01:43:28.449Z,0.02,0.066,3.3
2026-06-10T01:43:28.651Z,0.01,0.033,3.3
2026-06-10T01:43:28.853Z,0.01,0.033,3.3
2026-06-10T01:43:29.054Z,0.01,0.033,3.3
2026-06-10T01:43:29.257Z,0.01,0.033,3.3
2026-06-10T01:43:29.458Z,0.01,0.033,3.3
2026-06-10T01:43:29.660Z,0.01,0.033,3.3
2026-06-10T01:43:29.860Z,0.01,0.033,3.3
2026-06-10T01:43:30.062Z,0.01,0.033,3.3
2026-06-10T01:43:30.265Z,0.01,0.033,3.3
2026-06-10T01:43:30.465Z,0.01,0.033,3.3
2026-06-10T01:43:30.666Z,0.02,0.066,3.3
2026-06-10T01:43:30.868Z,0.02,0.066,3.3
2026-06-10T01:43:31.069Z,0.02,0.066,3.3
2026-06-10T01:43:31.271Z,0.01,0.033,3.3
2026-06-10T01:43:31.473Z,0.01,0.033,3.3
2026-06-10T01:43:31.673Z,0.01,0.033,3.3
2026-06-10T01:43:31.875Z,0.01,0.033,3.3
2026-06-10T01:43:32.076Z,0.02,0.066,3.3
2026-06-10T01:43:32.278Z,0.01,0.033,3.3
2026-06-10T01:43:32.479Z,0,0,3.3
2026-06-10T01:43:32.681Z,0,0,3.3
2026-06-10T01:43:32.882Z,0,0,3.3
2026-06-10T01:43:33.082Z,0,0,3.3
2026-06-10T01:43:33.283Z,0,0,3.3
2026-06-10T01:43:33.485Z,0.01,0.033,3.3
2026-06-10T01:43:33.688Z,0.01,0.033,3.3
2026-06-10T01:43:33.888Z,0.01,0.033,3.3
2026-06-10T01:43:34.091Z,0,0,3.3
2026-06-10T01:43:34.293Z,0.01,0.033,3.3
2026-06-10T01:43:34.495Z,0.01,0.033,3.3
2026-06-10T01:43:34.696Z,0.01,0.033,3.3
2026-06-10T01:43:34.898Z,0.01,0.033,3.3
2026-06-10T01:43:35.101Z,0.01,0.033,3.3
2026-06-10T01:43:35.302Z,0.02,0.066,3.3
2026-06-10T01:43:35.504Z,0.01,0.033,3.3
2026-06-10T01:43:35.704Z,0.01,0.033,3.3
2026-06-10T01:43:35.904Z,0.02,0.066,3.3
2026-06-10T01:43:36.104Z,0.02,0.066,3.3
2026-06-10T01:43:36.307Z,0.01,0.033,3.3
2026-06-10T01:43:36.509Z,0.02,0.066,3.3
2026-06-10T01:43:36.711Z,0.01,0.033,3.3
2026-06-10T01:43:36.912Z,0.01,0.033,3.3
2026-06-10T01:43:37.114Z,0.02,0.066,3.3
2026-06-10T01:43:37.315Z,0.02,0.066,3.3
2026-06-10T01:43:37.516Z,0.02,0.066,3.3
2026-06-10T01:43:37.717Z,0.02,0.066,3.3
2026-06-10T01:43:37.918Z,0.01,0.033,3.3
2026-06-10T01:43:38.119Z,0.01,0.033,3.3
2026-06-10T01:43:38.321Z,0.01,0.033,3.3
2026-06-10T01:43:38.522Z,0.02,0.066,3.3
2026-06-10T01:43:38.723Z,0.02,0.066,3.3
2026-06-10T01:43:38.923Z,0.02,0.066,3.3
2026-06-10T01:43:39.124Z,0.02,0.066,3.3
2026-06-10T01:43:39.325Z,0.02,0.066,3.3
2026-06-10T01:43:39.526Z,0.01,0.033,3.3
2026-06-10T01:43:39.728Z,0.01,0.033,3.3
2026-06-10T01:43:39.928Z,0.02,0.066,3.3
2026-06-10T01:43:40.129Z,0.02,0.066,3.3
2026-06-10T01:43:40.331Z,0.41,1.353,3.3
2026-06-10T01:43:40.532Z,38.7,127.71,3.3
2026-06-10T01:43:40.733Z,63.82,210.606,3.3
2026-06-10T01:43:40.936Z,65.25,215.325,3.3
2026-06-10T01:43:41.137Z,66.47,219.351,3.3
2026-06-10T01:43:41.338Z,72.11,237.963,3.3
2026-06-10T01:43:41.539Z,68.79,227.007,3.3
2026-06-10T01:43:41.741Z,57.16,188.628,3.3
2026-06-10T01:43:41.942Z,54.36,179.388,3.3
2026-06-10T01:43:42.143Z,51.69,170.577,3.3
2026-06-10T01:43:42.344Z,54.48,179.784,3.3
2026-06-10T01:43:42.544Z,62.21,205.293,3.3
2026-06-10T01:43:42.746Z,68.22,225.126,3.3
2026-06-10T01:43:42.948Z,67.48,222.684,3.3
2026-06-10T01:43:43.149Z,62.46,206.118,3.3
2026-06-10T01:43:43.352Z,62.91,207.603,3.3
2026-06-10T01:43:43.554Z,62.62,206.646,3.3
2026-06-10T01:43:43.755Z,61.79,203.907,3.3
2026-06-10T01:43:43.957Z,63.03,207.999,3.3
2026-06-10T01:43:44.158Z,63.83,210.639,3.3
2026-06-10T01:43:44.361Z,62.28,205.524,3.3
2026-06-10T01:43:44.561Z,87.91,290.103,3.3
2026-06-10T01:43:44.763Z,131.17,432.861,3.3
2026-06-10T01:43:44.965Z,114.93,379.269,3.3
2026-06-10T01:43:45.168Z,103.7,342.21,3.3
2026-06-10T01:43:45.369Z,108.17,356.961,3.3
2026-06-10T01:43:45.570Z,106.73,352.209,3.3
2026-06-10T01:43:45.772Z,101.92,336.336,3.3
2026-06-10T01:43:45.973Z,100.25,330.825,3.3
2026-06-10T01:43:46.175Z,98.44,324.852,3.3
2026-06-10T01:43:46.379Z,99.89,329.637,3.3
2026-06-10T01:43:46.579Z,103.35,341.055,3.3
2026-06-10T01:43:46.782Z,115.17,380.061,3.3
2026-06-10T01:43:46.983Z,116.07,383.031,3.3
2026-06-10T01:43:47.185Z,100.55,331.815,3.3
2026-06-10T01:43:47.387Z,93.14,307.362,3.3
2026-06-10T01:43:47.588Z,92.67,305.811,3.3
2026-06-10T01:43:47.791Z,93.46,308.418,3.3
2026-06-10T01:43:47.992Z,94.59,312.147,3.3
2026-06-10T01:43:48.193Z,97.99,323.367,3.3
2026-06-10T01:43:48.394Z,93.51,308.583,3.3
2026-06-10T01:43:48.595Z,70.99,234.267,3.3
2026-06-10T01:43:48.797Z,54.06,178.398,3.3
2026-06-10T01:43:48.998Z,19.48,64.284,3.3
2026-06-10T01:43:49.199Z,1.5,4.95,3.3
2026-06-10T01:43:49.401Z,0.11,0.363,3.3
2026-06-10T01:43:49.603Z,0.05,0.165,3.3
2026-06-10T01:43:49.805Z,0.03,0.099,3.3
2026-06-10T01:43:50.007Z,0.01,0.033,3.3
2026-06-10T01:43:50.208Z,0.01,0.033,3.3
2026-06-10T01:43:50.409Z,0.01,0.033,3.3
2026-06-10T01:43:50.610Z,0.01,0.033,3.3
2026-06-10T01:43:50.812Z,0.01,0.033,3.3
2026-06-10T01:43:51.014Z,0.01,0.033,3.3
2026-06-10T01:43:51.215Z,0.02,0.066,3.3
2026-06-10T01:43:51.417Z,0.02,0.066,3.3
2026-06-10T01:43:51.619Z,0.01,0.033,3.3
2026-06-10T01:43:51.821Z,0.01,0.033,3.3
2026-06-10T01:43:52.022Z,0.01,0.033,3.3
2026-06-10T01:43:52.224Z,0,0,3.3
2026-06-10T01:43:52.426Z,0.01,0.033,3.3
2026-06-10T01:43:52.628Z,0.01,0.033,3.3
2026-06-10T01:43:52.830Z,0.01,0.033,3.3
2026-06-10T01:43:53.031Z,0.01,0.033,3.3
2026-06-10T01:43:53.236Z,0.01,0.033,3.3
2026-06-10T01:43:53.438Z,0.01,0.033,3.3
2026-06-10T01:43:53.641Z,0.01,0.033,3.3
2026-06-10T01:43:53.840Z,0.01,0.033,3.3
2026-06-10T01:43:54.041Z,0.01,0.033,3.3
2026-06-10T01:43:54.244Z,0.01,0.033,3.3
2026-06-10T01:43:54.445Z,0.01,0.033,3.3
2026-06-10T01:43:54.647Z,0.01,0.033,3.3
2026-06-10T01:43:54.849Z,0.01,0.033,3.3
2026-06-10T01:43:55.051Z,0.01,0.033,3.3
2026-06-10T01:43:55.252Z,0.01,0.033,3.3
2026-06-10T01:43:55.453Z,0.01,0.033,3.3
2026-06-10T01:43:55.655Z,0.03,0.099,3.3
2026-06-10T01:43:55.856Z,0.03,0.099,3.3
2026-06-10T01:43:56.057Z,0.02,0.066,3.3
2026-06-10T01:43:56.258Z,0.02,0.066,3.3
2026-06-10T01:43:56.459Z,0.02,0.066,3.3
2026-06-10T01:43:56.660Z,0.01,0.033,3.3
2026-06-10T01:43:56.861Z,0.01,0.033,3.3
2026-06-10T01:43:57.063Z,0.01,0.033,3.3
2026-06-10T01:43:57.264Z,0.01,0.033,3.3
2026-06-10T01:43:57.465Z,0.02,0.066,3.3
2026-06-10T01:43:57.668Z,0.01,0.033,3.3
2026-06-10T01:43:57.870Z,0.01,0.033,3.3
2026-06-10T01:43:58.071Z,0.01,0.033,3.3
2026-06-10T01:43:58.273Z,0.02,0.066,3.3
2026-06-10T01:43:58.474Z,0.02,0.066,3.3
2026-06-10T01:43:58.676Z,0.02,0.066,3.3
2026-06-10T01:43:58.878Z,0.01,0.033,3.3
2026-06-10T01:43:59.079Z,0.01,0.033,3.3
2026-06-10T01:43:59.281Z,0.01,0.033,3.3
2026-06-10T01:43:59.482Z,0.02,0.066,3.3
2026-06-10T01:43:59.686Z,0.02,0.066,3.3
2026-06-10T01:43:59.887Z,0.02,0.066,3.3
2026-06-10T01:44:00.087Z,0.02,0.066,3.3
2026-06-10T01:44:00.289Z,0.02,0.066,3.3
2026-06-10T01:44:00.490Z,0.02,0.066,3.3
2026-06-10T01:44:00.692Z,0.02,0.066,3.3
2026-06-10T01:44:00.893Z,0.01,0.033,3.3
2026-06-10T01:44:01.096Z,0.01,0.033,3.3
2026-06-10T01:44:01.297Z,0.01,0.033,3.3
2026-06-10T01:44:01.497Z,0.02,0.066,3.3
2026-06-10T01:44:01.698Z,0.02,0.066,3.3
2026-06-10T01:44:01.902Z,0.02,0.066,3.3
2026-06-10T01:44:02.101Z,0.01,0.033,3.3
2026-06-10T01:44:02.302Z,0.01,0.033,3.3
2026-06-10T01:44:02.503Z,0.02,0.066,3.3
2026-06-10T01:44:02.704Z,0.02,0.066,3.3
2026-06-10T01:44:02.906Z,0.02,0.066,3.3
2026-06-10T01:44:03.106Z,0.02,0.066,3.3
2026-06-10T01:44:03.309Z,0.02,0.066,3.3
2026-06-10T01:44:03.509Z,0.02,0.066,3.3
2026-06-10T01:44:03.710Z,0.01,0.033,3.3
2026-06-10T01:44:03.913Z,0.01,0.033,3.3
2026-06-10T01:44:04.114Z,0.01,0.033,3.3
2026-06-10T01:44:04.315Z,0.01,0.033,3.3
2026-06-10T01:44:04.517Z,0.02,0.066,3.3
2026-06-10T01:44:04.719Z,0.02,0.066,3.3
2026-06-10T01:44:04.921Z,0.02,0.066,3.3
2026-06-10T01:44:05.122Z,0.02,0.066,3.3
2026-06-10T01:44:05.323Z,0.02,0.066,3.3
2026-06-10T01:44:05.524Z,0.02,0.066,3.3
2026-06-10T01:44:05.724Z,0.01,0.033,3.3
2026-06-10T01:44:05.926Z,0.02,0.066,3.3
2026-06-10T01:44:06.129Z,0.01,0.033,3.3
2026-06-10T01:44:06.329Z,0.02,0.066,3.3
2026-06-10T01:44:06.531Z,0.02,0.066,3.3
2026-06-10T01:44:06.732Z,0.02,0.066,3.3
2026-06-10T01:44:06.933Z,0.01,0.033,3.3
2026-06-10T01:44:07.135Z,0.01,0.033,3.3
2026-06-10T01:44:07.336Z,0.01,0.033,3.3
2026-06-10T01:44:07.539Z,0.01,0.033,3.3
2026-06-10T01:44:07.740Z,0.02,0.066,3.3
2026-06-10T01:44:07.942Z,0.02,0.066,3.3
2026-06-10T01:44:08.143Z,0.02,0.066,3.3
2026-06-10T01:44:08.345Z,0.02,0.066,3.3
2026-06-10T01:44:08.547Z,0.02,0.066,3.3
2026-06-10T01:44:08.749Z,0.01,0.033,3.3
2026-06-10T01:44:08.951Z,0.01,0.033,3.3
2026-06-10T01:44:09.153Z,0.02,0.066,3.3
2026-06-10T01:44:09.355Z,0.02,0.066,3.3
2026-06-10T01:44:09.556Z,0.02,0.066,3.3
2026-06-10T01:44:09.757Z,0.02,0.066,3.3
2026-06-10T01:44:09.958Z,0.02,0.066,3.3
2026-06-10T01:44:10.160Z,0.01,0.033,3.3
2026-06-10T01:44:10.362Z,0.01,0.033,3.3
2026-06-10T01:44:10.561Z,0.01,0.033,3.3
2026-06-10T01:44:10.762Z,0.01,0.033,3.3
2026-06-10T01:44:10.963Z,0.01,0.033,3.3
2026-06-10T01:44:11.164Z,0.01,0.033,3.3
2026-06-10T01:44:11.366Z,0.01,0.033,3.3
2026-06-10T01:44:11.567Z,0.01,0.033,3.3
2026-06-10T01:44:11.768Z,0.01,0.033,3.3
2026-06-10T01:44:11.970Z,0.01,0.033,3.3
2026-06-10T01:44:12.171Z,0.01,0.033,3.3
2026-06-10T01:44:12.378Z,0.01,0.033,3.3
2026-06-10T01:44:12.579Z,0.01,0.033,3.3
2026-06-10T01:44:12.780Z,0.01,0.033,3.3
2026-06-10T01:44:12.982Z,0.01,0.033,3.3
2026-06-10T01:44:13.182Z,0.01,0.033,3.3
2026-06-10T01:44:13.387Z,0,0,3.3
2026-06-10T01:44:13.587Z,0.01,0.033,3.3
2026-06-10T01:44:13.789Z,0.01,0.033,3.3
2026-06-10T01:44:13.989Z,0.01,0.033,3.3
2026-06-10T01:44:14.190Z,0.01,0.033,3.3
2026-06-10T01:44:14.391Z,0,0,3.3
2026-06-10T01:44:14.592Z,0,0,3.3
2026-06-10T01:44:14.794Z,0,0,3.3
2026-06-10T01:44:14.996Z,0.01,0.033,3.3
2026-06-10T01:44:15.197Z,0,0,3.3
2026-06-10T01:44:15.400Z,0,0,3.3
2026-06-10T01:44:15.601Z,0.01,0.033,3.3
2026-06-10T01:44:15.802Z,0.01,0.033,3.3
2026-06-10T01:44:16.003Z,0.01,0.033,3.3
2026-06-10T01:44:16.205Z,0.01,0.033,3.3
2026-06-10T01:44:16.406Z,0,0,3.3
2026-06-10T01:44:16.607Z,0,0,3.3
2026-06-10T01:44:16.808Z,0,0,3.3
2026-06-10T01:44:17.010Z,0,0,3.3
2026-06-10T01:44:17.213Z,0.01,0.033,3.3
2026-06-10T01:44:17.413Z,0.01,0.033,3.3
2026-06-10T01:44:17.616Z,0.01,0.033,3.3
2026-06-10T01:44:17.818Z,0.01,0.033,3.3
2026-06-10T01:44:18.019Z,0.01,0.033,3.3
2026-06-10T01:44:18.220Z,0.02,0.066,3.3
2026-06-10T01:44:18.422Z,0.02,0.066,3.3
2026-06-10T01:44:18.623Z,0.02,0.066,3.3
2026-06-10T01:44:18.823Z,0.02,0.066,3.3
2026-06-10T01:44:19.024Z,0.02,0.066,3.3
2026-06-10T01:44:19.226Z,0.01,0.033,3.3
2026-06-10T01:44:19.428Z,0.01,0.033,3.3
2026-06-10T01:44:19.629Z,0.01,0.033,3.3
2026-06-10T01:44:19.831Z,0.02,0.066,3.3
2026-06-10T01:44:20.031Z,0.02,0.066,3.3
2026-06-10T01:44:20.231Z,0.02,0.066,3.3
2026-06-10T01:44:20.432Z,0.02,0.066,3.3
2026-06-10T01:44:20.633Z,0.02,0.066,3.3
2026-06-10T01:44:20.834Z,0.01,0.033,3.3
2026-06-10T01:44:21.035Z,0.02,0.066,3.3
2026-06-10T01:44:21.235Z,0.02,0.066,3.3
2026-06-10T01:44:21.437Z,0.02,0.066,3.3
2026-06-10T01:44:21.639Z,0.01,0.033,3.3
2026-06-10T01:44:21.840Z,0.01,0.033,3.3
2026-06-10T01:44:22.042Z,0.02,0.066,3.3
2026-06-10T01:44:22.244Z,0.02,0.066,3.3
2026-06-10T01:44:22.446Z,0.02,0.066,3.3
2026-06-10T01:44:22.647Z,0.01,0.033,3.3
2026-06-10T01:44:22.849Z,0.01,0.033,3.3
2026-06-10T01:44:23.051Z,0.01,0.033,3.3
2026-06-10T01:44:23.251Z,0.02,0.066,3.3
2026-06-10T01:44:23.454Z,0.02,0.066,3.3
2026-06-10T01:44:23.655Z,0.02,0.066,3.3
2026-06-10T01:44:23.856Z,0.02,0.066,3.3
2026-06-10T01:44:24.057Z,0.02,0.066,3.3
2026-06-10T01:44:24.259Z,0.01,0.033,3.3
2026-06-10T01:44:24.461Z,0.01,0.033,3.3
2026-06-10T01:44:24.662Z,0.01,0.033,3.3
2026-06-10T01:44:24.864Z,0.01,0.033,3.3
2026-06-10T01:44:25.067Z,0.01,0.033,3.3
2026-06-10T01:44:25.267Z,0.01,0.033,3.3
2026-06-10T01:44:25.469Z,0.02,0.066,3.3
2026-06-10T01:44:25.671Z,0.02,0.066,3.3
2026-06-10T01:44:25.873Z,0.01,0.033,3.3
2026-06-10T01:44:26.074Z,0.01,0.033,3.3
2026-06-10T01:44:26.276Z,0.01,0.033,3.3
2026-06-10T01:44:26.478Z,0.01,0.033,3.3
2026-06-10T01:44:26.679Z,0.01,0.033,3.3
2026-06-10T01:44:26.879Z,0.01,0.033,3.3
2026-06-10T01:44:27.081Z,0,0,3.3
2026-06-10T01:44:27.283Z,0,0,3.3
2026-06-10T01:44:27.484Z,0,0,3.3
2026-06-10T01:44:27.685Z,0,0,3.3
2026-06-10T01:44:27.888Z,0,0,3.3
2026-06-10T01:44:28.089Z,0,0,3.3
2026-06-10T01:44:28.291Z,0,0,3.3
2026-06-10T01:44:28.493Z,0,0,3.3
2026-06-10T01:44:28.695Z,0,0,3.3
2026-06-10T01:44:28.896Z,0,0,3.3
2026-06-10T01:44:29.098Z,0,0,3.3
2026-06-10T01:44:29.299Z,0,0,3.3
2026-06-10T01:44:29.502Z,0,0,3.3
2026-06-10T01:44:29.701Z,0,0,3.3
2026-06-10T01:44:29.904Z,0,0,3.3
2026-06-10T01:44:30.105Z,0,0,3.3
2026-06-10T01:44:30.306Z,0,0,3.3
2026-06-10T01:44:30.507Z,0,0,3.3
2026-06-10T01:44:30.709Z,0,0,3.3
2026-06-10T01:44:30.909Z,0,0,3.3
2026-06-10T01:44:31.110Z,0,0,3.3
2026-06-10T01:44:31.312Z,0,0,3.3
2026-06-10T01:44:31.513Z,0,0,3.3
2026-06-10T01:44:31.714Z,0,0,3.3
2026-06-10T01:44:31.915Z,0,0,3.3
2026-06-10T01:44:32.117Z,0,0,3.3
2026-06-10T01:44:32.318Z,0,0,3.3
2026-06-10T01:44:32.520Z,0,0,3.3
2026-06-10T01:44:32.722Z,0.01,0.033,3.3
2026-06-10T01:44:32.923Z,0,0,3.3
2026-06-10T01:44:33.123Z,0,0,3.3
2026-06-10T01:44:33.325Z,0,0,3.3
2026-06-10T01:44:33.526Z,0,0,3.3
2026-06-10T01:44:33.728Z,0,0,3.3
2026-06-10T01:44:33.931Z,0,0,3.3
2026-06-10T01:44:34.132Z,0.01,0.033,3.3
2026-06-10T01:44:34.333Z,0,0,3.3
2026-06-10T01:44:34.535Z,0,0,3.3
2026-06-10T01:44:34.736Z,0,0,3.3
2026-06-10T01:44:34.938Z,0,0,3.3
2026-06-10T01:44:35.139Z,0,0,3.3
2026-06-10T01:44:35.339Z,0.01,0.033,3.3
2026-06-10T01:44:35.540Z,0.01,0.033,3.3
2026-06-10T01:44:35.742Z,0.01,0.033,3.3
2026-06-10T01:44:35.942Z,0,0,3.3
2026-06-10T01:44:36.144Z,0,0,3.3
2026-06-10T01:44:36.346Z,0,0,3.3
2026-06-10T01:44:36.549Z,0.01,0.033,3.3
2026-06-10T01:44:36.749Z,0.01,0.033,3.3
2026-06-10T01:44:36.950Z,0.01,0.033,3.3
2026-06-10T01:44:37.151Z,0.01,0.033,3.3
2026-06-10T01:44:37.355Z,0.01,0.033,3.3
2026-06-10T01:44:37.554Z,0.02,0.066,3.3
2026-06-10T01:44:37.756Z,0.02,0.066,3.3
2026-06-10T01:44:37.957Z,0.02,0.066,3.3
2026-06-10T01:44:38.159Z,0.02,0.066,3.3
2026-06-10T01:44:38.363Z,0.02,0.066,3.3
2026-06-10T01:44:38.560Z,0.01,0.033,3.3
2026-06-10T01:44:38.763Z,0.01,0.033,3.3
2026-06-10T01:44:38.964Z,0.01,0.033,3.3
2026-06-10T01:44:39.166Z,0.01,0.033,3.3
2026-06-10T01:44:39.369Z,0.02,0.066,3.3
2026-06-10T01:44:39.570Z,0.02,0.066,3.3
2026-06-10T01:44:39.771Z,0.02,0.066,3.3
2026-06-10T01:44:39.972Z,0.02,0.066,3.3
2026-06-10T01:44:40.173Z,0.01,0.033,3.3
2026-06-10T01:44:40.377Z,16.52,54.516,3.3
2026-06-10T01:44:40.578Z,57.73,190.509,3.3
2026-06-10T01:44:40.779Z,65.71,216.843,3.3
2026-06-10T01:44:40.980Z,65.08,214.764,3.3
2026-06-10T01:44:41.182Z,71.69,236.577,3.3
2026-06-10T01:44:41.387Z,72,237.6,3.3
2026-06-10T01:44:41.589Z,63.23,208.659,3.3
2026-06-10T01:44:41.791Z,56.57,186.681,3.3
2026-06-10T01:44:41.992Z,52.45,173.085,3.3
2026-06-10T01:44:42.194Z,51.73,170.709,3.3
2026-06-10T01:44:42.396Z,56.94,187.902,3.3
2026-06-10T01:44:42.597Z,66.25,218.625,3.3
2026-06-10T01:44:42.799Z,68.3,225.39,3.3
2026-06-10T01:44:43.001Z,64.8,213.84,3.3
2026-06-10T01:44:43.203Z,62.53,206.349,3.3
2026-06-10T01:44:43.405Z,64.19,211.827,3.3
2026-06-10T01:44:43.606Z,64.56,213.048,3.3
2026-06-10T01:44:43.809Z,65.14,214.962,3.3
2026-06-10T01:44:44.009Z,62.74,207.042,3.3
2026-06-10T01:44:44.211Z,63.6,209.88,3.3
2026-06-10T01:44:44.412Z,89.31,294.723,3.3
2026-06-10T01:44:44.613Z,130.49,430.617,3.3
2026-06-10T01:44:44.814Z,116.25,383.625,3.3
2026-06-10T01:44:45.016Z,106.32,350.856,3.3
2026-06-10T01:44:45.218Z,119.66,394.878,3.3
2026-06-10T01:44:45.419Z,119.69,394.977,3.3
2026-06-10T01:44:45.620Z,103.86,342.738,3.3
2026-06-10T01:44:45.822Z,102.44,338.052,3.3
2026-06-10T01:44:46.024Z,103.08,340.164,3.3
2026-06-10T01:44:46.227Z,107.61,355.113,3.3
2026-06-10T01:44:46.426Z,119.77,395.241,3.3
2026-06-10T01:44:46.629Z,110.48,364.584,3.3
2026-06-10T01:44:46.830Z,95.46,315.018,3.3
2026-06-10T01:44:47.031Z,91.11,300.663,3.3
2026-06-10T01:44:47.232Z,90.54,298.782,3.3
2026-06-10T01:44:47.433Z,92.71,305.943,3.3
2026-06-10T01:44:47.634Z,92.74,306.042,3.3
2026-06-10T01:44:47.836Z,100.27,330.891,3.3
2026-06-10T01:44:48.037Z,86.68,286.044,3.3
2026-06-10T01:44:48.240Z,58.41,192.753,3.3
2026-06-10T01:44:48.442Z,38.58,127.314,3.3
2026-06-10T01:44:48.644Z,3.63,11.979,3.3
2026-06-10T01:44:48.845Z,0.75,2.475,3.3
2026-06-10T01:44:49.046Z,0.06,0.198,3.3
2026-06-10T01:44:49.246Z,0.03,0.099,3.3
2026-06-10T01:44:49.447Z,0.02,0.066,3.3
2026-06-10T01:44:49.649Z,0.02,0.066,3.3
2026-06-10T01:44:49.850Z,0.02,0.066,3.3
2026-06-10T01:44:50.052Z,0.02,0.066,3.3
2026-06-10T01:44:50.252Z,0.02,0.066,3.3
2026-06-10T01:44:50.454Z,0.01,0.033,3.3
2026-06-10T01:44:50.656Z,0.01,0.033,3.3
2026-06-10T01:44:50.858Z,0.01,0.033,3.3
2026-06-10T01:44:51.058Z,0.01,0.033,3.3
2026-06-10T01:44:51.259Z,0.02,0.066,3.3
2026-06-10T01:44:51.460Z,0.02,0.066,3.3
2026-06-10T01:44:51.660Z,0.02,0.066,3.3
2026-06-10T01:44:51.862Z,0.02,0.066,3.3
2026-06-10T01:44:52.064Z,0.02,0.066,3.3
2026-06-10T01:44:52.264Z,0.01,0.033,3.3
2026-06-10T01:44:52.466Z,0,0,3.3
2026-06-10T01:44:52.668Z,0.01,0.033,3.3
2026-06-10T01:44:52.869Z,0.01,0.033,3.3
2026-06-10T01:44:53.071Z,0.02,0.066,3.3
2026-06-10T01:44:53.274Z,0.01,0.033,3.3
2026-06-10T01:44:53.474Z,0.01,0.033,3.3
2026-06-10T01:44:53.676Z,0.01,0.033,3.3
2026-06-10T01:44:53.879Z,0.01,0.033,3.3
2026-06-10T01:44:54.081Z,0,0,3.3
2026-06-10T01:44:54.283Z,0,0,3.3
2026-06-10T01:44:54.484Z,0,0,3.3
2026-06-10T01:44:54.685Z,0,0,3.3
2026-06-10T01:44:54.885Z,0,0,3.3
2026-06-10T01:44:55.086Z,0,0,3.3
2026-06-10T01:44:55.287Z,0,0,3.3
2026-06-10T01:44:55.488Z,0,0,3.3
2026-06-10T01:44:55.688Z,0.01,0.033,3.3
2026-06-10T01:44:55.891Z,0.01,0.033,3.3
2026-06-10T01:44:56.093Z,0.01,0.033,3.3
2026-06-10T01:44:56.295Z,0,0,3.3
2026-06-10T01:44:56.496Z,0,0,3.3
2026-06-10T01:44:56.697Z,0,0,3.3
2026-06-10T01:44:56.899Z,0,0,3.3
2026-06-10T01:44:57.100Z,0.01,0.033,3.3
2026-06-10T01:44:57.303Z,0,0,3.3
2026-06-10T01:44:57.502Z,0,0,3.3
2026-06-10T01:44:57.706Z,0,0,3.3
2026-06-10T01:44:57.906Z,0,0,3.3
2026-06-10T01:44:58.108Z,0,0,3.3
2026-06-10T01:44:58.309Z,0,0,3.3
2026-06-10T01:44:58.511Z,0.01,0.033,3.3
2026-06-10T01:44:58.713Z,0.01,0.033,3.3
2026-06-10T01:44:58.914Z,0.01,0.033,3.3
2026-06-10T01:44:59.116Z,0,0,3.3
2026-06-10T01:44:59.316Z,0,0,3.3
2026-06-10T01:44:59.518Z,0,0,3.3
2026-06-10T01:44:59.720Z,0,0,3.3
2026-06-10T01:44:59.921Z,0,0,3.3
2026-06-10T01:45:00.123Z,0,0,3.3
2026-06-10T01:45:00.325Z,0,0,3.3
2026-06-10T01:45:00.525Z,0,0,3.3
2026-06-10T01:45:00.725Z,0,0,3.3
2026-06-10T01:45:00.928Z,0,0,3.3
2026-06-10T01:45:01.130Z,0,0,3.3
2026-06-10T01:45:01.330Z,0,0,3.3
2026-06-10T01:45:01.531Z,0.01,0.033,3.3
2026-06-10T01:45:01.733Z,0.01,0.033,3.3
2026-06-10T01:45:01.934Z,0.01,0.033,3.3
2026-06-10T01:45:02.136Z,0.01,0.033,3.3
2026-06-10T01:45:02.338Z,0.01,0.033,3.3
2026-06-10T01:45:02.538Z,0.02,0.066,3.3
2026-06-10T01:45:02.740Z,0.02,0.066,3.3
2026-06-10T01:45:02.942Z,0.02,0.066,3.3
2026-06-10T01:45:03.144Z,0.02,0.066,3.3
2026-06-10T01:45:03.346Z,0.01,0.033,3.3
2026-06-10T01:45:03.548Z,0,0,3.3
2026-06-10T01:45:03.749Z,0.01,0.033,3.3
2026-06-10T01:45:03.951Z,0.01,0.033,3.3
2026-06-10T01:45:04.153Z,0.01,0.033,3.3
2026-06-10T01:45:04.362Z,0.01,0.033,3.3
2026-06-10T01:45:04.557Z,0.01,0.033,3.3
2026-06-10T01:45:04.758Z,0.01,0.033,3.3
2026-06-10T01:45:04.958Z,0,0,3.3
2026-06-10T01:45:05.159Z,0,0,3.3
2026-06-10T01:45:05.360Z,0,0,3.3
2026-06-10T01:45:05.561Z,0,0,3.3
2026-06-10T01:45:05.763Z,0.01,0.033,3.3
2026-06-10T01:45:05.964Z,0,0,3.3
2026-06-10T01:45:06.164Z,0,0,3.3
2026-06-10T01:45:06.365Z,0,0,3.3
2026-06-10T01:45:06.566Z,0,0,3.3
2026-06-10T01:45:06.768Z,0,0,3.3
2026-06-10T01:45:06.969Z,0,0,3.3
2026-06-10T01:45:07.173Z,0,0,3.3
2026-06-10T01:45:07.376Z,0.01,0.033,3.3
2026-06-10T01:45:07.576Z,0.01,0.033,3.3
2026-06-10T01:45:07.778Z,0.01,0.033,3.3
2026-06-10T01:45:07.979Z,0.01,0.033,3.3
2026-06-10T01:45:08.181Z,0.01,0.033,3.3
2026-06-10T01:45:08.388Z,0.01,0.033,3.3
2026-06-10T01:45:08.590Z,0.01,0.033,3.3
2026-06-10T01:45:08.790Z,0,0,3.3
2026-06-10T01:45:08.992Z,0,0,3.3
2026-06-10T01:45:09.193Z,0.01,0.033,3.3
2026-06-10T01:45:09.394Z,0.01,0.033,3.3
2026-06-10T01:45:09.596Z,0.01,0.033,3.3
2026-06-10T01:45:09.797Z,0.01,0.033,3.3
2026-06-10T01:45:09.997Z,0.01,0.033,3.3
2026-06-10T01:45:10.198Z,0.01,0.033,3.3
2026-06-10T01:45:10.401Z,0.01,0.033,3.3
2026-06-10T01:45:10.602Z,0,0,3.3
2026-06-10T01:45:10.805Z,0,0,3.3
2026-06-10T01:45:11.007Z,0,0,3.3
2026-06-10T01:45:11.209Z,0.01,0.033,3.3
2026-06-10T01:45:11.412Z,0.01,0.033,3.3
2026-06-10T01:45:11.615Z,0.01,0.033,3.3
2026-06-10T01:45:11.816Z,0.01,0.033,3.3
2026-06-10T01:45:12.017Z,0,0,3.3
2026-06-10T01:45:12.218Z,0,0,3.3
2026-06-10T01:45:12.419Z,0,0,3.3
2026-06-10T01:45:12.620Z,0,0,3.3
2026-06-10T01:45:12.821Z,0.01,0.033,3.3
2026-06-10T01:45:13.022Z,0,0,3.3
2026-06-10T01:45:13.224Z,0,0,3.3
2026-06-10T01:45:13.425Z,0.01,0.033,3.3
2026-06-10T01:45:13.627Z,0.01,0.033,3.3
2026-06-10T01:45:13.829Z,0.01,0.033,3.3
2026-06-10T01:45:14.031Z,0.01,0.033,3.3
2026-06-10T01:45:14.233Z,0,0,3.3
2026-06-10T01:45:14.435Z,0,0,3.3
2026-06-10T01:45:14.637Z,0,0,3.3
2026-06-10T01:45:14.838Z,0.01,0.033,3.3
2026-06-10T01:45:15.040Z,0.01,0.033,3.3
2026-06-10T01:45:15.240Z,0.01,0.033,3.3
2026-06-10T01:45:15.442Z,0,0,3.3
2026-06-10T01:45:15.643Z,0,0,3.3
2026-06-10T01:45:15.845Z,0,0,3.3
2026-06-10T01:45:16.047Z,0,0,3.3
2026-06-10T01:45:16.249Z,0.01,0.033,3.3
2026-06-10T01:45:16.449Z,0.01,0.033,3.3
2026-06-10T01:45:16.651Z,0.01,0.033,3.3
2026-06-10T01:45:16.853Z,0,0,3.3
2026-06-10T01:45:17.054Z,0.01,0.033,3.3
2026-06-10T01:45:17.255Z,0,0,3.3
2026-06-10T01:45:17.456Z,0,0,3.3
2026-06-10T01:45:17.659Z,0,0,3.3
2026-06-10T01:45:17.861Z,0,0,3.3
2026-06-10T01:45:18.062Z,0,0,3.3
2026-06-10T01:45:18.265Z,0,0,3.3
2026-06-10T01:45:18.465Z,0,0,3.3
2026-06-10T01:45:18.667Z,0.01,0.033,3.3
2026-06-10T01:45:18.869Z,0.01,0.033,3.3
2026-06-10T01:45:19.071Z,0,0,3.3
2026-06-10T01:45:19.272Z,0,0,3.3
2026-06-10T01:45:19.473Z,0,0,3.3
2026-06-10T01:45:19.676Z,0,0,3.3
2026-06-10T01:45:19.877Z,0.01,0.033,3.3
2026-06-10T01:45:20.078Z,0.01,0.033,3.3
2026-06-10T01:45:20.279Z,0.01,0.033,3.3
2026-06-10T01:45:20.480Z,0.01,0.033,3.3
2026-06-10T01:45:20.682Z,0.01,0.033,3.3
2026-06-10T01:45:20.884Z,0.01,0.033,3.3
2026-06-10T01:45:21.085Z,0,0,3.3
2026-06-10T01:45:21.287Z,0.01,0.033,3.3
2026-06-10T01:45:21.489Z,0.01,0.033,3.3
2026-06-10T01:45:21.689Z,0.01,0.033,3.3
2026-06-10T01:45:21.891Z,0.01,0.033,3.3
2026-06-10T01:45:22.093Z,0,0,3.3
2026-06-10T01:45:22.295Z,0.01,0.033,3.3
2026-06-10T01:45:22.495Z,0,0,3.3
2026-06-10T01:45:22.697Z,0.01,0.033,3.3
2026-06-10T01:45:22.899Z,0.01,0.033,3.3
2026-06-10T01:45:23.101Z,0.02,0.066,3.3
2026-06-10T01:45:23.302Z,0.02,0.066,3.3
2026-06-10T01:45:23.504Z,0.01,0.033,3.3
2026-06-10T01:45:23.705Z,0.02,0.066,3.3
2026-06-10T01:45:23.907Z,0.02,0.066,3.3
2026-06-10T01:45:24.109Z,0.02,0.066,3.3
2026-06-10T01:45:24.312Z,0.02,0.066,3.3
2026-06-10T01:45:24.513Z,0.01,0.033,3.3
2026-06-10T01:45:24.715Z,0.01,0.033,3.3
2026-06-10T01:45:24.917Z,0.01,0.033,3.3
2026-06-10T01:45:25.119Z,0.02,0.066,3.3
2026-06-10T01:45:25.321Z,0.02,0.066,3.3
2026-06-10T01:45:25.523Z,0.02,0.066,3.3
2026-06-10T01:45:25.723Z,0.01,0.033,3.3
2026-06-10T01:45:25.925Z,0.01,0.033,3.3
2026-06-10T01:45:26.126Z,0.01,0.033,3.3
2026-06-10T01:45:26.327Z,0.02,0.066,3.3
2026-06-10T01:45:26.531Z,0.02,0.066,3.3
2026-06-10T01:45:26.730Z,0.02,0.066,3.3
2026-06-10T01:45:26.932Z,0.02,0.066,3.3
2026-06-10T01:45:27.134Z,0.01,0.033,3.3
2026-06-10T01:45:27.335Z,0.01,0.033,3.3
2026-06-10T01:45:27.536Z,0.01,0.033,3.3
2026-06-10T01:45:27.738Z,0.01,0.033,3.3
2026-06-10T01:45:27.939Z,0.01,0.033,3.3
2026-06-10T01:45:28.140Z,0.02,0.066,3.3
2026-06-10T01:45:28.342Z,0.02,0.066,3.3
2026-06-10T01:45:28.543Z,0.02,0.066,3.3
2026-06-10T01:45:28.746Z,0.02,0.066,3.3
2026-06-10T01:45:28.947Z,0.01,0.033,3.3
2026-06-10T01:45:29.149Z,0.01,0.033,3.3
2026-06-10T01:45:29.351Z,0.01,0.033,3.3
2026-06-10T01:45:29.552Z,0.01,0.033,3.3
2026-06-10T01:45:29.754Z,0.02,0.066,3.3
2026-06-10T01:45:29.955Z,0.02,0.066,3.3
2026-06-10T01:45:30.156Z,0.02,0.066,3.3
2026-06-10T01:45:30.358Z,0.02,0.066,3.3
2026-06-10T01:45:30.558Z,0.01,0.033,3.3
2026-06-10T01:45:30.760Z,0.01,0.033,3.3
2026-06-10T01:45:30.962Z,0.01,0.033,3.3
2026-06-10T01:45:31.164Z,0.01,0.033,3.3
2026-06-10T01:45:31.365Z,0.01,0.033,3.3
2026-06-10T01:45:31.566Z,0.01,0.033,3.3
2026-06-10T01:45:31.767Z,0.01,0.033,3.3
2026-06-10T01:45:31.969Z,0.02,0.066,3.3
2026-06-10T01:45:32.171Z,0.02,0.066,3.3
2026-06-10T01:45:32.371Z,0.02,0.066,3.3
2026-06-10T01:45:32.572Z,0.03,0.099,3.3
2026-06-10T01:45:32.774Z,0.02,0.066,3.3
2026-06-10T01:45:32.975Z,0.01,0.033,3.3
2026-06-10T01:45:33.175Z,0.01,0.033,3.3
2026-06-10T01:45:33.377Z,0.01,0.033,3.3
2026-06-10T01:45:33.578Z,0.01,0.033,3.3
2026-06-10T01:45:33.779Z,0.02,0.066,3.3
2026-06-10T01:45:33.980Z,0.02,0.066,3.3
2026-06-10T01:45:34.180Z,0.02,0.066,3.3
2026-06-10T01:45:34.386Z,0.01,0.033,3.3
2026-06-10T01:45:34.588Z,0.01,0.033,3.3
2026-06-10T01:45:34.789Z,0.01,0.033,3.3
2026-06-10T01:45:34.990Z,0.01,0.033,3.3
2026-06-10T01:45:35.191Z,0.02,0.066,3.3
2026-06-10T01:45:35.392Z,0.02,0.066,3.3
2026-06-10T01:45:35.592Z,0.02,0.066,3.3
2026-06-10T01:45:35.794Z,0.02,0.066,3.3
2026-06-10T01:45:35.996Z,0.02,0.066,3.3
2026-06-10T01:45:36.197Z,0.01,0.033,3.3
2026-06-10T01:45:36.399Z,0.01,0.033,3.3
2026-06-10T01:45:36.601Z,0.02,0.066,3.3
2026-06-10T01:45:36.802Z,0.01,0.033,3.3
2026-06-10T01:45:37.004Z,0.02,0.066,3.3
2026-06-10T01:45:37.207Z,0.02,0.066,3.3
2026-06-10T01:45:37.407Z,0.02,0.066,3.3
2026-06-10T01:45:37.608Z,0.01,0.033,3.3
2026-06-10T01:45:37.810Z,0.01,0.033,3.3
2026-06-10T01:45:38.012Z,0.01,0.033,3.3
2026-06-10T01:45:38.214Z,0.02,0.066,3.3
2026-06-10T01:45:38.416Z,0.02,0.066,3.3
2026-06-10T01:45:38.618Z,0.02,0.066,3.3
2026-06-10T01:45:38.820Z,0.02,0.066,3.3
2026-06-10T01:45:39.020Z,0.01,0.033,3.3
2026-06-10T01:45:39.222Z,0.01,0.033,3.3
2026-06-10T01:45:39.423Z,0.02,0.066,3.3
2026-06-10T01:45:39.624Z,0.02,0.066,3.3
2026-06-10T01:45:39.827Z,0.02,0.066,3.3
2026-06-10T01:45:40.028Z,0.76,2.508,3.3
2026-06-10T01:45:40.229Z,40.1,132.33,3.3
2026-06-10T01:45:40.431Z,64.1,211.53,3.3
2026-06-10T01:45:40.632Z,65.41,215.853,3.3
2026-06-10T01:45:40.833Z,65.77,217.041,3.3
2026-06-10T01:45:41.035Z,72.91,240.603,3.3
2026-06-10T01:45:41.236Z,70.36,232.188,3.3
2026-06-10T01:45:41.438Z,57.88,191.004,3.3
2026-06-10T01:45:41.639Z,54.8,180.84,3.3
2026-06-10T01:45:41.840Z,51.73,170.709,3.3
2026-06-10T01:45:42.042Z,53.95,178.035,3.3
2026-06-10T01:45:42.245Z,61.58,203.214,3.3
2026-06-10T01:45:42.445Z,68.52,226.116,3.3
2026-06-10T01:45:42.647Z,67.81,223.773,3.3
2026-06-10T01:45:42.848Z,62.61,206.613,3.3
2026-06-10T01:45:43.050Z,63.37,209.121,3.3
2026-06-10T01:45:43.252Z,64.82,213.906,3.3
2026-06-10T01:45:43.452Z,64.97,214.401,3.3
2026-06-10T01:45:43.653Z,64.02,211.266,3.3
2026-06-10T01:45:43.855Z,64.44,212.652,3.3
2026-06-10T01:45:44.056Z,86.02,283.866,3.3
2026-06-10T01:45:44.260Z,132.05,435.765,3.3
2026-06-10T01:45:44.460Z,122.28,403.524,3.3
2026-06-10T01:45:44.662Z,126.48,417.384,3.3
2026-06-10T01:45:44.863Z,124,409.2,3.3
2026-06-10T01:45:45.064Z,102.72,338.976,3.3
2026-06-10T01:45:45.265Z,104.76,345.708,3.3
2026-06-10T01:45:45.467Z,104.64,345.312,3.3
2026-06-10T01:45:45.668Z,103.29,340.857,3.3
2026-06-10T01:45:45.869Z,105.07,346.731,3.3
2026-06-10T01:45:46.069Z,120.72,398.376,3.3
2026-06-10T01:45:46.271Z,119.49,394.317,3.3
2026-06-10T01:45:46.473Z,102.04,336.732,3.3
2026-06-10T01:45:46.673Z,93.31,307.923,3.3
2026-06-10T01:45:46.874Z,92.94,306.702,3.3
2026-06-10T01:45:47.075Z,95.51,315.183,3.3
2026-06-10T01:45:47.277Z,96.31,317.823,3.3
2026-06-10T01:45:47.477Z,101.44,334.752,3.3
2026-06-10T01:45:47.679Z,96.54,318.582,3.3
2026-06-10T01:45:47.879Z,71.02,234.366,3.3
2026-06-10T01:45:48.080Z,50.99,168.267,3.3
2026-06-10T01:45:48.282Z,16.39,54.087,3.3
2026-06-10T01:45:48.483Z,1.46,4.818,3.3
2026-06-10T01:45:48.684Z,0.1,0.33,3.3
2026-06-10T01:45:48.886Z,0.04,0.132,3.3
2026-06-10T01:45:49.088Z,0.03,0.099,3.3
2026-06-10T01:45:49.290Z,0.03,0.099,3.3
2026-06-10T01:45:49.491Z,0.02,0.066,3.3
2026-06-10T01:45:49.692Z,0.02,0.066,3.3
2026-06-10T01:45:49.893Z,0.01,0.033,3.3
2026-06-10T01:45:50.095Z,0.01,0.033,3.3
2026-06-10T01:45:50.298Z,0.01,0.033,3.3
2026-06-10T01:45:50.499Z,0.01,0.033,3.3
2026-06-10T01:45:50.701Z,0.01,0.033,3.3
2026-06-10T01:45:50.902Z,0.02,0.066,3.3
2026-06-10T01:45:51.103Z,0.02,0.066,3.3
2026-06-10T01:45:51.305Z,0.02,0.066,3.3
2026-06-10T01:45:51.507Z,0.01,0.033,3.3
2026-06-10T01:45:51.708Z,0.01,0.033,3.3
2026-06-10T01:45:51.909Z,0.01,0.033,3.3
2026-06-10T01:45:52.111Z,0.01,0.033,3.3
2026-06-10T01:45:52.313Z,0.02,0.066,3.3
2026-06-10T01:45:52.514Z,0.02,0.066,3.3
2026-06-10T01:45:52.715Z,0.02,0.066,3.3
2026-06-10T01:45:52.915Z,0.02,0.066,3.3
2026-06-10T01:45:53.116Z,0.02,0.066,3.3
2026-06-10T01:45:53.318Z,0.01,0.033,3.3
2026-06-10T01:45:53.519Z,0.02,0.066,3.3
2026-06-10T01:45:53.720Z,0.02,0.066,3.3
2026-06-10T01:45:53.921Z,0.02,0.066,3.3
2026-06-10T01:45:54.122Z,0.02,0.066,3.3
2026-06-10T01:45:54.324Z,0.02,0.066,3.3
2026-06-10T01:45:54.525Z,0.02,0.066,3.3
2026-06-10T01:45:54.728Z,0.01,0.033,3.3
2026-06-10T01:45:54.929Z,0.01,0.033,3.3
2026-06-10T01:45:55.132Z,0.02,0.066,3.3
2026-06-10T01:45:55.333Z,0.02,0.066,3.3
2026-06-10T01:45:55.534Z,0.02,0.066,3.3
2026-06-10T01:45:55.735Z,0.02,0.066,3.3
2026-06-10T01:45:55.937Z,0.01,0.033,3.3
2026-06-10T01:45:56.138Z,0.01,0.033,3.3
2026-06-10T01:45:56.339Z,0,0,3.3
2026-06-10T01:45:56.541Z,0,0,3.3
2026-06-10T01:45:56.742Z,0,0,3.3
2026-06-10T01:45:56.942Z,0,0,3.3
2026-06-10T01:45:57.146Z,0,0,3.3
2026-06-10T01:45:57.347Z,0,0,3.3
2026-06-10T01:45:57.548Z,0,0,3.3
2026-06-10T01:45:57.749Z,0,0,3.3
2026-06-10T01:45:57.950Z,0,0,3.3
2026-06-10T01:45:58.152Z,0,0,3.3
2026-06-10T01:45:58.354Z,0,0,3.3
2026-06-10T01:45:58.554Z,0,0,3.3
2026-06-10T01:45:58.756Z,0,0,3.3
2026-06-10T01:45:58.957Z,0,0,3.3
2026-06-10T01:45:59.158Z,0,0,3.3
2026-06-10T01:45:59.361Z,0,0,3.3
2026-06-10T01:45:59.559Z,0,0,3.3
2026-06-10T01:45:59.762Z,0,0,3.3
2026-06-10T01:45:59.964Z,0,0,3.3
2026-06-10T01:46:00.166Z,0,0,3.3
2026-06-10T01:46:00.367Z,0,0,3.3
2026-06-10T01:46:00.569Z,0,0,3.3
2026-06-10T01:46:00.769Z,0,0,3.3
2026-06-10T01:46:00.972Z,0,0,3.3
2026-06-10T01:46:01.174Z,0,0,3.3
2026-06-10T01:46:01.382Z,0,0,3.3
2026-06-10T01:46:01.578Z,0,0,3.3
2026-06-10T01:46:01.780Z,0.01,0.033,3.3
2026-06-10T01:46:01.982Z,0.01,0.033,3.3
2026-06-10T01:46:02.182Z,0.01,0.033,3.3
2026-06-10T01:46:02.387Z,0.01,0.033,3.3
2026-06-10T01:46:02.589Z,0,0,3.3
2026-06-10T01:46:02.791Z,0.01,0.033,3.3
2026-06-10T01:46:02.991Z,0,0,3.3
2026-06-10T01:46:03.192Z,0,0,3.3
2026-06-10T01:46:03.394Z,0,0,3.3
2026-06-10T01:46:03.595Z,0,0,3.3
2026-06-10T01:46:03.796Z,0.01,0.033,3.3
2026-06-10T01:46:03.998Z,0.01,0.033,3.3
2026-06-10T01:46:04.199Z,0.01,0.033,3.3
2026-06-10T01:46:04.402Z,0,0,3.3
2026-06-10T01:46:04.604Z,0.01,0.033,3.3
2026-06-10T01:46:04.806Z,0.01,0.033,3.3
2026-06-10T01:46:05.007Z,0.01,0.033,3.3
2026-06-10T01:46:05.209Z,0,0,3.3
2026-06-10T01:46:05.411Z,0,0,3.3
2026-06-10T01:46:05.613Z,0,0,3.3
2026-06-10T01:46:05.813Z,0,0,3.3
2026-06-10T01:46:06.015Z,0,0,3.3
2026-06-10T01:46:06.216Z,0.01,0.033,3.3
2026-06-10T01:46:06.417Z,0.01,0.033,3.3
2026-06-10T01:46:06.619Z,0.01,0.033,3.3
2026-06-10T01:46:06.821Z,0,0,3.3
2026-06-10T01:46:07.022Z,0,0,3.3
2026-06-10T01:46:07.225Z,0.01,0.033,3.3
2026-06-10T01:46:07.427Z,0.01,0.033,3.3
2026-06-10T01:46:07.627Z,0,0,3.3
2026-06-10T01:46:07.827Z,0,0,3.3
2026-06-10T01:46:08.029Z,0,0,3.3
2026-06-10T01:46:08.231Z,0,0,3.3
2026-06-10T01:46:08.433Z,0,0,3.3
2026-06-10T01:46:08.635Z,0.01,0.033,3.3
2026-06-10T01:46:08.836Z,0.01,0.033,3.3
2026-06-10T01:46:09.038Z,0.01,0.033,3.3
2026-06-10T01:46:09.240Z,0,0,3.3
2026-06-10T01:46:09.441Z,0,0,3.3
2026-06-10T01:46:09.643Z,0,0,3.3
2026-06-10T01:46:09.846Z,0,0,3.3
2026-06-10T01:46:10.047Z,0,0,3.3
2026-06-10T01:46:10.248Z,0,0,3.3
2026-06-10T01:46:10.450Z,0.01,0.033,3.3
2026-06-10T01:46:10.650Z,0.01,0.033,3.3
2026-06-10T01:46:10.851Z,0,0,3.3
2026-06-10T01:46:11.052Z,0,0,3.3
2026-06-10T01:46:11.253Z,0,0,3.3
2026-06-10T01:46:11.455Z,0.01,0.033,3.3
2026-06-10T01:46:11.656Z,0.01,0.033,3.3
2026-06-10T01:46:11.856Z,0.01,0.033,3.3
2026-06-10T01:46:12.058Z,0,0,3.3
2026-06-10T01:46:12.260Z,0.01,0.033,3.3
2026-06-10T01:46:12.461Z,0.01,0.033,3.3
2026-06-10T01:46:12.663Z,0.01,0.033,3.3
2026-06-10T01:46:12.864Z,0.01,0.033,3.3
2026-06-10T01:46:13.066Z,0.01,0.033,3.3
2026-06-10T01:46:13.268Z,0.01,0.033,3.3
2026-06-10T01:46:13.469Z,0.01,0.033,3.3
2026-06-10T01:46:13.670Z,0.02,0.066,3.3
2026-06-10T01:46:13.871Z,0.02,0.066,3.3
2026-06-10T01:46:14.073Z,0.02,0.066,3.3
2026-06-10T01:46:14.273Z,0.01,0.033,3.3
2026-06-10T01:46:14.475Z,0.01,0.033,3.3
2026-06-10T01:46:14.676Z,0.02,0.066,3.3
2026-06-10T01:46:14.877Z,0.01,0.033,3.3
2026-06-10T01:46:15.079Z,0.01,0.033,3.3
2026-06-10T01:46:15.281Z,0.02,0.066,3.3
2026-06-10T01:46:15.484Z,0.02,0.066,3.3
2026-06-10T01:46:15.686Z,0.02,0.066,3.3
2026-06-10T01:46:15.887Z,0.02,0.066,3.3
2026-06-10T01:46:16.087Z,0.02,0.066,3.3
2026-06-10T01:46:16.289Z,0.02,0.066,3.3
2026-06-10T01:46:16.490Z,0.01,0.033,3.3
2026-06-10T01:46:16.691Z,0.01,0.033,3.3
2026-06-10T01:46:16.892Z,0.01,0.033,3.3
2026-06-10T01:46:17.093Z,0.01,0.033,3.3
2026-06-10T01:46:17.295Z,0.01,0.033,3.3
2026-06-10T01:46:17.496Z,0.02,0.066,3.3
2026-06-10T01:46:17.697Z,0.02,0.066,3.3
2026-06-10T01:46:17.897Z,0.02,0.066,3.3
2026-06-10T01:46:18.099Z,0.01,0.033,3.3
2026-06-10T01:46:18.300Z,0.01,0.033,3.3
2026-06-10T01:46:18.502Z,0.01,0.033,3.3
2026-06-10T01:46:18.705Z,0.01,0.033,3.3
2026-06-10T01:46:18.906Z,0.02,0.066,3.3
2026-06-10T01:46:19.108Z,0.02,0.066,3.3
2026-06-10T01:46:19.310Z,0.01,0.033,3.3
2026-06-10T01:46:19.510Z,0.01,0.033,3.3
2026-06-10T01:46:19.712Z,0.01,0.033,3.3
2026-06-10T01:46:19.914Z,0.01,0.033,3.3
2026-06-10T01:46:20.117Z,0.02,0.066,3.3
2026-06-10T01:46:20.318Z,0.02,0.066,3.3
2026-06-10T01:46:20.519Z,0.02,0.066,3.3
2026-06-10T01:46:20.721Z,0.01,0.033,3.3
2026-06-10T01:46:20.922Z,0.01,0.033,3.3
2026-06-10T01:46:21.125Z,0.01,0.033,3.3
2026-06-10T01:46:21.326Z,0.01,0.033,3.3
2026-06-10T01:46:21.529Z,0,0,3.3
2026-06-10T01:46:21.730Z,0,0,3.3
2026-06-10T01:46:21.932Z,0.01,0.033,3.3
2026-06-10T01:46:22.133Z,0.01,0.033,3.3
2026-06-10T01:46:22.335Z,0.01,0.033,3.3
2026-06-10T01:46:22.536Z,0,0,3.3
2026-06-10T01:46:22.737Z,0.01,0.033,3.3
2026-06-10T01:46:22.938Z,0.02,0.066,3.3
2026-06-10T01:46:23.139Z,0.02,0.066,3.3
2026-06-10T01:46:23.340Z,0.01,0.033,3.3
2026-06-10T01:46:23.540Z,0.01,0.033,3.3
2026-06-10T01:46:23.743Z,0.01,0.033,3.3
2026-06-10T01:46:23.945Z,0.01,0.033,3.3
2026-06-10T01:46:24.147Z,0.01,0.033,3.3
2026-06-10T01:46:24.349Z,0.01,0.033,3.3
2026-06-10T01:46:24.551Z,0.02,0.066,3.3
2026-06-10T01:46:24.752Z,0.02,0.066,3.3
2026-06-10T01:46:24.954Z,0.02,0.066,3.3
2026-06-10T01:46:25.155Z,0.02,0.066,3.3
2026-06-10T01:46:25.362Z,0.01,0.033,3.3
2026-06-10T01:46:25.559Z,0.01,0.033,3.3
2026-06-10T01:46:25.761Z,0.01,0.033,3.3
2026-06-10T01:46:25.962Z,0.02,0.066,3.3
2026-06-10T01:46:26.164Z,0.02,0.066,3.3
2026-06-10T01:46:26.365Z,0.02,0.066,3.3
2026-06-10T01:46:26.566Z,0.02,0.066,3.3
2026-06-10T01:46:26.766Z,0.01,0.033,3.3
2026-06-10T01:46:26.968Z,0.01,0.033,3.3
2026-06-10T01:46:27.170Z,0.01,0.033,3.3
2026-06-10T01:46:27.371Z,0.01,0.033,3.3
2026-06-10T01:46:27.572Z,0.02,0.066,3.3
2026-06-10T01:46:27.775Z,0.01,0.033,3.3
2026-06-10T01:46:27.976Z,0.02,0.066,3.3
2026-06-10T01:46:28.179Z,0.02,0.066,3.3
2026-06-10T01:46:28.382Z,0.02,0.066,3.3
2026-06-10T01:46:28.584Z,0.02,0.066,3.3
2026-06-10T01:46:28.786Z,0.01,0.033,3.3
2026-06-10T01:46:28.988Z,0.01,0.033,3.3
2026-06-10T01:46:29.189Z,0.01,0.033,3.3
2026-06-10T01:46:29.391Z,0.01,0.033,3.3
2026-06-10T01:46:29.592Z,0.01,0.033,3.3
2026-06-10T01:46:29.794Z,0.01,0.033,3.3
2026-06-10T01:46:29.995Z,0.01,0.033,3.3
2026-06-10T01:46:30.196Z,0.02,0.066,3.3
2026-06-10T01:46:30.397Z,0.02,0.066,3.3
2026-06-10T01:46:30.599Z,0.02,0.066,3.3
2026-06-10T01:46:30.801Z,0.02,0.066,3.3
2026-06-10T01:46:31.003Z,0.01,0.033,3.3
2026-06-10T01:46:31.205Z,0.01,0.033,3.3
2026-06-10T01:46:31.406Z,0.02,0.066,3.3
2026-06-10T01:46:31.606Z,0.02,0.066,3.3
2026-06-10T01:46:31.807Z,0.02,0.066,3.3
2026-06-10T01:46:32.007Z,0.02,0.066,3.3
2026-06-10T01:46:32.209Z,0.02,0.066,3.3
2026-06-10T01:46:32.410Z,0.01,0.033,3.3
2026-06-10T01:46:32.611Z,0.01,0.033,3.3
2026-06-10T01:46:32.812Z,0.01,0.033,3.3
2026-06-10T01:46:33.014Z,0.01,0.033,3.3
2026-06-10T01:46:33.215Z,0.01,0.033,3.3
2026-06-10T01:46:33.417Z,0.01,0.033,3.3
2026-06-10T01:46:33.617Z,0.01,0.033,3.3
2026-06-10T01:46:33.819Z,0.02,0.066,3.3
2026-06-10T01:46:34.030Z,0.02,0.066,3.3
2026-06-10T01:46:34.223Z,0.02,0.066,3.3
2026-06-10T01:46:34.424Z,0.02,0.066,3.3
2026-06-10T01:46:34.625Z,0.02,0.066,3.3
2026-06-10T01:46:34.825Z,0.01,0.033,3.3
2026-06-10T01:46:35.027Z,0.01,0.033,3.3
2026-06-10T01:46:35.228Z,0.01,0.033,3.3
2026-06-10T01:46:35.430Z,0.02,0.066,3.3
2026-06-10T01:46:35.631Z,0.02,0.066,3.3
2026-06-10T01:46:35.833Z,0.02,0.066,3.3
2026-06-10T01:46:36.034Z,0.02,0.066,3.3
2026-06-10T01:46:36.236Z,0.02,0.066,3.3
2026-06-10T01:46:36.437Z,0.02,0.066,3.3
2026-06-10T01:46:36.640Z,0.01,0.033,3.3
2026-06-10T01:46:36.842Z,0.01,0.033,3.3
2026-06-10T01:46:37.043Z,0.02,0.066,3.3
2026-06-10T01:46:37.244Z,0.02,0.066,3.3
2026-06-10T01:46:37.446Z,0.02,0.066,3.3
2026-06-10T01:46:37.648Z,0.02,0.066,3.3
2026-06-10T01:46:37.850Z,0.02,0.066,3.3
2026-06-10T01:46:38.050Z,0.01,0.033,3.3
2026-06-10T01:46:38.251Z,0.01,0.033,3.3
2026-06-10T01:46:38.453Z,0.01,0.033,3.3
2026-06-10T01:46:38.656Z,0.01,0.033,3.3
2026-06-10T01:46:38.857Z,0.01,0.033,3.3
2026-06-10T01:46:39.058Z,0.01,0.033,3.3
2026-06-10T01:46:39.259Z,0,0,3.3
2026-06-10T01:46:39.461Z,0,0,3.3
2026-06-10T01:46:39.662Z,1.19,3.927,3.3
2026-06-10T01:46:39.864Z,41.19,135.927,3.3
2026-06-10T01:46:40.064Z,64.15,211.695,3.3
2026-06-10T01:46:40.265Z,65.41,215.853,3.3
2026-06-10T01:46:40.467Z,65.99,217.767,3.3
2026-06-10T01:46:40.668Z,72.67,239.811,3.3
2026-06-10T01:46:40.869Z,69.9,230.67,3.3
2026-06-10T01:46:41.070Z,57.62,190.146,3.3
2026-06-10T01:46:41.272Z,54.67,180.411,3.3
2026-06-10T01:46:41.474Z,51.72,170.676,3.3
2026-06-10T01:46:41.676Z,53.98,178.134,3.3
2026-06-10T01:46:41.878Z,61.79,203.907,3.3
2026-06-10T01:46:42.079Z,68.5,226.05,3.3
2026-06-10T01:46:42.279Z,67.89,224.037,3.3
2026-06-10T01:46:42.480Z,62.62,206.646,3.3
2026-06-10T01:46:42.681Z,63.49,209.517,3.3
2026-06-10T01:46:42.882Z,65.01,214.533,3.3
2026-06-10T01:46:43.084Z,65.27,215.391,3.3
2026-06-10T01:46:43.285Z,64.1,211.53,3.3
2026-06-10T01:46:43.486Z,64,211.2,3.3
2026-06-10T01:46:43.687Z,69.78,230.274,3.3
2026-06-10T01:46:43.888Z,127.34,420.222,3.3
2026-06-10T01:46:44.089Z,126.98,419.034,3.3
2026-06-10T01:46:44.291Z,113.69,375.177,3.3
2026-06-10T01:46:44.493Z,101.37,334.521,3.3
2026-06-10T01:46:44.694Z,100.46,331.518,3.3
2026-06-10T01:46:44.896Z,100.76,332.508,3.3
2026-06-10T01:46:45.099Z,99.42,328.086,3.3
2026-06-10T01:46:45.300Z,98.04,323.532,3.3
2026-06-10T01:46:45.502Z,108.4,357.72,3.3
2026-06-10T01:46:45.705Z,124.1,409.53,3.3
2026-06-10T01:46:45.907Z,120.99,399.267,3.3
2026-06-10T01:46:46.110Z,100.66,332.178,3.3
2026-06-10T01:46:46.311Z,93.31,307.923,3.3
2026-06-10T01:46:46.513Z,93.4,308.22,3.3
2026-06-10T01:46:46.715Z,95.47,315.051,3.3
2026-06-10T01:46:46.916Z,95.58,315.414,3.3
2026-06-10T01:46:47.117Z,99.19,327.327,3.3
2026-06-10T01:46:47.320Z,87.18,287.694,3.3
2026-06-10T01:46:47.521Z,60.51,199.683,3.3
2026-06-10T01:46:47.722Z,41.69,137.577,3.3
2026-06-10T01:46:47.924Z,6.95,22.935,3.3
2026-06-10T01:46:48.125Z,0.89,2.937,3.3
2026-06-10T01:46:48.327Z,0.05,0.165,3.3
2026-06-10T01:46:48.529Z,0.02,0.066,3.3
2026-06-10T01:46:48.730Z,0.01,0.033,3.3
2026-06-10T01:46:48.931Z,0.01,0.033,3.3
2026-06-10T01:46:49.131Z,0.01,0.033,3.3
2026-06-10T01:46:49.332Z,0.01,0.033,3.3
2026-06-10T01:46:49.534Z,0.02,0.066,3.3
2026-06-10T01:46:49.735Z,0.02,0.066,3.3
2026-06-10T01:46:49.935Z,0.01,0.033,3.3
2026-06-10T01:46:50.136Z,0.02,0.066,3.3
2026-06-10T01:46:50.338Z,0.01,0.033,3.3
2026-06-10T01:46:50.540Z,0.01,0.033,3.3
2026-06-10T01:46:50.741Z,0.02,0.066,3.3
2026-06-10T01:46:50.941Z,0.01,0.033,3.3
2026-06-10T01:46:51.142Z,0.02,0.066,3.3
2026-06-10T01:46:51.343Z,0.02,0.066,3.3
2026-06-10T01:46:51.545Z,0.02,0.066,3.3
2026-06-10T01:46:51.747Z,0.01,0.033,3.3
2026-06-10T01:46:51.948Z,0.01,0.033,3.3
2026-06-10T01:46:52.151Z,0.01,0.033,3.3
2026-06-10T01:46:52.353Z,0.01,0.033,3.3
2026-06-10T01:46:52.554Z,0.02,0.066,3.3
2026-06-10T01:46:52.756Z,0.02,0.066,3.3
2026-06-10T01:46:52.958Z,0.01,0.033,3.3
2026-06-10T01:46:53.159Z,0.01,0.033,3.3
2026-06-10T01:46:53.362Z,0.01,0.033,3.3
2026-06-10T01:46:53.563Z,0.01,0.033,3.3
2026-06-10T01:46:53.765Z,0.01,0.033,3.3
2026-06-10T01:46:53.967Z,0.02,0.066,3.3
2026-06-10T01:46:54.169Z,0.02,0.066,3.3
2026-06-10T01:46:54.371Z,0.02,0.066,3.3
2026-06-10T01:46:54.573Z,0.02,0.066,3.3
2026-06-10T01:46:54.775Z,0.01,0.033,3.3
2026-06-10T01:46:54.976Z,0.01,0.033,3.3
2026-06-10T01:46:55.178Z,0.01,0.033,3.3
2026-06-10T01:46:55.381Z,0.01,0.033,3.3
2026-06-10T01:46:55.582Z,0.01,0.033,3.3
2026-06-10T01:46:55.784Z,0.01,0.033,3.3
2026-06-10T01:46:55.986Z,0.01,0.033,3.3
2026-06-10T01:46:56.188Z,0.01,0.033,3.3
2026-06-10T01:46:56.390Z,0.02,0.066,3.3
2026-06-10T01:46:56.592Z,0.02,0.066,3.3
2026-06-10T01:46:56.793Z,0.02,0.066,3.3
2026-06-10T01:46:56.994Z,0.02,0.066,3.3
2026-06-10T01:46:57.195Z,0.01,0.033,3.3
2026-06-10T01:46:57.397Z,0.02,0.066,3.3
2026-06-10T01:46:57.599Z,0.02,0.066,3.3
2026-06-10T01:46:57.799Z,0.01,0.033,3.3
2026-06-10T01:46:58.001Z,0.02,0.066,3.3
2026-06-10T01:46:58.201Z,0.02,0.066,3.3
2026-06-10T01:46:58.403Z,0.02,0.066,3.3
2026-06-10T01:46:58.603Z,0.02,0.066,3.3
2026-06-10T01:46:58.805Z,0.02,0.066,3.3
2026-06-10T01:46:59.005Z,0.01,0.033,3.3
2026-06-10T01:46:59.207Z,0.01,0.033,3.3
2026-06-10T01:46:59.408Z,0.01,0.033,3.3
2026-06-10T01:46:59.609Z,0.02,0.066,3.3
2026-06-10T01:46:59.809Z,0.02,0.066,3.3
2026-06-10T01:47:00.014Z,0.02,0.066,3.3
2026-06-10T01:47:00.211Z,0.02,0.066,3.3
2026-06-10T01:47:00.412Z,0.02,0.066,3.3
2026-06-10T01:47:00.614Z,0.01,0.033,3.3
2026-06-10T01:47:00.816Z,0.01,0.033,3.3
2026-06-10T01:47:01.017Z,0.01,0.033,3.3
2026-06-10T01:47:01.219Z,0.01,0.033,3.3
2026-06-10T01:47:01.421Z,0.01,0.033,3.3
2026-06-10T01:47:01.623Z,0.01,0.033,3.3
2026-06-10T01:47:01.824Z,0.02,0.066,3.3
2026-06-10T01:47:02.026Z,0.01,0.033,3.3
2026-06-10T01:47:02.227Z,0.02,0.066,3.3
2026-06-10T01:47:02.429Z,0.01,0.033,3.3
2026-06-10T01:47:02.629Z,0.01,0.033,3.3
2026-06-10T01:47:02.830Z,0.01,0.033,3.3
2026-06-10T01:47:03.032Z,0.02,0.066,3.3
2026-06-10T01:47:03.233Z,0.02,0.066,3.3
2026-06-10T01:47:03.433Z,0.02,0.066,3.3
2026-06-10T01:47:03.634Z,0.02,0.066,3.3
2026-06-10T01:47:03.835Z,0.02,0.066,3.3
2026-06-10T01:47:04.037Z,0.01,0.033,3.3
2026-06-10T01:47:04.238Z,0.01,0.033,3.3
2026-06-10T01:47:04.439Z,0.01,0.033,3.3
2026-06-10T01:47:04.642Z,0.02,0.066,3.3
2026-06-10T01:47:04.844Z,0.01,0.033,3.3
2026-06-10T01:47:05.046Z,0.01,0.033,3.3
2026-06-10T01:47:05.248Z,0.01,0.033,3.3
2026-06-10T01:47:05.450Z,0.01,0.033,3.3
2026-06-10T01:47:05.653Z,0.02,0.066,3.3
2026-06-10T01:47:05.854Z,0.02,0.066,3.3
2026-06-10T01:47:06.055Z,0.02,0.066,3.3
2026-06-10T01:47:06.256Z,0.02,0.066,3.3
2026-06-10T01:47:06.457Z,0.02,0.066,3.3
2026-06-10T01:47:06.659Z,0.02,0.066,3.3
2026-06-10T01:47:06.859Z,0.01,0.033,3.3
2026-06-10T01:47:07.061Z,0.01,0.033,3.3
2026-06-10T01:47:07.263Z,0.01,0.033,3.3
2026-06-10T01:47:07.463Z,0.02,0.066,3.3
2026-06-10T01:47:07.664Z,0.01,0.033,3.3
2026-06-10T01:47:07.866Z,0.02,0.066,3.3
2026-06-10T01:47:08.068Z,0.02,0.066,3.3
2026-06-10T01:47:08.269Z,0.02,0.066,3.3
2026-06-10T01:47:08.472Z,0.02,0.066,3.3
2026-06-10T01:47:08.673Z,0.02,0.066,3.3
2026-06-10T01:47:08.873Z,0.02,0.066,3.3
2026-06-10T01:47:09.074Z,0.02,0.066,3.3
2026-06-10T01:47:09.275Z,0.02,0.066,3.3
2026-06-10T01:47:09.475Z,0.01,0.033,3.3
2026-06-10T01:47:09.677Z,0.01,0.033,3.3
2026-06-10T01:47:09.878Z,0.02,0.066,3.3
2026-06-10T01:47:10.080Z,0.02,0.066,3.3
2026-06-10T01:47:10.282Z,0.02,0.066,3.3
2026-06-10T01:47:10.482Z,0.02,0.066,3.3
2026-06-10T01:47:10.683Z,0.01,0.033,3.3
2026-06-10T01:47:10.885Z,0.01,0.033,3.3
2026-06-10T01:47:11.087Z,0.01,0.033,3.3
2026-06-10T01:47:11.288Z,0.01,0.033,3.3
2026-06-10T01:47:11.489Z,0,0,3.3
2026-06-10T01:47:11.690Z,0,0,3.3
2026-06-10T01:47:11.893Z,0,0,3.3
2026-06-10T01:47:12.093Z,0.01,0.033,3.3
2026-06-10T01:47:12.295Z,0.01,0.033,3.3
2026-06-10T01:47:12.496Z,0.01,0.033,3.3
2026-06-10T01:47:12.698Z,0.01,0.033,3.3
2026-06-10T01:47:12.901Z,0.01,0.033,3.3
2026-06-10T01:47:13.104Z,0.01,0.033,3.3
2026-06-10T01:47:13.306Z,0.01,0.033,3.3
2026-06-10T01:47:13.507Z,0.01,0.033,3.3
2026-06-10T01:47:13.709Z,0.01,0.033,3.3
2026-06-10T01:47:13.910Z,0.01,0.033,3.3
2026-06-10T01:47:14.112Z,0.01,0.033,3.3
2026-06-10T01:47:14.314Z,0.02,0.066,3.3
2026-06-10T01:47:14.515Z,0.02,0.066,3.3
2026-06-10T01:47:14.717Z,0.02,0.066,3.3
2026-06-10T01:47:14.918Z,0.02,0.066,3.3
2026-06-10T01:47:15.121Z,0.02,0.066,3.3
2026-06-10T01:47:15.322Z,0.01,0.033,3.3
2026-06-10T01:47:15.523Z,0.01,0.033,3.3
2026-06-10T01:47:15.725Z,0.02,0.066,3.3
2026-06-10T01:47:15.927Z,0.02,0.066,3.3
2026-06-10T01:47:16.128Z,0.02,0.066,3.3
2026-06-10T01:47:16.329Z,0.01,0.033,3.3
2026-06-10T01:47:16.529Z,0.01,0.033,3.3
2026-06-10T01:47:16.730Z,0.01,0.033,3.3
2026-06-10T01:47:16.931Z,0.01,0.033,3.3
2026-06-10T01:47:17.132Z,0.01,0.033,3.3
2026-06-10T01:47:17.336Z,0.01,0.033,3.3
2026-06-10T01:47:17.538Z,0.02,0.066,3.3
2026-06-10T01:47:17.739Z,0.02,0.066,3.3
2026-06-10T01:47:17.940Z,0.02,0.066,3.3
2026-06-10T01:47:18.142Z,0.01,0.033,3.3
2026-06-10T01:47:18.347Z,0.01,0.033,3.3
2026-06-10T01:47:18.544Z,0.01,0.033,3.3
2026-06-10T01:47:18.747Z,0.01,0.033,3.3
2026-06-10T01:47:18.948Z,0.02,0.066,3.3
2026-06-10T01:47:19.149Z,0.01,0.033,3.3
2026-06-10T01:47:19.351Z,0.02,0.066,3.3
2026-06-10T01:47:19.552Z,0.02,0.066,3.3
2026-06-10T01:47:19.753Z,0.02,0.066,3.3
2026-06-10T01:47:19.955Z,0.02,0.066,3.3
2026-06-10T01:47:20.158Z,0.02,0.066,3.3
2026-06-10T01:47:20.361Z,0.01,0.033,3.3
2026-06-10T01:47:20.559Z,0.01,0.033,3.3
2026-06-10T01:47:20.760Z,0.01,0.033,3.3
2026-06-10T01:47:20.961Z,0.01,0.033,3.3
2026-06-10T01:47:21.163Z,0.02,0.066,3.3
2026-06-10T01:47:21.364Z,0.02,0.066,3.3
2026-06-10T01:47:21.565Z,0.02,0.066,3.3
2026-06-10T01:47:21.766Z,0.01,0.033,3.3
2026-06-10T01:47:21.968Z,0.01,0.033,3.3
2026-06-10T01:47:22.168Z,0.01,0.033,3.3
2026-06-10T01:47:22.370Z,0.01,0.033,3.3
2026-06-10T01:47:22.572Z,0.01,0.033,3.3
2026-06-10T01:47:22.773Z,0.02,0.066,3.3
2026-06-10T01:47:22.975Z,0.02,0.066,3.3
2026-06-10T01:47:23.175Z,0.02,0.066,3.3
2026-06-10T01:47:23.377Z,0.01,0.033,3.3
2026-06-10T01:47:23.579Z,0.01,0.033,3.3
2026-06-10T01:47:23.781Z,0.01,0.033,3.3
2026-06-10T01:47:23.983Z,0.01,0.033,3.3
2026-06-10T01:47:24.184Z,0.02,0.066,3.3
2026-06-10T01:47:24.388Z,0.02,0.066,3.3
2026-06-10T01:47:24.588Z,0.02,0.066,3.3
2026-06-10T01:47:24.790Z,0.01,0.033,3.3
2026-06-10T01:47:24.991Z,0.01,0.033,3.3
2026-06-10T01:47:25.192Z,0.01,0.033,3.3
2026-06-10T01:47:25.394Z,0.01,0.033,3.3
2026-06-10T01:47:25.596Z,0.01,0.033,3.3
2026-06-10T01:47:25.797Z,0.02,0.066,3.3
2026-06-10T01:47:25.999Z,0.02,0.066,3.3
2026-06-10T01:47:26.200Z,0.01,0.033,3.3
2026-06-10T01:47:26.401Z,0.01,0.033,3.3
2026-06-10T01:47:26.603Z,0.01,0.033,3.3
2026-06-10T01:47:26.805Z,0.01,0.033,3.3
2026-06-10T01:47:27.006Z,0.01,0.033,3.3
2026-06-10T01:47:27.208Z,0.02,0.066,3.3
2026-06-10T01:47:27.410Z,0.02,0.066,3.3
2026-06-10T01:47:27.610Z,0.02,0.066,3.3
2026-06-10T01:47:27.811Z,0.02,0.066,3.3
2026-06-10T01:47:28.014Z,0.02,0.066,3.3
2026-06-10T01:47:28.214Z,0.01,0.033,3.3
2026-06-10T01:47:28.415Z,0.01,0.033,3.3
2026-06-10T01:47:28.616Z,0.02,0.066,3.3
2026-06-10T01:47:28.817Z,0.02,0.066,3.3
2026-06-10T01:47:29.019Z,0.02,0.066,3.3
2026-06-10T01:47:29.220Z,0.02,0.066,3.3
2026-06-10T01:47:29.422Z,0.01,0.033,3.3
2026-06-10T01:47:29.623Z,0.01,0.033,3.3
2026-06-10T01:47:29.824Z,0.01,0.033,3.3
2026-06-10T01:47:30.026Z,0.01,0.033,3.3
2026-06-10T01:47:30.228Z,0.02,0.066,3.3
2026-06-10T01:47:30.430Z,0.02,0.066,3.3
2026-06-10T01:47:30.631Z,0.02,0.066,3.3
2026-06-10T01:47:30.833Z,0.02,0.066,3.3
2026-06-10T01:47:31.035Z,0.01,0.033,3.3
2026-06-10T01:47:31.236Z,0.01,0.033,3.3
2026-06-10T01:47:31.437Z,0.01,0.033,3.3
2026-06-10T01:47:31.638Z,0.02,0.066,3.3
2026-06-10T01:47:31.840Z,0.02,0.066,3.3
2026-06-10T01:47:32.040Z,0.01,0.033,3.3
2026-06-10T01:47:32.242Z,0.01,0.033,3.3
2026-06-10T01:47:32.444Z,0.01,0.033,3.3
2026-06-10T01:47:32.647Z,0.01,0.033,3.3
2026-06-10T01:47:32.849Z,0.01,0.033,3.3
2026-06-10T01:47:33.051Z,0.02,0.066,3.3
2026-06-10T01:47:33.252Z,0.02,0.066,3.3
2026-06-10T01:47:33.453Z,0.02,0.066,3.3
2026-06-10T01:47:33.654Z,0.02,0.066,3.3
2026-06-10T01:47:33.856Z,0.02,0.066,3.3
2026-06-10T01:47:34.059Z,0.02,0.066,3.3
2026-06-10T01:47:34.260Z,0.01,0.033,3.3
2026-06-10T01:47:34.460Z,0.01,0.033,3.3
2026-06-10T01:47:34.661Z,0.01,0.033,3.3
2026-06-10T01:47:34.861Z,0.01,0.033,3.3
2026-06-10T01:47:35.063Z,0.02,0.066,3.3
2026-06-10T01:47:35.264Z,0.02,0.066,3.3
2026-06-10T01:47:35.465Z,0.02,0.066,3.3
2026-06-10T01:47:35.667Z,0.01,0.033,3.3
2026-06-10T01:47:35.868Z,0.01,0.033,3.3
2026-06-10T01:47:36.070Z,0.01,0.033,3.3
2026-06-10T01:47:36.271Z,0.02,0.066,3.3
2026-06-10T01:47:36.472Z,0.02,0.066,3.3
2026-06-10T01:47:36.672Z,0.01,0.033,3.3
2026-06-10T01:47:36.873Z,0.01,0.033,3.3
2026-06-10T01:47:37.075Z,0,0,3.3
2026-06-10T01:47:37.276Z,0.01,0.033,3.3
2026-06-10T01:47:37.479Z,0.01,0.033,3.3
2026-06-10T01:47:37.680Z,0.01,0.033,3.3
2026-06-10T01:47:37.882Z,0.01,0.033,3.3
2026-06-10T01:47:38.082Z,0.01,0.033,3.3
2026-06-10T01:47:38.285Z,0.01,0.033,3.3
2026-06-10T01:47:38.485Z,0,0,3.3
2026-06-10T01:47:38.687Z,0,0,3.3
2026-06-10T01:47:38.889Z,0,0,3.3
2026-06-10T01:47:39.090Z,0,0,3.3
2026-06-10T01:47:39.292Z,0.01,0.033,3.3
2026-06-10T01:47:39.493Z,0.01,0.033,3.3
2026-06-10T01:47:39.694Z,0.01,0.033,3.3
2026-06-10T01:47:39.894Z,0.01,0.033,3.3
2026-06-10T01:47:40.096Z,0.01,0.033,3.3
2026-06-10T01:47:40.298Z,10,33,3.3
2026-06-10T01:47:40.500Z,50.86,167.838,3.3
2026-06-10T01:47:40.702Z,65.35,215.655,3.3
2026-06-10T01:47:40.904Z,65.11,214.863,3.3
2026-06-10T01:47:41.105Z,69.51,229.383,3.3
2026-06-10T01:47:41.306Z,71.69,236.577,3.3
2026-06-10T01:47:41.508Z,65.49,216.117,3.3
2026-06-10T01:47:41.710Z,56.73,187.209,3.3
2026-06-10T01:47:41.912Z,53.21,175.593,3.3
2026-06-10T01:47:42.114Z,51.72,170.676,3.3
2026-06-10T01:47:42.317Z,55.97,184.701,3.3
2026-06-10T01:47:42.519Z,64.88,214.104,3.3
2026-06-10T01:47:42.720Z,68.51,226.083,3.3
2026-06-10T01:47:42.921Z,65.95,217.635,3.3
2026-06-10T01:47:43.122Z,62.6,206.58,3.3
2026-06-10T01:47:43.324Z,62.99,207.867,3.3
2026-06-10T01:47:43.526Z,62.31,205.623,3.3
2026-06-10T01:47:43.728Z,61.78,203.874,3.3
2026-06-10T01:47:43.929Z,63.09,208.197,3.3
2026-06-10T01:47:44.130Z,64.07,211.431,3.3
2026-06-10T01:47:44.331Z,72.18,238.194,3.3
2026-06-10T01:47:44.532Z,133.96,442.068,3.3
2026-06-10T01:47:44.735Z,129.79,428.307,3.3
2026-06-10T01:47:44.937Z,114.74,378.642,3.3
2026-06-10T01:47:45.139Z,118.8,392.04,3.3
2026-06-10T01:47:45.340Z,117.96,389.268,3.3
2026-06-10T01:47:45.541Z,103.49,341.517,3.3
2026-06-10T01:47:45.743Z,102.87,339.471,3.3
2026-06-10T01:47:45.945Z,101.43,334.719,3.3
2026-06-10T01:47:46.147Z,102.15,337.095,3.3
2026-06-10T01:47:46.351Z,115.47,381.051,3.3
2026-06-10T01:47:46.551Z,120.95,399.135,3.3
2026-06-10T01:47:46.753Z,107.07,353.331,3.3
2026-06-10T01:47:46.955Z,93.71,309.243,3.3
2026-06-10T01:47:47.157Z,92.68,305.844,3.3
2026-06-10T01:47:47.361Z,92.56,305.448,3.3
2026-06-10T01:47:47.558Z,93.78,309.474,3.3
2026-06-10T01:47:47.759Z,93.65,309.045,3.3
2026-06-10T01:47:47.960Z,94.6,312.18,3.3
2026-06-10T01:47:48.162Z,79.57,262.581,3.3
2026-06-10T01:47:48.364Z,55.43,182.919,3.3
2026-06-10T01:47:48.566Z,32.28,106.524,3.3
2026-06-10T01:47:48.767Z,2.17,7.161,3.3
2026-06-10T01:47:48.968Z,0.38,1.254,3.3
2026-06-10T01:47:49.170Z,0.04,0.132,3.3
2026-06-10T01:47:49.376Z,0.03,0.099,3.3
2026-06-10T01:47:49.577Z,0.02,0.066,3.3
2026-06-10T01:47:49.778Z,0.02,0.066,3.3
2026-06-10T01:47:49.979Z,0.02,0.066,3.3
2026-06-10T01:47:50.180Z,0.02,0.066,3.3
2026-06-10T01:47:50.386Z,0.01,0.033,3.3
2026-06-10T01:47:50.587Z,0.01,0.033,3.3
2026-06-10T01:47:50.789Z,0.01,0.033,3.3
2026-06-10T01:47:50.990Z,0.01,0.033,3.3
2026-06-10T01:47:51.191Z,0.01,0.033,3.3
2026-06-10T01:47:51.392Z,0.01,0.033,3.3
2026-06-10T01:47:51.595Z,0.01,0.033,3.3
2026-06-10T01:47:51.795Z,0.01,0.033,3.3
2026-06-10T01:47:51.996Z,0.02,0.066,3.3
2026-06-10T01:47:52.198Z,0.02,0.066,3.3
2026-06-10T01:47:52.402Z,0.02,0.066,3.3
2026-06-10T01:47:52.604Z,0.01,0.033,3.3
2026-06-10T01:47:52.806Z,0,0,3.3
2026-06-10T01:47:53.008Z,0,0,3.3
2026-06-10T01:47:53.209Z,0,0,3.3
2026-06-10T01:47:53.410Z,0,0,3.3
2026-06-10T01:47:53.613Z,0,0,3.3
2026-06-10T01:47:53.815Z,0,0,3.3
2026-06-10T01:47:54.017Z,0.01,0.033,3.3
2026-06-10T01:47:54.218Z,0.01,0.033,3.3
2026-06-10T01:47:54.419Z,0.01,0.033,3.3
2026-06-10T01:47:54.620Z,0.01,0.033,3.3
2026-06-10T01:47:54.821Z,0.01,0.033,3.3
2026-06-10T01:47:55.022Z,0.01,0.033,3.3
2026-06-10T01:47:55.223Z,0.01,0.033,3.3
2026-06-10T01:47:55.425Z,0.01,0.033,3.3
2026-06-10T01:47:55.627Z,0,0,3.3
2026-06-10T01:47:55.829Z,0.01,0.033,3.3
2026-06-10T01:47:56.031Z,0,0,3.3
2026-06-10T01:47:56.232Z,0.01,0.033,3.3
2026-06-10T01:47:56.434Z,0.01,0.033,3.3
2026-06-10T01:47:56.634Z,0.01,0.033,3.3
2026-06-10T01:47:56.836Z,0,0,3.3
2026-06-10T01:47:57.038Z,0.01,0.033,3.3
2026-06-10T01:47:57.240Z,0.01,0.033,3.3
2026-06-10T01:47:57.442Z,0.01,0.033,3.3
2026-06-10T01:47:57.643Z,0,0,3.3
2026-06-10T01:47:57.844Z,0,0,3.3
2026-06-10T01:47:58.045Z,0,0,3.3
2026-06-10T01:47:58.247Z,0,0,3.3
2026-06-10T01:47:58.450Z,0,0,3.3
2026-06-10T01:47:58.651Z,0,0,3.3
2026-06-10T01:47:58.853Z,0,0,3.3
2026-06-10T01:47:59.055Z,0.01,0.033,3.3
2026-06-10T01:47:59.257Z,0.01,0.033,3.3
2026-06-10T01:47:59.459Z,0.01,0.033,3.3
2026-06-10T01:47:59.661Z,0,0,3.3
2026-06-10T01:47:59.862Z,0,0,3.3
2026-06-10T01:48:00.062Z,0,0,3.3
2026-06-10T01:48:00.264Z,0,0,3.3
2026-06-10T01:48:00.466Z,0,0,3.3
2026-06-10T01:48:00.666Z,0,0,3.3
2026-06-10T01:48:00.868Z,0,0,3.3
2026-06-10T01:48:01.069Z,0,0,3.3
2026-06-10T01:48:01.269Z,0,0,3.3
2026-06-10T01:48:01.470Z,0,0,3.3
2026-06-10T01:48:01.672Z,0.01,0.033,3.3
2026-06-10T01:48:01.874Z,0.01,0.033,3.3
2026-06-10T01:48:02.075Z,0.01,0.033,3.3
2026-06-10T01:48:02.276Z,0.01,0.033,3.3
2026-06-10T01:48:02.477Z,0.02,0.066,3.3
2026-06-10T01:48:02.678Z,0.02,0.066,3.3
2026-06-10T01:48:02.881Z,0.02,0.066,3.3
2026-06-10T01:48:03.083Z,0.01,0.033,3.3
2026-06-10T01:48:03.284Z,0.01,0.033,3.3
2026-06-10T01:48:03.485Z,0,0,3.3
2026-06-10T01:48:03.686Z,0,0,3.3
2026-06-10T01:48:03.887Z,0.01,0.033,3.3
2026-06-10T01:48:04.090Z,0.02,0.066,3.3
2026-06-10T01:48:04.290Z,0.01,0.033,3.3
2026-06-10T01:48:04.492Z,0.01,0.033,3.3
2026-06-10T01:48:04.694Z,0.01,0.033,3.3
2026-06-10T01:48:04.895Z,0.02,0.066,3.3
2026-06-10T01:48:05.096Z,0.02,0.066,3.3
2026-06-10T01:48:05.296Z,0.01,0.033,3.3
2026-06-10T01:48:05.498Z,0.02,0.066,3.3
2026-06-10T01:48:05.699Z,0.01,0.033,3.3
2026-06-10T01:48:05.902Z,0.01,0.033,3.3
2026-06-10T01:48:06.104Z,0.01,0.033,3.3
2026-06-10T01:48:06.304Z,0.01,0.033,3.3
2026-06-10T01:48:06.506Z,0.02,0.066,3.3
2026-06-10T01:48:06.706Z,0.02,0.066,3.3
2026-06-10T01:48:06.908Z,0.02,0.066,3.3
2026-06-10T01:48:07.110Z,0.01,0.033,3.3
2026-06-10T01:48:07.312Z,0.01,0.033,3.3
2026-06-10T01:48:07.513Z,0.01,0.033,3.3
2026-06-10T01:48:07.714Z,0.01,0.033,3.3
2026-06-10T01:48:07.914Z,0.02,0.066,3.3
2026-06-10T01:48:08.115Z,0.02,0.066,3.3
2026-06-10T01:48:08.315Z,0.02,0.066,3.3
2026-06-10T01:48:08.517Z,0.02,0.066,3.3
2026-06-10T01:48:08.718Z,0.01,0.033,3.3
2026-06-10T01:48:08.919Z,0.01,0.033,3.3
2026-06-10T01:48:09.121Z,0.01,0.033,3.3
2026-06-10T01:48:09.323Z,0.01,0.033,3.3
2026-06-10T01:48:09.524Z,0.02,0.066,3.3
2026-06-10T01:48:09.725Z,0.02,0.066,3.3
2026-06-10T01:48:09.926Z,0.02,0.066,3.3
2026-06-10T01:48:10.128Z,0.02,0.066,3.3
2026-06-10T01:48:10.328Z,0.01,0.033,3.3
2026-06-10T01:48:10.531Z,0.01,0.033,3.3
2026-06-10T01:48:10.739Z,0.02,0.066,3.3
2026-06-10T01:48:10.938Z,0.02,0.066,3.3
2026-06-10T01:48:11.140Z,0.02,0.066,3.3
2026-06-10T01:48:11.340Z,0.02,0.066,3.3
2026-06-10T01:48:11.541Z,0.02,0.066,3.3
2026-06-10T01:48:11.742Z,0.01,0.033,3.3
2026-06-10T01:48:11.944Z,0.01,0.033,3.3
2026-06-10T01:48:12.146Z,0.01,0.033,3.3
2026-06-10T01:48:12.348Z,0.02,0.066,3.3
2026-06-10T01:48:12.550Z,0.02,0.066,3.3
2026-06-10T01:48:12.752Z,0.02,0.066,3.3
2026-06-10T01:48:12.954Z,0.02,0.066,3.3
2026-06-10T01:48:13.154Z,0.02,0.066,3.3
2026-06-10T01:48:13.360Z,0.01,0.033,3.3
2026-06-10T01:48:13.557Z,0.01,0.033,3.3
2026-06-10T01:48:13.759Z,0.01,0.033,3.3
2026-06-10T01:48:13.961Z,0.01,0.033,3.3
2026-06-10T01:48:14.162Z,0.01,0.033,3.3
2026-06-10T01:48:14.364Z,0.01,0.033,3.3
2026-06-10T01:48:14.567Z,0.01,0.033,3.3
2026-06-10T01:48:14.769Z,0.02,0.066,3.3
2026-06-10T01:48:14.971Z,0.02,0.066,3.3
2026-06-10T01:48:15.173Z,0.01,0.033,3.3
2026-06-10T01:48:15.377Z,0.01,0.033,3.3
2026-06-10T01:48:15.575Z,0.01,0.033,3.3
2026-06-10T01:48:15.777Z,0.01,0.033,3.3
2026-06-10T01:48:15.979Z,0.01,0.033,3.3
2026-06-10T01:48:16.181Z,0.01,0.033,3.3
2026-06-10T01:48:16.387Z,0.02,0.066,3.3
2026-06-10T01:48:16.589Z,0.02,0.066,3.3
2026-06-10T01:48:16.790Z,0.02,0.066,3.3
2026-06-10T01:48:16.991Z,0.01,0.033,3.3
2026-06-10T01:48:17.193Z,0.01,0.033,3.3
2026-06-10T01:48:17.396Z,0.01,0.033,3.3
2026-06-10T01:48:17.597Z,0.01,0.033,3.3
2026-06-10T01:48:17.798Z,0.02,0.066,3.3
2026-06-10T01:48:18.000Z,0.02,0.066,3.3
2026-06-10T01:48:18.204Z,0.02,0.066,3.3
2026-06-10T01:48:18.403Z,0.01,0.033,3.3
2026-06-10T01:48:18.605Z,0.02,0.066,3.3
2026-06-10T01:48:18.807Z,0.02,0.066,3.3
2026-06-10T01:48:19.009Z,0.01,0.033,3.3
2026-06-10T01:48:19.210Z,0.01,0.033,3.3
2026-06-10T01:48:19.412Z,0.01,0.033,3.3
2026-06-10T01:48:19.614Z,0.02,0.066,3.3
2026-06-10T01:48:19.816Z,0.02,0.066,3.3
2026-06-10T01:48:20.017Z,0.02,0.066,3.3
2026-06-10T01:48:20.218Z,0.02,0.066,3.3
2026-06-10T01:48:20.419Z,0.01,0.033,3.3
2026-06-10T01:48:20.620Z,0.01,0.033,3.3
2026-06-10T01:48:20.821Z,0.02,0.066,3.3
2026-06-10T01:48:21.025Z,0.02,0.066,3.3
2026-06-10T01:48:21.226Z,0.02,0.066,3.3
2026-06-10T01:48:21.427Z,0.02,0.066,3.3
2026-06-10T01:48:21.628Z,0.01,0.033,3.3
2026-06-10T01:48:21.828Z,0.01,0.033,3.3
2026-06-10T01:48:22.030Z,0.01,0.033,3.3
2026-06-10T01:48:22.232Z,0.01,0.033,3.3
2026-06-10T01:48:22.432Z,0.01,0.033,3.3
2026-06-10T01:48:22.633Z,0.01,0.033,3.3
2026-06-10T01:48:22.835Z,0.01,0.033,3.3
2026-06-10T01:48:23.036Z,0.01,0.033,3.3
2026-06-10T01:48:23.240Z,0.01,0.033,3.3
2026-06-10T01:48:23.443Z,0.01,0.033,3.3
2026-06-10T01:48:23.644Z,0.01,0.033,3.3
2026-06-10T01:48:23.846Z,0.02,0.066,3.3
2026-06-10T01:48:24.048Z,0.02,0.066,3.3
2026-06-10T01:48:24.251Z,0.01,0.033,3.3
2026-06-10T01:48:24.452Z,0.01,0.033,3.3
2026-06-10T01:48:24.665Z,0.01,0.033,3.3
2026-06-10T01:48:24.866Z,0.02,0.066,3.3
2026-06-10T01:48:25.069Z,0.02,0.066,3.3
2026-06-10T01:48:25.271Z,0.02,0.066,3.3
2026-06-10T01:48:25.472Z,0.02,0.066,3.3
2026-06-10T01:48:25.673Z,0.02,0.066,3.3
2026-06-10T01:48:25.875Z,0.01,0.033,3.3
2026-06-10T01:48:26.087Z,0.01,0.033,3.3
2026-06-10T01:48:26.282Z,0.01,0.033,3.3
2026-06-10T01:48:26.483Z,0.01,0.033,3.3
2026-06-10T01:48:26.686Z,0.02,0.066,3.3
2026-06-10T01:48:26.887Z,0.02,0.066,3.3
2026-06-10T01:48:27.090Z,0.02,0.066,3.3
2026-06-10T01:48:27.290Z,0.02,0.066,3.3
2026-06-10T01:48:27.491Z,0.02,0.066,3.3
2026-06-10T01:48:27.692Z,0.01,0.033,3.3
2026-06-10T01:48:27.893Z,0.01,0.033,3.3
2026-06-10T01:48:28.095Z,0.01,0.033,3.3
2026-06-10T01:48:28.296Z,0.01,0.033,3.3
2026-06-10T01:48:28.497Z,0.02,0.066,3.3
2026-06-10T01:48:28.699Z,0.02,0.066,3.3
2026-06-10T01:48:28.901Z,0.02,0.066,3.3
2026-06-10T01:48:29.104Z,0.02,0.066,3.3
2026-06-10T01:48:29.306Z,0.02,0.066,3.3
2026-06-10T01:48:29.506Z,0.02,0.066,3.3
2026-06-10T01:48:29.708Z,0.01,0.033,3.3
2026-06-10T01:48:29.909Z,0.01,0.033,3.3
2026-06-10T01:48:30.111Z,0.01,0.033,3.3
2026-06-10T01:48:30.312Z,0.01,0.033,3.3
2026-06-10T01:48:30.514Z,0.01,0.033,3.3
2026-06-10T01:48:30.715Z,0.01,0.033,3.3
2026-06-10T01:48:30.917Z,0,0,3.3
2026-06-10T01:48:31.117Z,0,0,3.3
2026-06-10T01:48:31.319Z,0,0,3.3
2026-06-10T01:48:31.520Z,0.01,0.033,3.3
2026-06-10T01:48:31.721Z,0.01,0.033,3.3
2026-06-10T01:48:31.922Z,0,0,3.3
2026-06-10T01:48:32.123Z,0,0,3.3
2026-06-10T01:48:32.325Z,0,0,3.3
2026-06-10T01:48:32.525Z,0.01,0.033,3.3
2026-06-10T01:48:32.728Z,0,0,3.3
2026-06-10T01:48:32.931Z,0,0,3.3
2026-06-10T01:48:33.132Z,0.01,0.033,3.3
2026-06-10T01:48:33.332Z,0.01,0.033,3.3
2026-06-10T01:48:33.532Z,0.01,0.033,3.3
2026-06-10T01:48:33.734Z,0,0,3.3
2026-06-10T01:48:33.935Z,0.01,0.033,3.3
2026-06-10T01:48:34.136Z,0.01,0.033,3.3
2026-06-10T01:48:34.341Z,0.01,0.033,3.3
2026-06-10T01:48:34.539Z,0.01,0.033,3.3
2026-06-10T01:48:34.740Z,0.01,0.033,3.3
2026-06-10T01:48:34.942Z,0.01,0.033,3.3
2026-06-10T01:48:35.143Z,0.01,0.033,3.3
2026-06-10T01:48:35.347Z,0.01,0.033,3.3
2026-06-10T01:48:35.548Z,0.01,0.033,3.3
2026-06-10T01:48:35.749Z,0.01,0.033,3.3
2026-06-10T01:48:35.950Z,0.01,0.033,3.3
2026-06-10T01:48:36.152Z,0.01,0.033,3.3
2026-06-10T01:48:36.361Z,0.01,0.033,3.3
2026-06-10T01:48:36.555Z,0.01,0.033,3.3
2026-06-10T01:48:36.756Z,0.01,0.033,3.3
2026-06-10T01:48:36.958Z,0.01,0.033,3.3
2026-06-10T01:48:37.159Z,0.02,0.066,3.3
2026-06-10T01:48:37.363Z,0.02,0.066,3.3
2026-06-10T01:48:37.559Z,0.02,0.066,3.3
2026-06-10T01:48:37.763Z,0.02,0.066,3.3
2026-06-10T01:48:37.965Z,0.01,0.033,3.3
2026-06-10T01:48:38.167Z,0.01,0.033,3.3
2026-06-10T01:48:38.369Z,0.01,0.033,3.3
2026-06-10T01:48:38.571Z,0.02,0.066,3.3
2026-06-10T01:48:38.773Z,0.02,0.066,3.3
2026-06-10T01:48:38.974Z,0.01,0.033,3.3
2026-06-10T01:48:39.174Z,0.01,0.033,3.3
2026-06-10T01:48:39.379Z,0.01,0.033,3.3
2026-06-10T01:48:39.580Z,0.02,0.066,3.3
2026-06-10T01:48:39.782Z,0.02,0.066,3.3
2026-06-10T01:48:39.982Z,6.91,22.803,3.3
2026-06-10T01:48:40.183Z,47.9,158.07,3.3
2026-06-10T01:48:40.386Z,65.04,214.632,3.3
2026-06-10T01:48:40.586Z,65.21,215.193,3.3
2026-06-10T01:48:40.788Z,68.11,224.763,3.3
2026-06-10T01:48:40.990Z,71.86,237.138,3.3
2026-06-10T01:48:41.193Z,67,221.1,3.3
2026-06-10T01:48:41.395Z,56.78,187.374,3.3
2026-06-10T01:48:41.596Z,53.71,177.243,3.3
2026-06-10T01:48:41.800Z,51.74,170.742,3.3
2026-06-10T01:48:42.001Z,55.96,184.668,3.3
2026-06-10T01:48:42.202Z,63.53,209.649,3.3
2026-06-10T01:48:42.403Z,68.5,226.05,3.3
2026-06-10T01:48:42.604Z,67.42,222.486,3.3
2026-06-10T01:48:42.806Z,62.65,206.745,3.3
2026-06-10T01:48:43.007Z,64.05,211.365,3.3
2026-06-10T01:48:43.209Z,64.5,212.85,3.3
2026-06-10T01:48:43.412Z,64.65,213.345,3.3
2026-06-10T01:48:43.613Z,61.29,202.257,3.3
2026-06-10T01:48:43.815Z,61.64,203.412,3.3
2026-06-10T01:48:44.018Z,72.22,238.326,3.3
2026-06-10T01:48:44.218Z,127.79,421.707,3.3
2026-06-10T01:48:44.420Z,125.94,415.602,3.3
2026-06-10T01:48:44.622Z,104.02,343.266,3.3
2026-06-10T01:48:44.823Z,104.96,346.368,3.3
2026-06-10T01:48:45.023Z,124.77,411.741,3.3
2026-06-10T01:48:45.225Z,123.31,406.923,3.3
2026-06-10T01:48:45.427Z,102.47,338.151,3.3
2026-06-10T01:48:45.628Z,102.53,338.349,3.3
2026-06-10T01:48:45.829Z,101.96,336.468,3.3
2026-06-10T01:48:46.031Z,101.34,334.422,3.3
2026-06-10T01:48:46.233Z,115.03,379.599,3.3
2026-06-10T01:48:46.435Z,119.8,395.34,3.3
2026-06-10T01:48:46.635Z,105.38,347.754,3.3
2026-06-10T01:48:46.837Z,93.49,308.517,3.3
2026-06-10T01:48:47.038Z,92.66,305.778,3.3
2026-06-10T01:48:47.240Z,92.85,306.405,3.3
2026-06-10T01:48:47.442Z,115.78,382.074,3.3
2026-06-10T01:48:47.642Z,116.53,384.549,3.3
2026-06-10T01:48:47.844Z,98.79,326.007,3.3
2026-06-10T01:48:48.047Z,80.42,265.386,3.3
2026-06-10T01:48:48.248Z,55.47,183.051,3.3
2026-06-10T01:48:48.450Z,33.04,109.032,3.3
2026-06-10T01:48:48.650Z,2.26,7.458,3.3
2026-06-10T01:48:48.851Z,0.42,1.386,3.3
2026-06-10T01:48:49.053Z,0.04,0.132,3.3
2026-06-10T01:48:49.255Z,0.02,0.066,3.3
2026-06-10T01:48:49.459Z,0.02,0.066,3.3
2026-06-10T01:48:49.658Z,0.01,0.033,3.3
2026-06-10T01:48:49.858Z,0.01,0.033,3.3
2026-06-10T01:48:50.060Z,0.01,0.033,3.3
2026-06-10T01:48:50.263Z,0.01,0.033,3.3
2026-06-10T01:48:50.464Z,0.01,0.033,3.3
2026-06-10T01:48:50.665Z,0,0,3.3
2026-06-10T01:48:50.866Z,0,0,3.3
2026-06-10T01:48:51.067Z,0,0,3.3
2026-06-10T01:48:51.268Z,0.01,0.033,3.3
2026-06-10T01:48:51.469Z,0.01,0.033,3.3
2026-06-10T01:48:51.670Z,0.01,0.033,3.3
2026-06-10T01:48:51.871Z,0,0,3.3
2026-06-10T01:48:52.072Z,0,0,3.3
2026-06-10T01:48:52.273Z,0,0,3.3
2026-06-10T01:48:52.474Z,0,0,3.3
2026-06-10T01:48:52.675Z,0,0,3.3
2026-06-10T01:48:52.876Z,0,0,3.3
2026-06-10T01:48:53.077Z,0,0,3.3
2026-06-10T01:48:53.279Z,0.01,0.033,3.3
2026-06-10T01:48:53.480Z,0.01,0.033,3.3
2026-06-10T01:48:53.681Z,0.01,0.033,3.3
2026-06-10T01:48:53.883Z,0,0,3.3
2026-06-10T01:48:54.085Z,0,0,3.3
2026-06-10T01:48:54.287Z,0.01,0.033,3.3
2026-06-10T01:48:54.488Z,0,0,3.3
2026-06-10T01:48:54.690Z,0,0,3.3
2026-06-10T01:48:54.892Z,0,0,3.3
2026-06-10T01:48:55.094Z,0,0,3.3
2026-06-10T01:48:55.230Z,0.01,0.033,3.3
2026-06-10T01:48:55.431Z,0.01,0.033,3.3
2026-06-10T01:48:55.632Z,0.01,0.033,3.3
2026-06-10T01:48:55.834Z,0.01,0.033,3.3
2026-06-10T01:48:56.035Z,0.01,0.033,3.3
2026-06-10T01:48:56.238Z,0.01,0.033,3.3
2026-06-10T01:48:56.440Z,0.01,0.033,3.3
2026-06-10T01:48:56.641Z,0.01,0.033,3.3
2026-06-10T01:48:56.843Z,0,0,3.3
2026-06-10T01:48:57.045Z,0.01,0.033,3.3
2026-06-10T01:48:57.246Z,0.01,0.033,3.3
2026-06-10T01:48:57.449Z,0.01,0.033,3.3
2026-06-10T01:48:57.649Z,0,0,3.3
2026-06-10T01:48:57.850Z,0,0,3.3
2026-06-10T01:48:58.053Z,0,0,3.3
2026-06-10T01:48:58.253Z,0,0,3.3
2026-06-10T01:48:58.456Z,0.01,0.033,3.3
2026-06-10T01:48:58.656Z,0.01,0.033,3.3
2026-06-10T01:48:58.857Z,0,0,3.3
2026-06-10T01:48:59.057Z,0,0,3.3
2026-06-10T01:48:59.258Z,0,0,3.3
2026-06-10T01:48:59.460Z,0,0,3.3
2026-06-10T01:48:59.661Z,0,0,3.3
2026-06-10T01:48:59.863Z,0,0,3.3
2026-06-10T01:49:00.065Z,0,0,3.3
2026-06-10T01:49:00.265Z,0,0,3.3
2026-06-10T01:49:00.468Z,0,0,3.3
2026-06-10T01:49:00.670Z,0,0,3.3
2026-06-10T01:49:00.872Z,0,0,3.3
2026-06-10T01:49:01.074Z,0.01,0.033,3.3
2026-06-10T01:49:01.275Z,0,0,3.3
2026-06-10T01:49:01.477Z,0,0,3.3
2026-06-10T01:49:01.679Z,0,0,3.3
2026-06-10T01:49:01.881Z,0,0,3.3
2026-06-10T01:49:02.083Z,0,0,3.3
2026-06-10T01:49:02.284Z,0,0,3.3
2026-06-10T01:49:02.485Z,0,0,3.3
2026-06-10T01:49:02.685Z,0,0,3.3
2026-06-10T01:49:02.887Z,0,0,3.3
2026-06-10T01:49:03.088Z,0,0,3.3
2026-06-10T01:49:03.292Z,0,0,3.3
2026-06-10T01:49:03.492Z,0,0,3.3
2026-06-10T01:49:03.694Z,0,0,3.3
2026-06-10T01:49:03.896Z,0,0,3.3
2026-06-10T01:49:04.098Z,0,0,3.3
2026-06-10T01:49:04.300Z,0,0,3.3
2026-06-10T01:49:04.501Z,0,0,3.3
2026-06-10T01:49:04.702Z,0,0,3.3
2026-06-10T01:49:04.902Z,0,0,3.3
2026-06-10T01:49:05.104Z,0,0,3.3
2026-06-10T01:49:05.307Z,0,0,3.3
2026-06-10T01:49:05.509Z,0,0,3.3
2026-06-10T01:49:05.710Z,0,0,3.3
2026-06-10T01:49:05.910Z,0,0,3.3
2026-06-10T01:49:06.113Z,0,0,3.3
2026-06-10T01:49:06.316Z,0,0,3.3
2026-06-10T01:49:06.518Z,0,0,3.3
2026-06-10T01:49:06.720Z,0,0,3.3
2026-06-10T01:49:06.922Z,0,0,3.3
2026-06-10T01:49:07.124Z,0,0,3.3
2026-06-10T01:49:07.324Z,0.01,0.033,3.3
2026-06-10T01:49:07.526Z,0.01,0.033,3.3
2026-06-10T01:49:07.727Z,0.01,0.033,3.3
2026-06-10T01:49:07.928Z,0,0,3.3
2026-06-10T01:49:08.130Z,0,0,3.3
2026-06-10T01:49:08.331Z,0,0,3.3
2026-06-10T01:49:08.533Z,0,0,3.3
2026-06-10T01:49:08.734Z,0.01,0.033,3.3
2026-06-10T01:49:08.936Z,0.01,0.033,3.3
2026-06-10T01:49:09.137Z,0,0,3.3
2026-06-10T01:49:09.338Z,0,0,3.3
2026-06-10T01:49:09.539Z,0,0,3.3
2026-06-10T01:49:09.741Z,0,0,3.3
2026-06-10T01:49:09.941Z,0.01,0.033,3.3
2026-06-10T01:49:10.143Z,0,0,3.3
2026-06-10T01:49:10.344Z,0,0,3.3
2026-06-10T01:49:10.546Z,0,0,3.3
2026-06-10T01:49:10.748Z,0,0,3.3
2026-06-10T01:49:10.950Z,0,0,3.3
2026-06-10T01:49:11.152Z,0.01,0.033,3.3
2026-06-10T01:49:11.354Z,0.01,0.033,3.3
2026-06-10T01:49:11.556Z,0.01,0.033,3.3
2026-06-10T01:49:11.756Z,0,0,3.3
2026-06-10T01:49:11.956Z,0.01,0.033,3.3
2026-06-10T01:49:12.158Z,0.01,0.033,3.3
2026-06-10T01:49:12.361Z,0.01,0.033,3.3
2026-06-10T01:49:12.563Z,0.01,0.033,3.3
2026-06-10T01:49:12.765Z,0,0,3.3
2026-06-10T01:49:12.966Z,0.01,0.033,3.3
2026-06-10T01:49:13.168Z,0.01,0.033,3.3
2026-06-10T01:49:13.369Z,0,0,3.3
2026-06-10T01:49:13.571Z,0,0,3.3
2026-06-10T01:49:13.772Z,0,0,3.3
2026-06-10T01:49:13.973Z,0,0,3.3
2026-06-10T01:49:14.174Z,0,0,3.3
2026-06-10T01:49:14.376Z,0,0,3.3
2026-06-10T01:49:14.576Z,0,0,3.3
2026-06-10T01:49:14.778Z,0,0,3.3
2026-06-10T01:49:14.980Z,0,0,3.3
2026-06-10T01:49:15.182Z,0,0,3.3
2026-06-10T01:49:15.386Z,0,0,3.3
2026-06-10T01:49:15.586Z,0,0,3.3
2026-06-10T01:49:15.788Z,0,0,3.3
2026-06-10T01:49:15.989Z,0,0,3.3
2026-06-10T01:49:16.190Z,0,0,3.3
2026-06-10T01:49:16.392Z,0,0,3.3
2026-06-10T01:49:16.592Z,0,0,3.3
2026-06-10T01:49:16.794Z,0,0,3.3
2026-06-10T01:49:16.996Z,0,0,3.3
2026-06-10T01:49:17.197Z,0.01,0.033,3.3
2026-06-10T01:49:17.397Z,0,0,3.3
2026-06-10T01:49:17.600Z,0,0,3.3
2026-06-10T01:49:17.802Z,0,0,3.3
2026-06-10T01:49:18.003Z,0,0,3.3
2026-06-10T01:49:18.205Z,0,0,3.3
2026-06-10T01:49:18.406Z,0,0,3.3
2026-06-10T01:49:18.608Z,0,0,3.3
2026-06-10T01:49:18.810Z,0,0,3.3
2026-06-10T01:49:19.011Z,0,0,3.3
2026-06-10T01:49:19.213Z,0,0,3.3
2026-06-10T01:49:19.414Z,0.01,0.033,3.3
2026-06-10T01:49:19.614Z,0,0,3.3
2026-06-10T01:49:19.815Z,0.01,0.033,3.3
2026-06-10T01:49:20.020Z,0.01,0.033,3.3
2026-06-10T01:49:20.222Z,0.01,0.033,3.3
2026-06-10T01:49:20.423Z,0,0,3.3
2026-06-10T01:49:20.625Z,0.01,0.033,3.3
2026-06-10T01:49:20.827Z,0.01,0.033,3.3
2026-06-10T01:49:21.027Z,0,0,3.3
2026-06-10T01:49:21.229Z,0,0,3.3
2026-06-10T01:49:21.431Z,0,0,3.3
2026-06-10T01:49:21.631Z,0.01,0.033,3.3
2026-06-10T01:49:21.833Z,0.01,0.033,3.3
2026-06-10T01:49:22.033Z,0.01,0.033,3.3
2026-06-10T01:49:22.235Z,0.01,0.033,3.3
2026-06-10T01:49:22.437Z,0.01,0.033,3.3
2026-06-10T01:49:22.639Z,0,0,3.3
2026-06-10T01:49:22.840Z,0,0,3.3
2026-06-10T01:49:23.042Z,0,0,3.3
2026-06-10T01:49:23.242Z,0,0,3.3
2026-06-10T01:49:23.443Z,0.01,0.033,3.3
2026-06-10T01:49:23.645Z,0.01,0.033,3.3
2026-06-10T01:49:23.847Z,0.01,0.033,3.3
2026-06-10T01:49:24.048Z,0,0,3.3
2026-06-10T01:49:24.250Z,0.01,0.033,3.3
2026-06-10T01:49:24.450Z,0.01,0.033,3.3
2026-06-10T01:49:24.651Z,0,0,3.3
2026-06-10T01:49:24.854Z,0.01,0.033,3.3
2026-06-10T01:49:25.055Z,0.01,0.033,3.3
2026-06-10T01:49:25.257Z,0.01,0.033,3.3
2026-06-10T01:49:25.458Z,0.01,0.033,3.3
2026-06-10T01:49:25.660Z,0.01,0.033,3.3
2026-06-10T01:49:25.862Z,0.01,0.033,3.3
2026-06-10T01:49:26.064Z,0,0,3.3
2026-06-10T01:49:26.267Z,0,0,3.3
2026-06-10T01:49:26.469Z,0.01,0.033,3.3
2026-06-10T01:49:26.671Z,0.01,0.033,3.3
2026-06-10T01:49:26.871Z,0,0,3.3
2026-06-10T01:49:27.074Z,0,0,3.3
2026-06-10T01:49:27.275Z,0.01,0.033,3.3
2026-06-10T01:49:27.476Z,0.01,0.033,3.3
2026-06-10T01:49:27.678Z,0,0,3.3
2026-06-10T01:49:27.879Z,0,0,3.3
2026-06-10T01:49:28.081Z,0,0,3.3
2026-06-10T01:49:28.282Z,0,0,3.3
2026-06-10T01:49:28.484Z,0.01,0.033,3.3
2026-06-10T01:49:28.687Z,0.01,0.033,3.3
2026-06-10T01:49:28.889Z,0.02,0.066,3.3
2026-06-10T01:49:29.090Z,0.02,0.066,3.3
2026-06-10T01:49:29.290Z,0.02,0.066,3.3
2026-06-10T01:49:29.492Z,0.02,0.066,3.3
2026-06-10T01:49:29.694Z,0.02,0.066,3.3
2026-06-10T01:49:29.896Z,0.02,0.066,3.3
2026-06-10T01:49:30.097Z,0.02,0.066,3.3
2026-06-10T01:49:30.299Z,0.02,0.066,3.3
2026-06-10T01:49:30.501Z,0.02,0.066,3.3
2026-06-10T01:49:30.703Z,0,0,3.3
2026-06-10T01:49:30.904Z,0.01,0.033,3.3
2026-06-10T01:49:31.106Z,0.01,0.033,3.3
2026-06-10T01:49:31.307Z,0.02,0.066,3.3
2026-06-10T01:49:31.508Z,0.01,0.033,3.3
2026-06-10T01:49:31.710Z,0.01,0.033,3.3
2026-06-10T01:49:31.912Z,0.01,0.033,3.3
2026-06-10T01:49:32.112Z,0.02,0.066,3.3
2026-06-10T01:49:32.324Z,0.02,0.066,3.3
2026-06-10T01:49:32.525Z,0.02,0.066,3.3
2026-06-10T01:49:32.727Z,0.01,0.033,3.3
2026-06-10T01:49:32.929Z,0.01,0.033,3.3
2026-06-10T01:49:33.131Z,0.01,0.033,3.3
2026-06-10T01:49:33.331Z,0.02,0.066,3.3
2026-06-10T01:49:33.534Z,0.02,0.066,3.3
2026-06-10T01:49:33.734Z,0.02,0.066,3.3
2026-06-10T01:49:33.937Z,0.02,0.066,3.3
2026-06-10T01:49:34.137Z,0.02,0.066,3.3
2026-06-10T01:49:34.340Z,0.01,0.033,3.3
2026-06-10T01:49:34.540Z,0.01,0.033,3.3
2026-06-10T01:49:34.741Z,0.01,0.033,3.3
2026-06-10T01:49:34.943Z,0.01,0.033,3.3
2026-06-10T01:49:35.143Z,0.01,0.033,3.3
2026-06-10T01:49:35.344Z,0.01,0.033,3.3
2026-06-10T01:49:35.546Z,0.01,0.033,3.3
2026-06-10T01:49:35.748Z,0.01,0.033,3.3
2026-06-10T01:49:35.949Z,0.01,0.033,3.3
2026-06-10T01:49:36.150Z,0.01,0.033,3.3
2026-06-10T01:49:36.353Z,0.01,0.033,3.3
2026-06-10T01:49:36.552Z,0.01,0.033,3.3
2026-06-10T01:49:36.755Z,0,0,3.3
2026-06-10T01:49:36.956Z,0,0,3.3
2026-06-10T01:49:37.157Z,0,0,3.3
2026-06-10T01:49:37.358Z,0,0,3.3
2026-06-10T01:49:37.560Z,0.01,0.033,3.3
2026-06-10T01:49:37.762Z,0,0,3.3
2026-06-10T01:49:37.962Z,0,0,3.3
2026-06-10T01:49:38.164Z,0,0,3.3
2026-06-10T01:49:38.365Z,0.01,0.033,3.3
2026-06-10T01:49:38.566Z,0.01,0.033,3.3
2026-06-10T01:49:38.768Z,0,0,3.3
2026-06-10T01:49:38.970Z,0,0,3.3
2026-06-10T01:49:39.170Z,0,0,3.3
2026-06-10T01:49:39.371Z,0,0,3.3
2026-06-10T01:49:39.573Z,0,0,3.3
2026-06-10T01:49:39.773Z,0,0,3.3
2026-06-10T01:49:39.975Z,22.39,73.887,3.3
2026-06-10T01:49:40.178Z,61.42,202.686,3.3
2026-06-10T01:49:40.379Z,65.8,217.14,3.3
2026-06-10T01:49:40.581Z,65.23,215.259,3.3
2026-06-10T01:49:40.781Z,72.71,239.943,3.3
2026-06-10T01:49:40.981Z,71.71,236.643,3.3
2026-06-10T01:49:41.182Z,61.65,203.445,3.3
2026-06-10T01:49:41.383Z,56.73,187.209,3.3
2026-06-10T01:49:41.583Z,51.85,171.105,3.3
2026-06-10T01:49:41.784Z,51.82,171.006,3.3
2026-06-10T01:49:41.986Z,58.26,192.258,3.3
2026-06-10T01:49:42.188Z,68.33,225.489,3.3
2026-06-10T01:49:42.389Z,68.68,226.644,3.3
2026-06-10T01:49:42.594Z,63,207.9,3.3
2026-06-10T01:49:42.793Z,62.73,207.009,3.3
2026-06-10T01:49:42.995Z,63.03,207.999,3.3
2026-06-10T01:49:43.198Z,61.99,204.567,3.3
2026-06-10T01:49:43.399Z,61.9,204.27,3.3
2026-06-10T01:49:43.600Z,62.92,207.636,3.3
2026-06-10T01:49:43.801Z,63.83,210.639,3.3
2026-06-10T01:49:44.002Z,84.43,278.619,3.3
2026-06-10T01:49:44.202Z,131.92,435.336,3.3
2026-06-10T01:49:44.404Z,114.32,377.256,3.3
2026-06-10T01:49:44.605Z,118.39,390.687,3.3
2026-06-10T01:49:44.807Z,119.49,394.317,3.3
2026-06-10T01:49:45.008Z,110.59,364.947,3.3
2026-06-10T01:49:45.209Z,103.34,341.022,3.3
2026-06-10T01:49:45.410Z,101.85,336.105,3.3
2026-06-10T01:49:45.612Z,102.3,337.59,3.3
2026-06-10T01:49:45.813Z,104.41,344.553,3.3
2026-06-10T01:49:46.016Z,115,379.5,3.3
2026-06-10T01:49:46.216Z,119.89,395.637,3.3
2026-06-10T01:49:46.417Z,103.75,342.375,3.3
2026-06-10T01:49:46.619Z,93.5,308.55,3.3
2026-06-10T01:49:46.818Z,92.35,304.755,3.3
2026-06-10T01:49:47.020Z,93.51,308.583,3.3
2026-06-10T01:49:47.222Z,94.16,310.728,3.3
2026-06-10T01:49:47.424Z,96.17,317.361,3.3
2026-06-10T01:49:47.626Z,96,316.8,3.3
2026-06-10T01:49:47.828Z,79.58,262.614,3.3
2026-06-10T01:49:48.030Z,55.15,181.995,3.3
2026-06-10T01:49:48.231Z,25.57,84.381,3.3
2026-06-10T01:49:48.432Z,1.96,6.468,3.3
2026-06-10T01:49:48.633Z,0.16,0.528,3.3
2026-06-10T01:49:48.833Z,0.04,0.132,3.3
2026-06-10T01:49:49.035Z,0.03,0.099,3.3
2026-06-10T01:49:49.236Z,0.02,0.066,3.3
2026-06-10T01:49:49.436Z,0.02,0.066,3.3
2026-06-10T01:49:49.640Z,0.02,0.066,3.3
2026-06-10T01:49:49.841Z,0.02,0.066,3.3
2026-06-10T01:49:50.042Z,0.01,0.033,3.3
2026-06-10T01:49:50.243Z,0.01,0.033,3.3
2026-06-10T01:49:50.444Z,0.01,0.033,3.3
2026-06-10T01:49:50.646Z,0.01,0.033,3.3
2026-06-10T01:49:50.847Z,0.01,0.033,3.3
2026-06-10T01:49:51.048Z,0.01,0.033,3.3
2026-06-10T01:49:51.250Z,0.02,0.066,3.3
2026-06-10T01:49:51.452Z,0.02,0.066,3.3
2026-06-10T01:49:51.654Z,0.02,0.066,3.3
2026-06-10T01:49:51.856Z,0.02,0.066,3.3
2026-06-10T01:49:52.058Z,0.01,0.033,3.3
2026-06-10T01:49:52.260Z,0.01,0.033,3.3
2026-06-10T01:49:52.461Z,0,0,3.3
2026-06-10T01:49:52.662Z,0,0,3.3
2026-06-10T01:49:52.864Z,0,0,3.3
2026-06-10T01:49:53.066Z,0,0,3.3
2026-06-10T01:49:53.268Z,0,0,3.3
2026-06-10T01:49:53.470Z,0,0,3.3
2026-06-10T01:49:53.671Z,0,0,3.3
2026-06-10T01:49:53.873Z,0,0,3.3
2026-06-10T01:49:54.075Z,0,0,3.3
2026-06-10T01:49:54.275Z,0,0,3.3
2026-06-10T01:49:54.477Z,0,0,3.3
2026-06-10T01:49:54.679Z,0.01,0.033,3.3
2026-06-10T01:49:54.881Z,0,0,3.3
2026-06-10T01:49:55.081Z,0,0,3.3
2026-06-10T01:49:55.283Z,0,0,3.3
2026-06-10T01:49:55.484Z,0,0,3.3
2026-06-10T01:49:55.686Z,0,0,3.3
2026-06-10T01:49:55.886Z,0,0,3.3
2026-06-10T01:49:56.087Z,0,0,3.3
2026-06-10T01:49:56.297Z,0,0,3.3
2026-06-10T01:49:56.491Z,0,0,3.3
2026-06-10T01:49:56.692Z,0,0,3.3
2026-06-10T01:49:56.894Z,0,0,3.3
2026-06-10T01:49:57.096Z,0,0,3.3
2026-06-10T01:49:57.299Z,0,0,3.3
2026-06-10T01:49:57.500Z,0,0,3.3
2026-06-10T01:49:57.701Z,0.01,0.033,3.3
2026-06-10T01:49:57.902Z,0.01,0.033,3.3
2026-06-10T01:49:58.103Z,0,0,3.3
2026-06-10T01:49:58.305Z,0,0,3.3
2026-06-10T01:49:58.506Z,0,0,3.3
2026-06-10T01:49:58.707Z,0,0,3.3
2026-06-10T01:49:58.909Z,0.01,0.033,3.3
2026-06-10T01:49:59.110Z,0,0,3.3
2026-06-10T01:49:59.311Z,0,0,3.3
2026-06-10T01:49:59.513Z,0.01,0.033,3.3
2026-06-10T01:49:59.715Z,0,0,3.3
2026-06-10T01:49:59.916Z,0,0,3.3
2026-06-10T01:50:00.117Z,0,0,3.3
2026-06-10T01:50:00.322Z,0,0,3.3
2026-06-10T01:50:00.523Z,0,0,3.3
2026-06-10T01:50:00.725Z,0,0,3.3
2026-06-10T01:50:00.928Z,0,0,3.3
2026-06-10T01:50:01.128Z,0,0,3.3
2026-06-10T01:50:01.331Z,0,0,3.3
2026-06-10T01:50:01.533Z,0,0,3.3
2026-06-10T01:50:01.735Z,0,0,3.3
2026-06-10T01:50:01.937Z,0,0,3.3
2026-06-10T01:50:02.139Z,0,0,3.3
2026-06-10T01:50:02.340Z,0,0,3.3
2026-06-10T01:50:02.542Z,0,0,3.3
2026-06-10T01:50:02.743Z,0,0,3.3
2026-06-10T01:50:02.945Z,0,0,3.3
2026-06-10T01:50:03.145Z,0,0,3.3
2026-06-10T01:50:03.347Z,0,0,3.3
2026-06-10T01:50:03.548Z,0.01,0.033,3.3
2026-06-10T01:50:03.748Z,0.01,0.033,3.3
2026-06-10T01:50:03.953Z,0.01,0.033,3.3
2026-06-10T01:50:04.152Z,0,0,3.3
2026-06-10T01:50:04.355Z,0,0,3.3
2026-06-10T01:50:04.556Z,0.01,0.033,3.3
2026-06-10T01:50:04.757Z,0.01,0.033,3.3
2026-06-10T01:50:04.958Z,0.01,0.033,3.3
2026-06-10T01:50:05.159Z,0,0,3.3
2026-06-10T01:50:05.360Z,0,0,3.3
2026-06-10T01:50:05.562Z,0.01,0.033,3.3
2026-06-10T01:50:05.763Z,0,0,3.3
2026-06-10T01:50:05.963Z,0,0,3.3
2026-06-10T01:50:06.165Z,0,0,3.3
2026-06-10T01:50:06.366Z,0,0,3.3
2026-06-10T01:50:06.567Z,0,0,3.3
2026-06-10T01:50:06.769Z,0,0,3.3
2026-06-10T01:50:06.971Z,0.01,0.033,3.3
2026-06-10T01:50:07.172Z,0.01,0.033,3.3
2026-06-10T01:50:07.374Z,0.01,0.033,3.3
2026-06-10T01:50:07.576Z,0.01,0.033,3.3
2026-06-10T01:50:07.777Z,0.01,0.033,3.3
2026-06-10T01:50:07.977Z,0.02,0.066,3.3
2026-06-10T01:50:08.178Z,0.01,0.033,3.3
2026-06-10T01:50:08.380Z,0.01,0.033,3.3
2026-06-10T01:50:08.580Z,0.01,0.033,3.3
2026-06-10T01:50:08.782Z,0.02,0.066,3.3
2026-06-10T01:50:08.982Z,0.02,0.066,3.3
2026-06-10T01:50:09.183Z,0.02,0.066,3.3
2026-06-10T01:50:09.384Z,0.01,0.033,3.3
2026-06-10T01:50:09.586Z,0.01,0.033,3.3
2026-06-10T01:50:09.788Z,0.01,0.033,3.3
2026-06-10T01:50:09.989Z,0.02,0.066,3.3
2026-06-10T01:50:10.190Z,0.02,0.066,3.3
2026-06-10T01:50:10.392Z,0.02,0.066,3.3
2026-06-10T01:50:10.594Z,0.02,0.066,3.3
2026-06-10T01:50:10.795Z,0.01,0.033,3.3
2026-06-10T01:50:10.996Z,0.01,0.033,3.3
2026-06-10T01:50:11.197Z,0.01,0.033,3.3
2026-06-10T01:50:11.399Z,0.02,0.066,3.3
2026-06-10T01:50:11.601Z,0.02,0.066,3.3
2026-06-10T01:50:11.803Z,0.02,0.066,3.3
2026-06-10T01:50:12.003Z,0.02,0.066,3.3
2026-06-10T01:50:12.204Z,0.02,0.066,3.3
2026-06-10T01:50:12.406Z,0.02,0.066,3.3
2026-06-10T01:50:12.608Z,0.01,0.033,3.3
2026-06-10T01:50:12.810Z,0,0,3.3
2026-06-10T01:50:13.013Z,0,0,3.3
2026-06-10T01:50:13.213Z,0,0,3.3
2026-06-10T01:50:13.415Z,0.01,0.033,3.3
2026-06-10T01:50:13.617Z,0,0,3.3
2026-06-10T01:50:13.819Z,0,0,3.3
2026-06-10T01:50:14.021Z,0.01,0.033,3.3
2026-06-10T01:50:14.223Z,0,0,3.3
2026-06-10T01:50:14.424Z,0,0,3.3
2026-06-10T01:50:14.625Z,0,0,3.3
2026-06-10T01:50:14.827Z,0,0,3.3
2026-06-10T01:50:15.029Z,0,0,3.3
2026-06-10T01:50:15.230Z,0,0,3.3
2026-06-10T01:50:15.432Z,0,0,3.3
2026-06-10T01:50:15.633Z,0,0,3.3
2026-06-10T01:50:15.834Z,0.01,0.033,3.3
2026-06-10T01:50:16.035Z,0.01,0.033,3.3
2026-06-10T01:50:16.237Z,0.01,0.033,3.3
2026-06-10T01:50:16.438Z,0,0,3.3
2026-06-10T01:50:16.640Z,0,0,3.3
2026-06-10T01:50:16.841Z,0,0,3.3
2026-06-10T01:50:17.041Z,0,0,3.3
2026-06-10T01:50:17.241Z,0,0,3.3
2026-06-10T01:50:17.443Z,0,0,3.3
2026-06-10T01:50:17.643Z,0,0,3.3
2026-06-10T01:50:17.845Z,0,0,3.3
2026-06-10T01:50:18.047Z,0.01,0.033,3.3
2026-06-10T01:50:18.249Z,0.01,0.033,3.3
2026-06-10T01:50:18.450Z,0.01,0.033,3.3
2026-06-10T01:50:18.652Z,0.01,0.033,3.3
2026-06-10T01:50:18.853Z,0.01,0.033,3.3
2026-06-10T01:50:19.055Z,0.01,0.033,3.3
2026-06-10T01:50:19.257Z,0,0,3.3
2026-06-10T01:50:19.459Z,0,0,3.3
2026-06-10T01:50:19.661Z,0,0,3.3
2026-06-10T01:50:19.862Z,0,0,3.3
2026-06-10T01:50:20.063Z,0,0,3.3
2026-06-10T01:50:20.265Z,0,0,3.3
2026-06-10T01:50:20.466Z,0,0,3.3
2026-06-10T01:50:20.669Z,0,0,3.3
2026-06-10T01:50:20.869Z,0,0,3.3
2026-06-10T01:50:21.070Z,0.01,0.033,3.3
2026-06-10T01:50:21.273Z,0.01,0.033,3.3
2026-06-10T01:50:21.475Z,0.01,0.033,3.3
2026-06-10T01:50:21.678Z,0,0,3.3
2026-06-10T01:50:21.880Z,0.01,0.033,3.3
2026-06-10T01:50:22.082Z,0.01,0.033,3.3
2026-06-10T01:50:22.286Z,0.01,0.033,3.3
2026-06-10T01:50:22.485Z,0.01,0.033,3.3
2026-06-10T01:50:22.688Z,0.01,0.033,3.3
2026-06-10T01:50:22.889Z,0.01,0.033,3.3
2026-06-10T01:50:23.090Z,0.02,0.066,3.3
2026-06-10T01:50:23.292Z,0.02,0.066,3.3
2026-06-10T01:50:23.492Z,0.02,0.066,3.3
2026-06-10T01:50:23.693Z,0.01,0.033,3.3
2026-06-10T01:50:23.894Z,0.01,0.033,3.3
2026-06-10T01:50:24.097Z,0,0,3.3
2026-06-10T01:50:24.299Z,0.01,0.033,3.3
2026-06-10T01:50:24.499Z,0.02,0.066,3.3
2026-06-10T01:50:24.700Z,0.02,0.066,3.3
2026-06-10T01:50:24.900Z,0.01,0.033,3.3
2026-06-10T01:50:25.103Z,0.01,0.033,3.3
2026-06-10T01:50:25.305Z,0.01,0.033,3.3
2026-06-10T01:50:25.506Z,0.01,0.033,3.3
2026-06-10T01:50:25.708Z,0.02,0.066,3.3
2026-06-10T01:50:25.908Z,0.02,0.066,3.3
2026-06-10T01:50:26.109Z,0.01,0.033,3.3
2026-06-10T01:50:26.313Z,0.01,0.033,3.3
2026-06-10T01:50:26.514Z,0.01,0.033,3.3
2026-06-10T01:50:26.716Z,0.01,0.033,3.3
2026-06-10T01:50:26.917Z,0.01,0.033,3.3
2026-06-10T01:50:27.120Z,0.02,0.066,3.3
2026-06-10T01:50:27.322Z,0.01,0.033,3.3
2026-06-10T01:50:27.523Z,0.01,0.033,3.3
2026-06-10T01:50:27.725Z,0.01,0.033,3.3
2026-06-10T01:50:27.925Z,0.02,0.066,3.3
2026-06-10T01:50:28.127Z,0.02,0.066,3.3
2026-06-10T01:50:28.328Z,0.02,0.066,3.3
2026-06-10T01:50:28.530Z,0.02,0.066,3.3
2026-06-10T01:50:28.731Z,0.02,0.066,3.3
2026-06-10T01:50:28.932Z,0.01,0.033,3.3
2026-06-10T01:50:29.133Z,0.01,0.033,3.3
2026-06-10T01:50:29.338Z,0.01,0.033,3.3
2026-06-10T01:50:29.540Z,0.01,0.033,3.3
2026-06-10T01:50:29.741Z,0.01,0.033,3.3
2026-06-10T01:50:29.942Z,0.02,0.066,3.3
2026-06-10T01:50:30.144Z,0.02,0.066,3.3
2026-06-10T01:50:30.347Z,0.02,0.066,3.3
2026-06-10T01:50:30.548Z,0.02,0.066,3.3
2026-06-10T01:50:30.749Z,0.01,0.033,3.3
2026-06-10T01:50:30.950Z,0.01,0.033,3.3
2026-06-10T01:50:31.151Z,0.01,0.033,3.3
2026-06-10T01:50:31.353Z,0.02,0.066,3.3
2026-06-10T01:50:31.555Z,0.02,0.066,3.3
2026-06-10T01:50:31.756Z,0.02,0.066,3.3
2026-06-10T01:50:31.957Z,0.02,0.066,3.3
2026-06-10T01:50:32.158Z,0.01,0.033,3.3
2026-06-10T01:50:32.359Z,0.01,0.033,3.3
2026-06-10T01:50:32.559Z,0.01,0.033,3.3
2026-06-10T01:50:32.760Z,0.01,0.033,3.3
2026-06-10T01:50:32.962Z,0.01,0.033,3.3
2026-06-10T01:50:33.163Z,0.01,0.033,3.3
2026-06-10T01:50:33.365Z,0.01,0.033,3.3
2026-06-10T01:50:33.566Z,0.02,0.066,3.3
2026-06-10T01:50:33.768Z,0.02,0.066,3.3
2026-06-10T01:50:33.969Z,0.02,0.066,3.3
2026-06-10T01:50:34.170Z,0.02,0.066,3.3
2026-06-10T01:50:34.372Z,0.01,0.033,3.3
2026-06-10T01:50:34.573Z,0.01,0.033,3.3
2026-06-10T01:50:34.773Z,0.01,0.033,3.3
2026-06-10T01:50:34.975Z,0.01,0.033,3.3
2026-06-10T01:50:35.176Z,0.02,0.066,3.3
2026-06-10T01:50:35.377Z,0.02,0.066,3.3
2026-06-10T01:50:35.578Z,0.02,0.066,3.3
2026-06-10T01:50:35.779Z,0.01,0.033,3.3
2026-06-10T01:50:35.981Z,0.01,0.033,3.3
2026-06-10T01:50:36.183Z,0.01,0.033,3.3
2026-06-10T01:50:36.383Z,0.01,0.033,3.3
2026-06-10T01:50:36.585Z,0,0,3.3
2026-06-10T01:50:36.786Z,0,0,3.3
2026-06-10T01:50:36.987Z,0,0,3.3
2026-06-10T01:50:37.188Z,0,0,3.3
2026-06-10T01:50:37.389Z,0,0,3.3
2026-06-10T01:50:37.591Z,0.01,0.033,3.3
2026-06-10T01:50:37.792Z,0,0,3.3
2026-06-10T01:50:37.994Z,0,0,3.3
2026-06-10T01:50:38.194Z,0,0,3.3
2026-06-10T01:50:38.396Z,0,0,3.3
2026-06-10T01:50:38.597Z,0,0,3.3
2026-06-10T01:50:38.798Z,0.01,0.033,3.3
2026-06-10T01:50:38.999Z,0.01,0.033,3.3
2026-06-10T01:50:39.201Z,0.01,0.033,3.3
2026-06-10T01:50:39.403Z,0.01,0.033,3.3
2026-06-10T01:50:39.604Z,2.23,7.359,3.3
2026-06-10T01:50:39.804Z,42.92,141.636,3.3
2026-06-10T01:50:40.005Z,64.46,212.718,3.3
2026-06-10T01:50:40.206Z,65.34,215.622,3.3
2026-06-10T01:50:40.408Z,66.67,220.011,3.3
2026-06-10T01:50:40.611Z,72.22,238.326,3.3
2026-06-10T01:50:40.811Z,68.8,227.04,3.3
2026-06-10T01:50:41.011Z,57.19,188.727,3.3
2026-06-10T01:50:41.213Z,54.38,179.454,3.3
2026-06-10T01:50:41.415Z,51.77,170.841,3.3
2026-06-10T01:50:41.615Z,54.64,180.312,3.3
2026-06-10T01:50:41.817Z,62.39,205.887,3.3
2026-06-10T01:50:42.019Z,68.34,225.522,3.3
2026-06-10T01:50:42.220Z,67.57,222.981,3.3
2026-06-10T01:50:42.423Z,62.55,206.415,3.3
2026-06-10T01:50:42.625Z,63.5,209.55,3.3
2026-06-10T01:50:42.826Z,64.79,213.807,3.3
2026-06-10T01:50:43.027Z,64.89,214.137,3.3
2026-06-10T01:50:43.227Z,63.75,210.375,3.3
2026-06-10T01:50:43.428Z,64.09,211.497,3.3
2026-06-10T01:50:43.630Z,68.77,226.941,3.3
2026-06-10T01:50:43.831Z,124.99,412.467,3.3
2026-06-10T01:50:44.031Z,128.65,424.545,3.3
2026-06-10T01:50:44.232Z,103.77,342.441,3.3
2026-06-10T01:50:44.434Z,115.71,381.843,3.3
2026-06-10T01:50:44.636Z,113.47,374.451,3.3
2026-06-10T01:50:44.838Z,100.91,333.003,3.3
2026-06-10T01:50:45.039Z,99.96,329.868,3.3
2026-06-10T01:50:45.240Z,98.49,325.017,3.3
2026-06-10T01:50:45.444Z,101.28,334.224,3.3
2026-06-10T01:50:45.643Z,114.52,377.916,3.3
2026-06-10T01:50:45.846Z,118.76,391.908,3.3
2026-06-10T01:50:46.047Z,101.55,335.115,3.3
2026-06-10T01:50:46.249Z,91.09,300.597,3.3
2026-06-10T01:50:46.450Z,90.51,298.683,3.3
2026-06-10T01:50:46.652Z,91.3,301.29,3.3
2026-06-10T01:50:46.853Z,93.1,307.23,3.3
2026-06-10T01:50:47.055Z,97.75,322.575,3.3
2026-06-10T01:50:47.257Z,95.65,315.645,3.3
2026-06-10T01:50:47.459Z,79.61,262.713,3.3
2026-06-10T01:50:47.660Z,56.79,187.407,3.3
2026-06-10T01:50:47.861Z,21.82,72.006,3.3
2026-06-10T01:50:48.062Z,2.59,8.547,3.3
2026-06-10T01:50:48.265Z,0.7,2.31,3.3
2026-06-10T01:50:48.466Z,0.04,0.132,3.3
2026-06-10T01:50:48.667Z,0.03,0.099,3.3
2026-06-10T01:50:48.867Z,0.03,0.099,3.3
2026-06-10T01:50:49.069Z,0.02,0.066,3.3
2026-06-10T01:50:49.269Z,0.01,0.033,3.3
2026-06-10T01:50:49.470Z,0.01,0.033,3.3
2026-06-10T01:50:49.672Z,0.01,0.033,3.3
2026-06-10T01:50:49.874Z,0.01,0.033,3.3
2026-06-10T01:50:50.075Z,0.01,0.033,3.3
2026-06-10T01:50:50.275Z,0.01,0.033,3.3
2026-06-10T01:50:50.477Z,0.02,0.066,3.3
2026-06-10T01:50:50.678Z,0.02,0.066,3.3
2026-06-10T01:50:50.879Z,0.02,0.066,3.3
2026-06-10T01:50:51.081Z,0.02,0.066,3.3
2026-06-10T01:50:51.283Z,0.01,0.033,3.3
2026-06-10T01:50:51.485Z,0.01,0.033,3.3
2026-06-10T01:50:51.686Z,0.01,0.033,3.3
2026-06-10T01:50:51.886Z,0.01,0.033,3.3
2026-06-10T01:50:52.088Z,0,0,3.3
2026-06-10T01:50:52.290Z,0,0,3.3
2026-06-10T01:50:52.493Z,0,0,3.3
2026-06-10T01:50:52.695Z,0,0,3.3
2026-06-10T01:50:52.898Z,0.01,0.033,3.3
2026-06-10T01:50:53.100Z,0.01,0.033,3.3
2026-06-10T01:50:53.302Z,0.01,0.033,3.3
2026-06-10T01:50:53.505Z,0,0,3.3
2026-06-10T01:50:53.706Z,0,0,3.3
2026-06-10T01:50:53.908Z,0,0,3.3
2026-06-10T01:50:54.109Z,0,0,3.3
2026-06-10T01:50:54.313Z,0,0,3.3
2026-06-10T01:50:54.515Z,0,0,3.3
2026-06-10T01:50:54.716Z,0,0,3.3
2026-06-10T01:50:54.918Z,0,0,3.3
2026-06-10T01:50:55.118Z,0,0,3.3
2026-06-10T01:50:55.323Z,0,0,3.3
2026-06-10T01:50:55.527Z,0,0,3.3
2026-06-10T01:50:55.729Z,0,0,3.3
2026-06-10T01:50:55.929Z,0,0,3.3
2026-06-10T01:50:56.131Z,0,0,3.3
2026-06-10T01:50:56.332Z,0,0,3.3
2026-06-10T01:50:56.534Z,0.01,0.033,3.3
2026-06-10T01:50:56.736Z,0.01,0.033,3.3
2026-06-10T01:50:56.938Z,0.01,0.033,3.3
2026-06-10T01:50:57.138Z,0.01,0.033,3.3
2026-06-10T01:50:57.340Z,0,0,3.3
2026-06-10T01:50:57.540Z,0,0,3.3
2026-06-10T01:50:57.742Z,0,0,3.3
2026-06-10T01:50:57.944Z,0.01,0.033,3.3
2026-06-10T01:50:58.144Z,0.01,0.033,3.3
2026-06-10T01:50:58.346Z,0.01,0.033,3.3
2026-06-10T01:50:58.548Z,0,0,3.3
2026-06-10T01:50:58.750Z,0,0,3.3
2026-06-10T01:50:58.952Z,0,0,3.3
2026-06-10T01:50:59.154Z,0,0,3.3
2026-06-10T01:50:59.356Z,0,0,3.3
2026-06-10T01:50:59.558Z,0,0,3.3
2026-06-10T01:50:59.759Z,0,0,3.3
2026-06-10T01:50:59.960Z,0,0,3.3
2026-06-10T01:51:00.161Z,0,0,3.3
2026-06-10T01:51:00.363Z,0,0,3.3
2026-06-10T01:51:00.564Z,0,0,3.3
2026-06-10T01:51:00.768Z,0,0,3.3
2026-06-10T01:51:00.970Z,0,0,3.3
2026-06-10T01:51:01.171Z,0,0,3.3
2026-06-10T01:51:01.373Z,0,0,3.3
2026-06-10T01:51:01.575Z,0,0,3.3
2026-06-10T01:51:01.776Z,0.01,0.033,3.3
2026-06-10T01:51:01.977Z,0.01,0.033,3.3
2026-06-10T01:51:02.179Z,0,0,3.3
2026-06-10T01:51:02.381Z,0.01,0.033,3.3
2026-06-10T01:51:02.582Z,0.01,0.033,3.3
2026-06-10T01:51:02.782Z,0,0,3.3
2026-06-10T01:51:02.983Z,0,0,3.3
2026-06-10T01:51:03.184Z,0,0,3.3
2026-06-10T01:51:03.385Z,0,0,3.3
2026-06-10T01:51:03.586Z,0,0,3.3
2026-06-10T01:51:03.787Z,0,0,3.3
2026-06-10T01:51:03.989Z,0,0,3.3
2026-06-10T01:51:04.191Z,0,0,3.3
2026-06-10T01:51:04.391Z,0,0,3.3
2026-06-10T01:51:04.593Z,0,0,3.3
2026-06-10T01:51:04.795Z,0,0,3.3
2026-06-10T01:51:04.996Z,0,0,3.3
2026-06-10T01:51:05.199Z,0,0,3.3
2026-06-10T01:51:05.401Z,0,0,3.3
2026-06-10T01:51:05.602Z,0,0,3.3
2026-06-10T01:51:05.802Z,0,0,3.3
2026-06-10T01:51:06.004Z,0,0,3.3
2026-06-10T01:51:06.206Z,0,0,3.3
2026-06-10T01:51:06.408Z,0,0,3.3
2026-06-10T01:51:06.608Z,0,0,3.3
2026-06-10T01:51:06.809Z,0.01,0.033,3.3
2026-06-10T01:51:07.011Z,0,0,3.3
2026-06-10T01:51:07.214Z,0,0,3.3
2026-06-10T01:51:07.415Z,0,0,3.3
2026-06-10T01:51:07.616Z,0,0,3.3
2026-06-10T01:51:07.818Z,0,0,3.3
2026-06-10T01:51:08.019Z,0.01,0.033,3.3
2026-06-10T01:51:08.220Z,0.01,0.033,3.3
2026-06-10T01:51:08.422Z,0.01,0.033,3.3
2026-06-10T01:51:08.624Z,0,0,3.3
2026-06-10T01:51:08.826Z,0,0,3.3
2026-06-10T01:51:09.026Z,0.01,0.033,3.3
2026-06-10T01:51:09.228Z,0,0,3.3
2026-06-10T01:51:09.430Z,0,0,3.3
2026-06-10T01:51:09.633Z,0,0,3.3
2026-06-10T01:51:09.834Z,0,0,3.3
2026-06-10T01:51:10.035Z,0,0,3.3
2026-06-10T01:51:10.237Z,0,0,3.3
2026-06-10T01:51:10.437Z,0,0,3.3
2026-06-10T01:51:10.639Z,0.01,0.033,3.3
2026-06-10T01:51:10.839Z,0,0,3.3
2026-06-10T01:51:11.041Z,0,0,3.3
2026-06-10T01:51:11.243Z,0,0,3.3
2026-06-10T01:51:11.445Z,0,0,3.3
2026-06-10T01:51:11.646Z,0,0,3.3
2026-06-10T01:51:11.848Z,0,0,3.3
2026-06-10T01:51:12.048Z,0,0,3.3
2026-06-10T01:51:12.250Z,0,0,3.3
2026-06-10T01:51:12.450Z,0,0,3.3
2026-06-10T01:51:12.652Z,0,0,3.3
2026-06-10T01:51:12.854Z,0,0,3.3
2026-06-10T01:51:13.055Z,0.01,0.033,3.3
2026-06-10T01:51:13.258Z,0.01,0.033,3.3
2026-06-10T01:51:13.460Z,0.01,0.033,3.3
2026-06-10T01:51:13.661Z,0.01,0.033,3.3
2026-06-10T01:51:13.863Z,0.01,0.033,3.3
2026-06-10T01:51:14.065Z,0.01,0.033,3.3
2026-06-10T01:51:14.265Z,0,0,3.3
2026-06-10T01:51:14.465Z,0,0,3.3
2026-06-10T01:51:14.666Z,0,0,3.3
2026-06-10T01:51:14.868Z,0,0,3.3
2026-06-10T01:51:15.069Z,0,0,3.3
2026-06-10T01:51:15.271Z,0.01,0.033,3.3
2026-06-10T01:51:15.472Z,0.02,0.066,3.3
2026-06-10T01:51:15.673Z,0.01,0.033,3.3
2026-06-10T01:51:15.875Z,0,0,3.3
2026-06-10T01:51:16.077Z,0,0,3.3
2026-06-10T01:51:16.280Z,0,0,3.3
2026-06-10T01:51:16.481Z,0,0,3.3
2026-06-10T01:51:16.682Z,0,0,3.3
2026-06-10T01:51:16.884Z,0,0,3.3
2026-06-10T01:51:17.084Z,0,0,3.3
2026-06-10T01:51:17.286Z,0,0,3.3
2026-06-10T01:51:17.488Z,0,0,3.3
2026-06-10T01:51:17.688Z,0,0,3.3
2026-06-10T01:51:17.890Z,0,0,3.3
2026-06-10T01:51:18.091Z,0,0,3.3
2026-06-10T01:51:18.301Z,0,0,3.3
2026-06-10T01:51:18.495Z,0,0,3.3
2026-06-10T01:51:18.697Z,0,0,3.3
2026-06-10T01:51:18.899Z,0,0,3.3
2026-06-10T01:51:19.101Z,0,0,3.3
2026-06-10T01:51:19.303Z,0,0,3.3
2026-06-10T01:51:19.503Z,0,0,3.3
2026-06-10T01:51:19.706Z,0,0,3.3
2026-06-10T01:51:19.907Z,0,0,3.3
2026-06-10T01:51:20.107Z,0,0,3.3
2026-06-10T01:51:20.312Z,0,0,3.3
2026-06-10T01:51:20.514Z,0,0,3.3
2026-06-10T01:51:20.716Z,0.01,0.033,3.3
2026-06-10T01:51:20.918Z,0.01,0.033,3.3
2026-06-10T01:51:21.120Z,0,0,3.3
2026-06-10T01:51:21.322Z,0,0,3.3
2026-06-10T01:51:21.524Z,0,0,3.3
2026-06-10T01:51:21.726Z,0,0,3.3
2026-06-10T01:51:21.927Z,0,0,3.3
2026-06-10T01:51:22.130Z,0,0,3.3
2026-06-10T01:51:22.331Z,0,0,3.3
2026-06-10T01:51:22.533Z,0.01,0.033,3.3
2026-06-10T01:51:22.734Z,0.01,0.033,3.3
2026-06-10T01:51:22.935Z,0.01,0.033,3.3
2026-06-10T01:51:23.137Z,0,0,3.3
2026-06-10T01:51:23.338Z,0,0,3.3
2026-06-10T01:51:23.540Z,0,0,3.3
2026-06-10T01:51:23.742Z,0,0,3.3
2026-06-10T01:51:23.942Z,0.01,0.033,3.3
2026-06-10T01:51:24.144Z,0.01,0.033,3.3
2026-06-10T01:51:24.345Z,0,0,3.3
2026-06-10T01:51:24.546Z,0,0,3.3
2026-06-10T01:51:24.748Z,0,0,3.3
2026-06-10T01:51:24.950Z,0,0,3.3
2026-06-10T01:51:25.152Z,0,0,3.3
2026-06-10T01:51:25.354Z,0.01,0.033,3.3
2026-06-10T01:51:25.555Z,0,0,3.3
2026-06-10T01:51:25.756Z,0.01,0.033,3.3
2026-06-10T01:51:25.957Z,0.01,0.033,3.3
2026-06-10T01:51:26.159Z,0.01,0.033,3.3
2026-06-10T01:51:26.360Z,0,0,3.3
2026-06-10T01:51:26.562Z,0,0,3.3
2026-06-10T01:51:26.764Z,0,0,3.3
2026-06-10T01:51:26.964Z,0,0,3.3
2026-06-10T01:51:27.167Z,0,0,3.3
2026-06-10T01:51:27.369Z,0,0,3.3
2026-06-10T01:51:27.571Z,0,0,3.3
2026-06-10T01:51:27.772Z,0.01,0.033,3.3
2026-06-10T01:51:27.974Z,0.01,0.033,3.3
2026-06-10T01:51:28.176Z,0.01,0.033,3.3
2026-06-10T01:51:28.378Z,0.01,0.033,3.3
2026-06-10T01:51:28.579Z,0,0,3.3
2026-06-10T01:51:28.779Z,0,0,3.3
2026-06-10T01:51:28.982Z,0,0,3.3
2026-06-10T01:51:29.184Z,0,0,3.3
2026-06-10T01:51:29.384Z,0,0,3.3
2026-06-10T01:51:29.586Z,0,0,3.3
2026-06-10T01:51:29.789Z,0,0,3.3
2026-06-10T01:51:29.990Z,0,0,3.3
2026-06-10T01:51:30.191Z,0.01,0.033,3.3
2026-06-10T01:51:30.392Z,0.01,0.033,3.3
2026-06-10T01:51:30.594Z,0.01,0.033,3.3
2026-06-10T01:51:30.797Z,0.01,0.033,3.3
2026-06-10T01:51:30.997Z,0,0,3.3
2026-06-10T01:51:31.198Z,0,0,3.3
2026-06-10T01:51:31.399Z,0,0,3.3
2026-06-10T01:51:31.600Z,0,0,3.3
2026-06-10T01:51:31.801Z,0.01,0.033,3.3
2026-06-10T01:51:32.003Z,0.01,0.033,3.3
2026-06-10T01:51:32.205Z,0,0,3.3
2026-06-10T01:51:32.407Z,0,0,3.3
2026-06-10T01:51:32.610Z,0.01,0.033,3.3
2026-06-10T01:51:32.812Z,0.01,0.033,3.3
2026-06-10T01:51:33.013Z,0.01,0.033,3.3
2026-06-10T01:51:33.216Z,0.01,0.033,3.3
2026-06-10T01:51:33.418Z,0.01,0.033,3.3
2026-06-10T01:51:33.618Z,0.01,0.033,3.3
2026-06-10T01:51:33.819Z,0,0,3.3
2026-06-10T01:51:34.022Z,0,0,3.3
2026-06-10T01:51:34.224Z,0,0,3.3
2026-06-10T01:51:34.427Z,0,0,3.3
2026-06-10T01:51:34.629Z,0,0,3.3
2026-06-10T01:51:34.830Z,0,0,3.3
2026-06-10T01:51:35.032Z,0,0,3.3
2026-06-10T01:51:35.234Z,0,0,3.3
2026-06-10T01:51:35.435Z,0,0,3.3
2026-06-10T01:51:35.637Z,0,0,3.3
2026-06-10T01:51:35.838Z,0,0,3.3
2026-06-10T01:51:36.038Z,0,0,3.3
2026-06-10T01:51:36.239Z,0,0,3.3
2026-06-10T01:51:36.442Z,0,0,3.3
2026-06-10T01:51:36.642Z,0,0,3.3
2026-06-10T01:51:36.843Z,0,0,3.3
2026-06-10T01:51:37.044Z,0,0,3.3
2026-06-10T01:51:37.245Z,0,0,3.3
2026-06-10T01:51:37.446Z,0,0,3.3
2026-06-10T01:51:37.647Z,0,0,3.3
2026-06-10T01:51:37.847Z,0,0,3.3
2026-06-10T01:51:38.049Z,0,0,3.3
2026-06-10T01:51:38.249Z,0,0,3.3
2026-06-10T01:51:38.453Z,0,0,3.3
2026-06-10T01:51:38.652Z,0,0,3.3
2026-06-10T01:51:38.854Z,0,0,3.3
2026-06-10T01:51:39.054Z,0,0,3.3
2026-06-10T01:51:39.256Z,0.01,0.033,3.3
2026-06-10T01:51:39.459Z,37.19,122.727,3.3
2026-06-10T01:51:39.660Z,63.86,210.738,3.3
2026-06-10T01:51:39.861Z,65.57,216.381,3.3
2026-06-10T01:51:40.062Z,65.62,216.546,3.3
2026-06-10T01:51:40.264Z,72.81,240.273,3.3
2026-06-10T01:51:40.465Z,70.79,233.607,3.3
2026-06-10T01:51:40.665Z,58.36,192.588,3.3
2026-06-10T01:51:40.867Z,55.31,182.523,3.3
2026-06-10T01:51:41.069Z,51.83,171.039,3.3
2026-06-10T01:51:41.270Z,53.49,176.517,3.3
2026-06-10T01:51:41.472Z,61.05,201.465,3.3
2026-06-10T01:51:41.674Z,68.41,225.753,3.3
2026-06-10T01:51:41.875Z,67.76,223.608,3.3
2026-06-10T01:51:42.076Z,62.6,206.58,3.3
2026-06-10T01:51:42.278Z,63.08,208.164,3.3
2026-06-10T01:51:42.479Z,62.45,206.085,3.3
2026-06-10T01:51:42.681Z,61.97,204.501,3.3
2026-06-10T01:51:42.882Z,63.25,208.725,3.3
2026-06-10T01:51:43.083Z,64.25,212.025,3.3
2026-06-10T01:51:43.285Z,66.06,217.998,3.3
2026-06-10T01:51:43.486Z,127.19,419.727,3.3
2026-06-10T01:51:43.687Z,139.2,459.36,3.3
2026-06-10T01:51:43.888Z,103.68,342.144,3.3
2026-06-10T01:51:44.089Z,114.09,376.497,3.3
2026-06-10T01:51:44.290Z,113.06,373.098,3.3
2026-06-10T01:51:44.492Z,99.05,326.865,3.3
2026-06-10T01:51:44.694Z,100.25,330.825,3.3
2026-06-10T01:51:44.895Z,99.25,327.525,3.3
2026-06-10T01:51:45.096Z,97.41,321.453,3.3
2026-06-10T01:51:45.299Z,101.16,333.828,3.3
2026-06-10T01:51:45.499Z,110.62,365.046,3.3
2026-06-10T01:51:45.700Z,119.68,394.944,3.3
2026-06-10T01:51:45.901Z,115.86,382.338,3.3
2026-06-10T01:51:46.103Z,96.1,317.13,3.3
2026-06-10T01:51:46.305Z,90.87,299.871,3.3
2026-06-10T01:51:46.506Z,91.04,300.432,3.3
2026-06-10T01:51:46.707Z,91.9,303.27,3.3
2026-06-10T01:51:46.909Z,94.25,311.025,3.3
2026-06-10T01:51:47.111Z,98.78,325.974,3.3
2026-06-10T01:51:47.314Z,93.13,307.329,3.3
2026-06-10T01:51:47.515Z,73.18,241.494,3.3
2026-06-10T01:51:47.716Z,52.95,174.735,3.3
2026-06-10T01:51:47.918Z,18.06,59.598,3.3
2026-06-10T01:51:48.120Z,1.76,5.808,3.3
2026-06-10T01:51:48.321Z,0.08,0.264,3.3
2026-06-10T01:51:48.522Z,0.02,0.066,3.3
2026-06-10T01:51:48.723Z,0.01,0.033,3.3
2026-06-10T01:51:48.924Z,0,0,3.3
2026-06-10T01:51:49.124Z,0,0,3.3
2026-06-10T01:51:49.326Z,0,0,3.3
2026-06-10T01:51:49.528Z,0,0,3.3
2026-06-10T01:51:49.730Z,0,0,3.3
2026-06-10T01:51:49.931Z,0,0,3.3
2026-06-10T01:51:50.133Z,0,0,3.3
2026-06-10T01:51:50.334Z,0,0,3.3
2026-06-10T01:51:50.535Z,0,0,3.3
2026-06-10T01:51:50.736Z,0,0,3.3
2026-06-10T01:51:50.938Z,0,0,3.3
2026-06-10T01:51:51.140Z,0,0,3.3
2026-06-10T01:51:51.341Z,0,0,3.3
2026-06-10T01:51:51.543Z,0,0,3.3
2026-06-10T01:51:51.743Z,0,0,3.3
2026-06-10T01:51:51.943Z,0,0,3.3
2026-06-10T01:51:52.145Z,0,0,3.3
2026-06-10T01:51:52.348Z,0,0,3.3
2026-06-10T01:51:52.551Z,0,0,3.3
2026-06-10T01:51:52.753Z,0.01,0.033,3.3
2026-06-10T01:51:52.954Z,0,0,3.3
2026-06-10T01:51:53.155Z,0,0,3.3
2026-06-10T01:51:53.356Z,0,0,3.3
2026-06-10T01:51:53.559Z,0,0,3.3
2026-06-10T01:51:53.760Z,0,0,3.3
2026-06-10T01:51:53.962Z,0,0,3.3
2026-06-10T01:51:54.164Z,0.01,0.033,3.3
2026-06-10T01:51:54.365Z,0.01,0.033,3.3
2026-06-10T01:51:54.566Z,0,0,3.3
2026-06-10T01:51:54.768Z,0,0,3.3
2026-06-10T01:51:54.969Z,0.01,0.033,3.3
2026-06-10T01:51:55.171Z,0.01,0.033,3.3
2026-06-10T01:51:55.374Z,0.01,0.033,3.3
2026-06-10T01:51:55.576Z,0.01,0.033,3.3
2026-06-10T01:51:55.778Z,0.01,0.033,3.3
2026-06-10T01:51:55.978Z,0.01,0.033,3.3
2026-06-10T01:51:56.180Z,0.01,0.033,3.3
2026-06-10T01:51:56.380Z,0.01,0.033,3.3
2026-06-10T01:51:56.583Z,0.01,0.033,3.3
2026-06-10T01:51:56.784Z,0,0,3.3
2026-06-10T01:51:56.984Z,0,0,3.3
2026-06-10T01:51:57.186Z,0,0,3.3
2026-06-10T01:51:57.388Z,0.01,0.033,3.3
2026-06-10T01:51:57.589Z,0.01,0.033,3.3
2026-06-10T01:51:57.791Z,0,0,3.3
2026-06-10T01:51:57.991Z,0,0,3.3
2026-06-10T01:51:58.192Z,0,0,3.3
2026-06-10T01:51:58.395Z,0.01,0.033,3.3
2026-06-10T01:51:58.594Z,0,0,3.3
2026-06-10T01:51:58.797Z,0,0,3.3
2026-06-10T01:51:58.998Z,0,0,3.3
2026-06-10T01:51:59.199Z,0,0,3.3
2026-06-10T01:51:59.400Z,0,0,3.3
2026-06-10T01:51:59.601Z,0,0,3.3
2026-06-10T01:51:59.803Z,0,0,3.3
2026-06-10T01:52:00.014Z,0.01,0.033,3.3
2026-06-10T01:52:00.206Z,0,0,3.3
2026-06-10T01:52:00.410Z,0,0,3.3
2026-06-10T01:52:00.610Z,0,0,3.3
2026-06-10T01:52:00.811Z,0,0,3.3
2026-06-10T01:52:01.014Z,0,0,3.3
2026-06-10T01:52:01.215Z,0,0,3.3
2026-06-10T01:52:01.417Z,0,0,3.3
2026-06-10T01:52:01.619Z,0,0,3.3
2026-06-10T01:52:01.820Z,0,0,3.3
2026-06-10T01:52:02.022Z,0,0,3.3
2026-06-10T01:52:02.224Z,0,0,3.3
2026-06-10T01:52:02.426Z,0,0,3.3
2026-06-10T01:52:02.627Z,0,0,3.3
2026-06-10T01:52:02.827Z,0,0,3.3
2026-06-10T01:52:03.027Z,0,0,3.3
2026-06-10T01:52:03.228Z,0.01,0.033,3.3
2026-06-10T01:52:03.429Z,0.01,0.033,3.3
2026-06-10T01:52:03.629Z,0,0,3.3
2026-06-10T01:52:03.831Z,0.01,0.033,3.3
2026-06-10T01:52:04.033Z,0.01,0.033,3.3
2026-06-10T01:52:04.235Z,0.01,0.033,3.3
2026-06-10T01:52:04.437Z,0,0,3.3
2026-06-10T01:52:04.639Z,0,0,3.3
2026-06-10T01:52:04.841Z,0,0,3.3
2026-06-10T01:52:05.043Z,0,0,3.3
2026-06-10T01:52:05.244Z,0.01,0.033,3.3
2026-06-10T01:52:05.446Z,0.01,0.033,3.3
2026-06-10T01:52:05.648Z,0.01,0.033,3.3
2026-06-10T01:52:05.850Z,0,0,3.3
2026-06-10T01:52:06.050Z,0,0,3.3
2026-06-10T01:52:06.252Z,0.01,0.033,3.3
2026-06-10T01:52:06.452Z,0.01,0.033,3.3
2026-06-10T01:52:06.652Z,0,0,3.3
2026-06-10T01:52:06.854Z,0,0,3.3
2026-06-10T01:52:07.056Z,0,0,3.3
2026-06-10T01:52:07.258Z,0,0,3.3
2026-06-10T01:52:07.461Z,0,0,3.3
2026-06-10T01:52:07.662Z,0,0,3.3
2026-06-10T01:52:07.863Z,0,0,3.3
2026-06-10T01:52:08.062Z,0,0,3.3
2026-06-10T01:52:08.263Z,0,0,3.3
2026-06-10T01:52:08.465Z,0,0,3.3
2026-06-10T01:52:08.667Z,0,0,3.3
2026-06-10T01:52:08.868Z,0,0,3.3
2026-06-10T01:52:09.069Z,0,0,3.3
2026-06-10T01:52:09.271Z,0,0,3.3
2026-06-10T01:52:09.474Z,0,0,3.3
2026-06-10T01:52:09.675Z,0,0,3.3
2026-06-10T01:52:09.876Z,0.01,0.033,3.3
2026-06-10T01:52:10.077Z,0,0,3.3
2026-06-10T01:52:10.279Z,0,0,3.3
2026-06-10T01:52:10.480Z,0,0,3.3
2026-06-10T01:52:10.681Z,0,0,3.3
2026-06-10T01:52:10.884Z,0,0,3.3
2026-06-10T01:52:11.086Z,0,0,3.3
2026-06-10T01:52:11.288Z,0,0,3.3
2026-06-10T01:52:11.488Z,0,0,3.3
2026-06-10T01:52:11.689Z,0,0,3.3
2026-06-10T01:52:11.891Z,0,0,3.3
2026-06-10T01:52:12.093Z,0.01,0.033,3.3
2026-06-10T01:52:12.296Z,0.01,0.033,3.3
2026-06-10T01:52:12.496Z,0.01,0.033,3.3
2026-06-10T01:52:12.697Z,0,0,3.3
2026-06-10T01:52:12.899Z,0,0,3.3
2026-06-10T01:52:13.099Z,0,0,3.3
2026-06-10T01:52:13.301Z,0,0,3.3
2026-06-10T01:52:13.504Z,0,0,3.3
2026-06-10T01:52:13.706Z,0.01,0.033,3.3
2026-06-10T01:52:13.907Z,0.01,0.033,3.3
2026-06-10T01:52:14.109Z,0,0,3.3
2026-06-10T01:52:14.316Z,0,0,3.3
2026-06-10T01:52:14.517Z,0,0,3.3
2026-06-10T01:52:14.718Z,0,0,3.3
2026-06-10T01:52:14.920Z,0,0,3.3
2026-06-10T01:52:15.122Z,0,0,3.3
2026-06-10T01:52:15.322Z,0,0,3.3
2026-06-10T01:52:15.523Z,0,0,3.3
2026-06-10T01:52:15.724Z,0,0,3.3
2026-06-10T01:52:15.926Z,0,0,3.3
2026-06-10T01:52:16.127Z,0,0,3.3
2026-06-10T01:52:16.328Z,0,0,3.3
2026-06-10T01:52:16.530Z,0,0,3.3
2026-06-10T01:52:16.730Z,0,0,3.3
2026-06-10T01:52:16.931Z,0,0,3.3
2026-06-10T01:52:17.132Z,0,0,3.3
2026-06-10T01:52:17.333Z,0.01,0.033,3.3
2026-06-10T01:52:17.535Z,0.01,0.033,3.3
2026-06-10T01:52:17.737Z,0,0,3.3
2026-06-10T01:52:17.939Z,0,0,3.3
2026-06-10T01:52:18.141Z,0,0,3.3
2026-06-10T01:52:18.343Z,0,0,3.3
2026-06-10T01:52:18.544Z,0.01,0.033,3.3
2026-06-10T01:52:18.746Z,0,0,3.3
2026-06-10T01:52:18.949Z,0,0,3.3
2026-06-10T01:52:19.150Z,0,0,3.3
2026-06-10T01:52:19.350Z,0.01,0.033,3.3
2026-06-10T01:52:19.552Z,0,0,3.3
2026-06-10T01:52:19.754Z,0.01,0.033,3.3
2026-06-10T01:52:19.956Z,0,0,3.3
2026-06-10T01:52:20.158Z,0,0,3.3
2026-06-10T01:52:20.359Z,0,0,3.3
2026-06-10T01:52:20.561Z,0,0,3.3
2026-06-10T01:52:20.763Z,0,0,3.3
2026-06-10T01:52:20.963Z,0,0,3.3
2026-06-10T01:52:21.163Z,0.01,0.033,3.3
2026-06-10T01:52:21.366Z,0.01,0.033,3.3
2026-06-10T01:52:21.568Z,0.01,0.033,3.3
2026-06-10T01:52:21.769Z,0,0,3.3
2026-06-10T01:52:21.971Z,0,0,3.3
2026-06-10T01:52:22.173Z,0,0,3.3
2026-06-10T01:52:22.375Z,0,0,3.3
2026-06-10T01:52:22.578Z,0,0,3.3
2026-06-10T01:52:22.779Z,0,0,3.3
2026-06-10T01:52:22.980Z,0,0,3.3
2026-06-10T01:52:23.181Z,0,0,3.3
2026-06-10T01:52:23.383Z,0,0,3.3
2026-06-10T01:52:23.586Z,0.01,0.033,3.3
2026-06-10T01:52:23.787Z,0.01,0.033,3.3
2026-06-10T01:52:23.989Z,0.01,0.033,3.3
2026-06-10T01:52:24.191Z,0,0,3.3
2026-06-10T01:52:24.392Z,0,0,3.3
2026-06-10T01:52:24.593Z,0.01,0.033,3.3
2026-06-10T01:52:24.796Z,0,0,3.3
2026-06-10T01:52:24.997Z,0,0,3.3
2026-06-10T01:52:25.197Z,0,0,3.3
2026-06-10T01:52:25.399Z,0,0,3.3
2026-06-10T01:52:25.601Z,0,0,3.3
2026-06-10T01:52:25.802Z,0.01,0.033,3.3
2026-06-10T01:52:26.003Z,0,0,3.3
2026-06-10T01:52:26.205Z,0,0,3.3
2026-06-10T01:52:26.406Z,0.01,0.033,3.3
2026-06-10T01:52:26.608Z,0,0,3.3
2026-06-10T01:52:26.810Z,0,0,3.3
2026-06-10T01:52:27.010Z,0,0,3.3
2026-06-10T01:52:27.212Z,0,0,3.3
2026-06-10T01:52:27.413Z,0,0,3.3
2026-06-10T01:52:27.616Z,0,0,3.3
2026-06-10T01:52:27.817Z,0,0,3.3
2026-06-10T01:52:28.019Z,0,0,3.3
2026-06-10T01:52:28.221Z,0,0,3.3
2026-06-10T01:52:28.423Z,0.01,0.033,3.3
2026-06-10T01:52:28.625Z,0.01,0.033,3.3
2026-06-10T01:52:28.826Z,0.01,0.033,3.3
2026-06-10T01:52:29.027Z,0.01,0.033,3.3
2026-06-10T01:52:29.229Z,0.01,0.033,3.3
2026-06-10T01:52:29.429Z,0,0,3.3
2026-06-10T01:52:29.631Z,0,0,3.3
2026-06-10T01:52:29.835Z,0,0,3.3
2026-06-10T01:52:30.036Z,0,0,3.3
2026-06-10T01:52:30.237Z,0,0,3.3
2026-06-10T01:52:30.438Z,0,0,3.3
2026-06-10T01:52:30.640Z,0,0,3.3
2026-06-10T01:52:30.841Z,0,0,3.3
2026-06-10T01:52:31.043Z,0,0,3.3
2026-06-10T01:52:31.244Z,0,0,3.3
2026-06-10T01:52:31.446Z,0,0,3.3
2026-06-10T01:52:31.648Z,0,0,3.3
2026-06-10T01:52:31.850Z,0.01,0.033,3.3
2026-06-10T01:52:32.051Z,0,0,3.3
2026-06-10T01:52:32.253Z,0,0,3.3
2026-06-10T01:52:32.454Z,0,0,3.3
2026-06-10T01:52:32.656Z,0.01,0.033,3.3
2026-06-10T01:52:32.856Z,0,0,3.3
2026-06-10T01:52:33.058Z,0,0,3.3
2026-06-10T01:52:33.260Z,0,0,3.3
2026-06-10T01:52:33.460Z,0.01,0.033,3.3
2026-06-10T01:52:33.662Z,0.01,0.033,3.3
2026-06-10T01:52:33.862Z,0,0,3.3
2026-06-10T01:52:34.063Z,0,0,3.3
2026-06-10T01:52:34.265Z,0,0,3.3
2026-06-10T01:52:34.467Z,0,0,3.3
2026-06-10T01:52:34.669Z,0,0,3.3
2026-06-10T01:52:34.871Z,0,0,3.3
2026-06-10T01:52:35.072Z,0,0,3.3
2026-06-10T01:52:35.275Z,0,0,3.3
2026-06-10T01:52:35.476Z,0,0,3.3
2026-06-10T01:52:35.678Z,0,0,3.3
2026-06-10T01:52:35.878Z,0,0,3.3
2026-06-10T01:52:36.079Z,0,0,3.3
2026-06-10T01:52:36.281Z,0,0,3.3
2026-06-10T01:52:36.483Z,0,0,3.3
2026-06-10T01:52:36.685Z,0,0,3.3
2026-06-10T01:52:36.887Z,0,0,3.3
2026-06-10T01:52:37.089Z,0,0,3.3
2026-06-10T01:52:37.298Z,0,0,3.3
2026-06-10T01:52:37.492Z,0,0,3.3
2026-06-10T01:52:37.693Z,0,0,3.3
2026-06-10T01:52:37.893Z,0.01,0.033,3.3
2026-06-10T01:52:38.095Z,0.01,0.033,3.3
2026-06-10T01:52:38.298Z,0.01,0.033,3.3
2026-06-10T01:52:38.499Z,0,0,3.3
2026-06-10T01:52:38.700Z,0,0,3.3
2026-06-10T01:52:38.903Z,0,0,3.3
2026-06-10T01:52:39.103Z,0,0,3.3
2026-06-10T01:52:39.306Z,0,0,3.3
2026-06-10T01:52:39.506Z,0,0,3.3
2026-06-10T01:52:39.707Z,0.01,0.033,3.3
2026-06-10T01:52:39.907Z,0.01,0.033,3.3
2026-06-10T01:52:40.110Z,6.78,22.374,3.3
2026-06-10T01:52:40.313Z,47.81,157.773,3.3
2026-06-10T01:52:40.515Z,65.1,214.83,3.3
2026-06-10T01:52:40.715Z,65.29,215.457,3.3
2026-06-10T01:52:40.917Z,67.9,224.07,3.3
2026-06-10T01:52:41.120Z,72.41,238.953,3.3
2026-06-10T01:52:41.321Z,67.27,221.991,3.3
2026-06-10T01:52:41.522Z,56.65,186.945,3.3
2026-06-10T01:52:41.724Z,54.13,178.629,3.3
2026-06-10T01:52:41.926Z,51.8,170.94,3.3
2026-06-10T01:52:42.127Z,54.87,181.071,3.3
2026-06-10T01:52:42.329Z,62.65,206.745,3.3
2026-06-10T01:52:42.530Z,68.38,225.654,3.3
2026-06-10T01:52:42.730Z,67.69,223.377,3.3
2026-06-10T01:52:42.932Z,62.48,206.184,3.3
2026-06-10T01:52:43.133Z,63.73,210.309,3.3
2026-06-10T01:52:43.339Z,64.84,213.972,3.3
2026-06-10T01:52:43.539Z,65.24,215.292,3.3
2026-06-10T01:52:43.740Z,63.41,209.253,3.3
2026-06-10T01:52:43.942Z,63.9,210.87,3.3
2026-06-10T01:52:44.143Z,77.92,257.136,3.3
2026-06-10T01:52:44.345Z,131.44,433.752,3.3
2026-06-10T01:52:44.547Z,119.81,395.373,3.3
2026-06-10T01:52:44.749Z,102.96,339.768,3.3
2026-06-10T01:52:44.951Z,113.38,374.154,3.3
2026-06-10T01:52:45.153Z,112.64,371.712,3.3
2026-06-10T01:52:45.355Z,100.4,331.32,3.3
2026-06-10T01:52:45.556Z,101.63,335.379,3.3
2026-06-10T01:52:45.758Z,100.54,331.782,3.3
2026-06-10T01:52:45.960Z,99.04,326.832,3.3
2026-06-10T01:52:46.162Z,102.43,338.019,3.3
2026-06-10T01:52:46.364Z,116.42,384.186,3.3
2026-06-10T01:52:46.567Z,121.48,400.884,3.3
2026-06-10T01:52:46.768Z,106.1,350.13,3.3
2026-06-10T01:52:46.970Z,94.12,310.596,3.3
2026-06-10T01:52:47.171Z,92.79,306.207,3.3
2026-06-10T01:52:47.373Z,93.89,309.837,3.3
2026-06-10T01:52:47.573Z,95.72,315.876,3.3
2026-06-10T01:52:47.775Z,99.88,329.604,3.3
2026-06-10T01:52:47.976Z,96.73,319.209,3.3
2026-06-10T01:52:48.177Z,74.98,247.434,3.3
2026-06-10T01:52:48.378Z,55.06,181.698,3.3
2026-06-10T01:52:48.578Z,22.48,74.184,3.3
2026-06-10T01:52:48.779Z,1.66,5.478,3.3
2026-06-10T01:52:48.979Z,0.11,0.363,3.3
2026-06-10T01:52:49.181Z,0.04,0.132,3.3
2026-06-10T01:52:49.382Z,0.02,0.066,3.3
2026-06-10T01:52:49.583Z,0.02,0.066,3.3
2026-06-10T01:52:49.785Z,0.02,0.066,3.3
2026-06-10T01:52:49.986Z,0.02,0.066,3.3
2026-06-10T01:52:50.187Z,0.01,0.033,3.3
2026-06-10T01:52:50.389Z,0.01,0.033,3.3
2026-06-10T01:52:50.591Z,0.01,0.033,3.3
2026-06-10T01:52:50.792Z,0.01,0.033,3.3
2026-06-10T01:52:50.993Z,0.01,0.033,3.3
2026-06-10T01:52:51.194Z,0.01,0.033,3.3
2026-06-10T01:52:51.395Z,0,0,3.3
2026-06-10T01:52:51.596Z,0.01,0.033,3.3
2026-06-10T01:52:51.797Z,0.01,0.033,3.3
2026-06-10T01:52:51.997Z,0.02,0.066,3.3
2026-06-10T01:52:52.199Z,0.01,0.033,3.3
2026-06-10T01:52:52.400Z,0,0,3.3
2026-06-10T01:52:52.603Z,0.01,0.033,3.3
2026-06-10T01:52:52.804Z,0.02,0.066,3.3
2026-06-10T01:52:53.005Z,0.02,0.066,3.3
2026-06-10T01:52:53.208Z,0.01,0.033,3.3
2026-06-10T01:52:53.408Z,0.02,0.066,3.3
2026-06-10T01:52:53.608Z,0.02,0.066,3.3
2026-06-10T01:52:53.811Z,0.02,0.066,3.3
2026-06-10T01:52:54.014Z,0.02,0.066,3.3
2026-06-10T01:52:54.214Z,0.01,0.033,3.3
2026-06-10T01:52:54.416Z,0.01,0.033,3.3
2026-06-10T01:52:54.617Z,0.02,0.066,3.3
2026-06-10T01:52:54.819Z,0.02,0.066,3.3
2026-06-10T01:52:55.020Z,0.02,0.066,3.3
2026-06-10T01:52:55.221Z,0.02,0.066,3.3
2026-06-10T01:52:55.421Z,0.01,0.033,3.3
2026-06-10T01:52:55.623Z,0.02,0.066,3.3
2026-06-10T01:52:55.824Z,0.02,0.066,3.3
2026-06-10T01:52:56.025Z,0.02,0.066,3.3
2026-06-10T01:52:56.225Z,0.01,0.033,3.3
2026-06-10T01:52:56.427Z,0.02,0.066,3.3
2026-06-10T01:52:56.629Z,0.02,0.066,3.3
2026-06-10T01:52:56.832Z,0.02,0.066,3.3
2026-06-10T01:52:57.033Z,0.01,0.033,3.3
2026-06-10T01:52:57.235Z,0.01,0.033,3.3
2026-06-10T01:52:57.437Z,0.01,0.033,3.3
2026-06-10T01:52:57.638Z,0.01,0.033,3.3
2026-06-10T01:52:57.839Z,0.01,0.033,3.3
2026-06-10T01:52:58.040Z,0.01,0.033,3.3
2026-06-10T01:52:58.242Z,0.01,0.033,3.3
2026-06-10T01:52:58.444Z,0,0,3.3
2026-06-10T01:52:58.647Z,0.01,0.033,3.3
2026-06-10T01:52:58.846Z,0.01,0.033,3.3
2026-06-10T01:52:59.048Z,0.01,0.033,3.3
2026-06-10T01:52:59.248Z,0.01,0.033,3.3
2026-06-10T01:52:59.450Z,0.01,0.033,3.3
2026-06-10T01:52:59.652Z,0.01,0.033,3.3
2026-06-10T01:52:59.854Z,0.02,0.066,3.3
2026-06-10T01:53:00.055Z,0.02,0.066,3.3
2026-06-10T01:53:00.256Z,0.01,0.033,3.3
2026-06-10T01:53:00.458Z,0.01,0.033,3.3
2026-06-10T01:53:00.660Z,0.01,0.033,3.3
2026-06-10T01:53:00.861Z,0.01,0.033,3.3
2026-06-10T01:53:01.063Z,0.01,0.033,3.3
2026-06-10T01:53:01.264Z,0.01,0.033,3.3
2026-06-10T01:53:01.465Z,0.01,0.033,3.3
2026-06-10T01:53:01.667Z,0.01,0.033,3.3
2026-06-10T01:53:01.868Z,0,0,3.3
2026-06-10T01:53:02.068Z,0.01,0.033,3.3
2026-06-10T01:53:02.270Z,0.01,0.033,3.3
2026-06-10T01:53:02.472Z,0.01,0.033,3.3
2026-06-10T01:53:02.674Z,0.01,0.033,3.3
2026-06-10T01:53:02.875Z,0.01,0.033,3.3
2026-06-10T01:53:03.076Z,0.01,0.033,3.3
2026-06-10T01:53:03.277Z,0,0,3.3
2026-06-10T01:53:03.479Z,0,0,3.3
2026-06-10T01:53:03.679Z,0,0,3.3
2026-06-10T01:53:03.880Z,0,0,3.3
2026-06-10T01:53:04.081Z,0,0,3.3
2026-06-10T01:53:04.282Z,0,0,3.3
2026-06-10T01:53:04.485Z,0.01,0.033,3.3
2026-06-10T01:53:04.686Z,0.01,0.033,3.3
2026-06-10T01:53:04.888Z,0.01,0.033,3.3
2026-06-10T01:53:05.088Z,0.01,0.033,3.3
2026-06-10T01:53:05.292Z,0.01,0.033,3.3
2026-06-10T01:53:05.490Z,0,0,3.3
2026-06-10T01:53:05.692Z,0,0,3.3
2026-06-10T01:53:05.893Z,0,0,3.3
2026-06-10T01:53:06.095Z,0,0,3.3
2026-06-10T01:53:06.297Z,0,0,3.3
2026-06-10T01:53:06.498Z,0,0,3.3
2026-06-10T01:53:06.699Z,0,0,3.3
2026-06-10T01:53:06.899Z,0,0,3.3
2026-06-10T01:53:07.102Z,0,0,3.3
2026-06-10T01:53:07.305Z,0.01,0.033,3.3
2026-06-10T01:53:07.506Z,0,0,3.3
2026-06-10T01:53:07.707Z,0.01,0.033,3.3
2026-06-10T01:53:07.908Z,0.01,0.033,3.3
2026-06-10T01:53:08.109Z,0.01,0.033,3.3
2026-06-10T01:53:08.312Z,0,0,3.3
2026-06-10T01:53:08.513Z,0,0,3.3
2026-06-10T01:53:08.714Z,0,0,3.3
2026-06-10T01:53:08.914Z,0.01,0.033,3.3
2026-06-10T01:53:09.116Z,0.01,0.033,3.3
2026-06-10T01:53:09.321Z,0.01,0.033,3.3
2026-06-10T01:53:09.522Z,0.01,0.033,3.3
2026-06-10T01:53:09.723Z,0,0,3.3
2026-06-10T01:53:09.925Z,0,0,3.3
2026-06-10T01:53:10.126Z,0,0,3.3
2026-06-10T01:53:10.328Z,0,0,3.3
2026-06-10T01:53:10.529Z,0,0,3.3
2026-06-10T01:53:10.730Z,0,0,3.3
2026-06-10T01:53:10.931Z,0,0,3.3
2026-06-10T01:53:11.133Z,0,0,3.3
2026-06-10T01:53:11.337Z,0,0,3.3
2026-06-10T01:53:11.537Z,0,0,3.3
2026-06-10T01:53:11.740Z,0,0,3.3
2026-06-10T01:53:11.941Z,0,0,3.3
2026-06-10T01:53:12.144Z,0,0,3.3
2026-06-10T01:53:12.344Z,0,0,3.3
2026-06-10T01:53:12.547Z,0,0,3.3
2026-06-10T01:53:12.747Z,0,0,3.3
2026-06-10T01:53:12.947Z,0,0,3.3
2026-06-10T01:53:13.149Z,0,0,3.3
2026-06-10T01:53:13.352Z,0,0,3.3
2026-06-10T01:53:13.553Z,0,0,3.3
2026-06-10T01:53:13.755Z,0,0,3.3
2026-06-10T01:53:13.958Z,0,0,3.3
2026-06-10T01:53:14.160Z,0,0,3.3
2026-06-10T01:53:14.361Z,0,0,3.3
2026-06-10T01:53:14.563Z,0,0,3.3
2026-06-10T01:53:14.765Z,0,0,3.3
2026-06-10T01:53:14.966Z,0,0,3.3
2026-06-10T01:53:15.167Z,0,0,3.3
2026-06-10T01:53:15.368Z,0,0,3.3
2026-06-10T01:53:15.571Z,0,0,3.3
2026-06-10T01:53:15.773Z,0,0,3.3
2026-06-10T01:53:15.973Z,0,0,3.3
2026-06-10T01:53:16.173Z,0,0,3.3
2026-06-10T01:53:16.375Z,0,0,3.3
2026-06-10T01:53:16.577Z,0,0,3.3
2026-06-10T01:53:16.778Z,0,0,3.3
2026-06-10T01:53:16.979Z,0,0,3.3
2026-06-10T01:53:17.180Z,0,0,3.3
2026-06-10T01:53:17.382Z,0,0,3.3
2026-06-10T01:53:17.585Z,0,0,3.3
2026-06-10T01:53:17.786Z,0,0,3.3
2026-06-10T01:53:17.987Z,0,0,3.3
2026-06-10T01:53:18.189Z,0,0,3.3
2026-06-10T01:53:18.390Z,0,0,3.3
2026-06-10T01:53:18.592Z,0,0,3.3
2026-06-10T01:53:18.794Z,0,0,3.3
2026-06-10T01:53:18.994Z,0,0,3.3
2026-06-10T01:53:19.195Z,0,0,3.3
2026-06-10T01:53:19.397Z,0,0,3.3
2026-06-10T01:53:19.598Z,0,0,3.3
2026-06-10T01:53:19.800Z,0,0,3.3
2026-06-10T01:53:20.001Z,0,0,3.3
2026-06-10T01:53:20.202Z,0,0,3.3
2026-06-10T01:53:20.404Z,0,0,3.3
2026-06-10T01:53:20.605Z,0,0,3.3
2026-06-10T01:53:20.807Z,0,0,3.3
2026-06-10T01:53:21.008Z,0,0,3.3
2026-06-10T01:53:21.210Z,0,0,3.3
2026-06-10T01:53:21.412Z,0,0,3.3
2026-06-10T01:53:21.614Z,0,0,3.3
2026-06-10T01:53:21.816Z,0,0,3.3
2026-06-10T01:53:22.017Z,0,0,3.3
2026-06-10T01:53:22.218Z,0,0,3.3
2026-06-10T01:53:22.419Z,0,0,3.3
2026-06-10T01:53:22.619Z,0,0,3.3
2026-06-10T01:53:22.820Z,0,0,3.3
2026-06-10T01:53:23.021Z,0,0,3.3
2026-06-10T01:53:23.222Z,0,0,3.3
2026-06-10T01:53:23.422Z,0,0,3.3
2026-06-10T01:53:23.624Z,0,0,3.3
2026-06-10T01:53:23.826Z,0,0,3.3
2026-06-10T01:53:24.027Z,0,0,3.3
2026-06-10T01:53:24.229Z,0,0,3.3
2026-06-10T01:53:24.430Z,0,0,3.3
2026-06-10T01:53:24.631Z,0,0,3.3
2026-06-10T01:53:24.835Z,0.01,0.033,3.3
2026-06-10T01:53:25.036Z,0.01,0.033,3.3
2026-06-10T01:53:25.237Z,0,0,3.3
2026-06-10T01:53:25.438Z,0,0,3.3
2026-06-10T01:53:25.640Z,0,0,3.3
2026-06-10T01:53:25.841Z,0,0,3.3
2026-06-10T01:53:26.043Z,0,0,3.3
2026-06-10T01:53:26.244Z,0,0,3.3
2026-06-10T01:53:26.444Z,0,0,3.3
2026-06-10T01:53:26.644Z,0,0,3.3
2026-06-10T01:53:26.845Z,0,0,3.3
2026-06-10T01:53:27.046Z,0,0,3.3
2026-06-10T01:53:27.247Z,0.01,0.033,3.3
2026-06-10T01:53:27.448Z,0.01,0.033,3.3
2026-06-10T01:53:27.649Z,0.01,0.033,3.3
2026-06-10T01:53:27.850Z,0.01,0.033,3.3
2026-06-10T01:53:28.051Z,0.01,0.033,3.3
2026-06-10T01:53:28.252Z,0.01,0.033,3.3
2026-06-10T01:53:28.454Z,0,0,3.3
2026-06-10T01:53:28.654Z,0,0,3.3
2026-06-10T01:53:28.855Z,0,0,3.3
2026-06-10T01:53:29.056Z,0,0,3.3
2026-06-10T01:53:29.257Z,0.01,0.033,3.3
2026-06-10T01:53:29.458Z,0,0,3.3
2026-06-10T01:53:29.660Z,0,0,3.3
2026-06-10T01:53:29.861Z,0.01,0.033,3.3
2026-06-10T01:53:30.061Z,0.01,0.033,3.3
2026-06-10T01:53:30.262Z,0.01,0.033,3.3
2026-06-10T01:53:30.463Z,0.01,0.033,3.3
2026-06-10T01:53:30.665Z,0.01,0.033,3.3
2026-06-10T01:53:30.867Z,0,0,3.3
2026-06-10T01:53:31.069Z,0,0,3.3
2026-06-10T01:53:31.270Z,0,0,3.3
2026-06-10T01:53:31.471Z,0,0,3.3
2026-06-10T01:53:31.673Z,0,0,3.3
2026-06-10T01:53:31.874Z,0,0,3.3
2026-06-10T01:53:32.075Z,0,0,3.3
2026-06-10T01:53:32.276Z,0,0,3.3
2026-06-10T01:53:32.477Z,0,0,3.3
2026-06-10T01:53:32.678Z,0,0,3.3
2026-06-10T01:53:32.880Z,0,0,3.3
2026-06-10T01:53:33.081Z,0,0,3.3
2026-06-10T01:53:33.283Z,0,0,3.3
2026-06-10T01:53:33.484Z,0,0,3.3
2026-06-10T01:53:33.684Z,0,0,3.3
2026-06-10T01:53:33.887Z,0,0,3.3
2026-06-10T01:53:34.089Z,0,0,3.3
2026-06-10T01:53:34.290Z,0,0,3.3
2026-06-10T01:53:34.493Z,0,0,3.3
2026-06-10T01:53:34.695Z,0,0,3.3
2026-06-10T01:53:34.897Z,0.01,0.033,3.3
2026-06-10T01:53:35.099Z,0.01,0.033,3.3
2026-06-10T01:53:35.302Z,0.01,0.033,3.3
2026-06-10T01:53:35.503Z,0.01,0.033,3.3
2026-06-10T01:53:35.704Z,0.01,0.033,3.3
2026-06-10T01:53:35.904Z,0.01,0.033,3.3
2026-06-10T01:53:36.105Z,0.01,0.033,3.3
2026-06-10T01:53:36.306Z,0,0,3.3
2026-06-10T01:53:36.514Z,0,0,3.3
2026-06-10T01:53:36.717Z,0,0,3.3
2026-06-10T01:53:36.917Z,0,0,3.3
2026-06-10T01:53:37.118Z,0,0,3.3
2026-06-10T01:53:37.320Z,0,0,3.3
2026-06-10T01:53:37.522Z,0.01,0.033,3.3
2026-06-10T01:53:37.723Z,0.01,0.033,3.3
2026-06-10T01:53:37.925Z,0.01,0.033,3.3
2026-06-10T01:53:38.127Z,0.01,0.033,3.3
2026-06-10T01:53:38.328Z,0.01,0.033,3.3
2026-06-10T01:53:38.530Z,0.01,0.033,3.3
2026-06-10T01:53:38.731Z,0.02,0.066,3.3
2026-06-10T01:53:38.933Z,0.02,0.066,3.3
2026-06-10T01:53:39.134Z,0.02,0.066,3.3
2026-06-10T01:53:39.336Z,0.02,0.066,3.3
2026-06-10T01:53:39.538Z,0.02,0.066,3.3
2026-06-10T01:53:39.739Z,0.01,0.033,3.3
2026-06-10T01:53:39.941Z,0.01,0.033,3.3
2026-06-10T01:53:40.143Z,8.24,27.192,3.3
2026-06-10T01:53:40.344Z,49.09,161.997,3.3
2026-06-10T01:53:40.546Z,65.04,214.632,3.3
2026-06-10T01:53:40.748Z,65.55,216.315,3.3
2026-06-10T01:53:40.951Z,69.14,228.162,3.3
2026-06-10T01:53:41.153Z,72.06,237.798,3.3
2026-06-10T01:53:41.354Z,66.29,218.757,3.3
2026-06-10T01:53:41.557Z,56.61,186.813,3.3
2026-06-10T01:53:41.758Z,53.58,176.814,3.3
2026-06-10T01:53:41.959Z,51.78,170.874,3.3
2026-06-10T01:53:42.161Z,55.55,183.315,3.3
2026-06-10T01:53:42.364Z,64.13,211.629,3.3
2026-06-10T01:53:42.565Z,68.64,226.512,3.3
2026-06-10T01:53:42.766Z,67.34,222.222,3.3
2026-06-10T01:53:42.967Z,62.7,206.91,3.3
2026-06-10T01:53:43.168Z,64.12,211.596,3.3
2026-06-10T01:53:43.369Z,64.94,214.302,3.3
2026-06-10T01:53:43.570Z,65.42,215.886,3.3
2026-06-10T01:53:43.772Z,62.91,207.603,3.3
2026-06-10T01:53:43.972Z,63.68,210.144,3.3
2026-06-10T01:53:44.174Z,93.4,308.22,3.3
2026-06-10T01:53:44.375Z,141.35,466.455,3.3
2026-06-10T01:53:44.578Z,119.31,393.723,3.3
2026-06-10T01:53:44.778Z,103.78,342.474,3.3
2026-06-10T01:53:44.979Z,113.04,373.032,3.3
2026-06-10T01:53:45.181Z,111.66,368.478,3.3
2026-06-10T01:53:45.383Z,101.09,333.597,3.3
2026-06-10T01:53:45.584Z,102.04,336.732,3.3
2026-06-10T01:53:45.786Z,100.66,332.178,3.3
2026-06-10T01:53:45.989Z,98.86,326.238,3.3
2026-06-10T01:53:46.189Z,103.65,342.045,3.3
2026-06-10T01:53:46.392Z,118.24,390.192,3.3
2026-06-10T01:53:46.593Z,118.79,392.007,3.3
2026-06-10T01:53:46.795Z,101.21,333.993,3.3
2026-06-10T01:53:46.997Z,90.79,299.607,3.3
2026-06-10T01:53:47.197Z,90.75,299.475,3.3
2026-06-10T01:53:47.399Z,91.19,300.927,3.3
2026-06-10T01:53:47.601Z,91.77,302.841,3.3
2026-06-10T01:53:47.801Z,96.26,317.658,3.3
2026-06-10T01:53:48.003Z,93.79,309.507,3.3
2026-06-10T01:53:48.203Z,73.5,242.55,3.3
2026-06-10T01:53:48.404Z,53.82,177.606,3.3
2026-06-10T01:53:48.605Z,19.05,62.865,3.3
2026-06-10T01:53:48.805Z,1.55,5.115,3.3
2026-06-10T01:53:49.006Z,0.07,0.231,3.3
2026-06-10T01:53:49.207Z,0.02,0.066,3.3
2026-06-10T01:53:49.408Z,0.01,0.033,3.3
2026-06-10T01:53:49.610Z,0,0,3.3
2026-06-10T01:53:49.812Z,0,0,3.3
2026-06-10T01:53:50.013Z,0,0,3.3
2026-06-10T01:53:50.214Z,0,0,3.3
2026-06-10T01:53:50.415Z,-0.01,0.033,3.3
2026-06-10T01:53:50.616Z,0,0,3.3
2026-06-10T01:53:50.818Z,0,0,3.3
2026-06-10T01:53:51.020Z,0,0,3.3
2026-06-10T01:53:51.222Z,0,0,3.3
2026-06-10T01:53:51.424Z,0,0,3.3
2026-06-10T01:53:51.626Z,0,0,3.3
2026-06-10T01:53:51.827Z,0,0,3.3
2026-06-10T01:53:52.027Z,0,0,3.3
2026-06-10T01:53:52.228Z,0,0,3.3
2026-06-10T01:53:52.430Z,0,0,3.3
2026-06-10T01:53:52.633Z,0,0,3.3
2026-06-10T01:53:52.835Z,0,0,3.3
2026-06-10T01:53:53.037Z,0,0,3.3
2026-06-10T01:53:53.239Z,0,0,3.3
2026-06-10T01:53:53.441Z,0,0,3.3
2026-06-10T01:53:53.642Z,0,0,3.3
2026-06-10T01:53:53.844Z,0,0,3.3
2026-06-10T01:53:54.045Z,0,0,3.3
2026-06-10T01:53:54.247Z,0,0,3.3
2026-06-10T01:53:54.449Z,0,0,3.3
2026-06-10T01:53:54.651Z,0,0,3.3
2026-06-10T01:53:54.852Z,0,0,3.3
2026-06-10T01:53:55.053Z,0,0,3.3
2026-06-10T01:53:55.255Z,0,0,3.3
2026-06-10T01:53:55.455Z,0,0,3.3
2026-06-10T01:53:55.657Z,0,0,3.3
2026-06-10T01:53:55.859Z,0,0,3.3
2026-06-10T01:53:56.060Z,0,0,3.3
2026-06-10T01:53:56.261Z,0,0,3.3
2026-06-10T01:53:56.462Z,0,0,3.3
2026-06-10T01:53:56.664Z,0,0,3.3
2026-06-10T01:53:56.866Z,0,0,3.3
2026-06-10T01:53:57.068Z,0,0,3.3
2026-06-10T01:53:57.269Z,0,0,3.3
2026-06-10T01:53:57.471Z,0.01,0.033,3.3
2026-06-10T01:53:57.673Z,0.01,0.033,3.3
2026-06-10T01:53:57.874Z,0.01,0.033,3.3
2026-06-10T01:53:58.077Z,0,0,3.3
2026-06-10T01:53:58.279Z,0,0,3.3
2026-06-10T01:53:58.481Z,0,0,3.3
2026-06-10T01:53:58.683Z,0,0,3.3
2026-06-10T01:53:58.884Z,0.01,0.033,3.3
2026-06-10T01:53:59.085Z,0.01,0.033,3.3
2026-06-10T01:53:59.287Z,0,0,3.3
2026-06-10T01:53:59.487Z,0,0,3.3
2026-06-10T01:53:59.687Z,0,0,3.3
2026-06-10T01:53:59.889Z,0,0,3.3
2026-06-10T01:54:00.089Z,0,0,3.3
2026-06-10T01:54:00.295Z,0,0,3.3
2026-06-10T01:54:00.493Z,0,0,3.3
2026-06-10T01:54:00.694Z,0,0,3.3
2026-06-10T01:54:00.895Z,0,0,3.3
2026-06-10T01:54:01.095Z,0.01,0.033,3.3
2026-06-10T01:54:01.298Z,0.01,0.033,3.3
2026-06-10T01:54:01.499Z,0,0,3.3
2026-06-10T01:54:01.703Z,0,0,3.3
2026-06-10T01:54:01.903Z,0,0,3.3
2026-06-10T01:54:02.105Z,0,0,3.3
2026-06-10T01:54:02.306Z,0,0,3.3
2026-06-10T01:54:02.507Z,0,0,3.3
2026-06-10T01:54:02.708Z,0,0,3.3
2026-06-10T01:54:02.910Z,0,0,3.3
2026-06-10T01:54:03.110Z,0,0,3.3
2026-06-10T01:54:03.313Z,0,0,3.3
2026-06-10T01:54:03.515Z,0,0,3.3
2026-06-10T01:54:03.717Z,0.01,0.033,3.3
2026-06-10T01:54:03.919Z,0.01,0.033,3.3
2026-06-10T01:54:04.120Z,0,0,3.3
2026-06-10T01:54:04.321Z,0,0,3.3
2026-06-10T01:54:04.521Z,0,0,3.3
2026-06-10T01:54:04.722Z,0,0,3.3
2026-06-10T01:54:04.923Z,0,0,3.3
2026-06-10T01:54:05.124Z,0.01,0.033,3.3
2026-06-10T01:54:05.325Z,0,0,3.3
2026-06-10T01:54:05.527Z,0,0,3.3
2026-06-10T01:54:05.729Z,0,0,3.3
2026-06-10T01:54:05.930Z,0,0,3.3
2026-06-10T01:54:06.132Z,0,0,3.3
2026-06-10T01:54:06.336Z,0,0,3.3
2026-06-10T01:54:06.538Z,0,0,3.3
2026-06-10T01:54:06.740Z,0,0,3.3
2026-06-10T01:54:06.943Z,0.01,0.033,3.3
2026-06-10T01:54:07.145Z,0,0,3.3
2026-06-10T01:54:07.347Z,0,0,3.3
2026-06-10T01:54:07.549Z,0,0,3.3
2026-06-10T01:54:07.751Z,0,0,3.3
2026-06-10T01:54:07.954Z,0,0,3.3
2026-06-10T01:54:08.155Z,0,0,3.3
2026-06-10T01:54:08.356Z,0,0,3.3
2026-06-10T01:54:08.557Z,0,0,3.3
2026-06-10T01:54:08.758Z,0,0,3.3
2026-06-10T01:54:08.960Z,0,0,3.3
2026-06-10T01:54:09.162Z,0,0,3.3
2026-06-10T01:54:09.364Z,0,0,3.3
2026-06-10T01:54:09.564Z,0,0,3.3
2026-06-10T01:54:09.766Z,0,0,3.3
2026-06-10T01:54:09.968Z,0,0,3.3
2026-06-10T01:54:10.169Z,0.01,0.033,3.3
2026-06-10T01:54:10.372Z,0,0,3.3
2026-06-10T01:54:10.573Z,0,0,3.3
2026-06-10T01:54:10.776Z,0,0,3.3
2026-06-10T01:54:10.977Z,0.01,0.033,3.3
2026-06-10T01:54:11.179Z,0.01,0.033,3.3
2026-06-10T01:54:11.380Z,0,0,3.3
2026-06-10T01:54:11.582Z,0,0,3.3
2026-06-10T01:54:11.785Z,0,0,3.3
2026-06-10T01:54:11.986Z,0,0,3.3
2026-06-10T01:54:12.188Z,0,0,3.3
2026-06-10T01:54:12.391Z,0,0,3.3
2026-06-10T01:54:12.593Z,0,0,3.3
2026-06-10T01:54:12.794Z,0.01,0.033,3.3
2026-06-10T01:54:12.995Z,0,0,3.3
2026-06-10T01:54:13.196Z,0,0,3.3
2026-06-10T01:54:13.398Z,0,0,3.3
2026-06-10T01:54:13.598Z,0,0,3.3
2026-06-10T01:54:13.799Z,0,0,3.3
2026-06-10T01:54:14.001Z,0,0,3.3
2026-06-10T01:54:14.203Z,0,0,3.3
2026-06-10T01:54:14.405Z,0,0,3.3
2026-06-10T01:54:14.606Z,0,0,3.3
2026-06-10T01:54:14.810Z,0,0,3.3
2026-06-10T01:54:15.010Z,0,0,3.3
2026-06-10T01:54:15.212Z,0,0,3.3
2026-06-10T01:54:15.414Z,0,0,3.3
2026-06-10T01:54:15.615Z,0,0,3.3
2026-06-10T01:54:15.817Z,0,0,3.3
2026-06-10T01:54:16.019Z,0.01,0.033,3.3
2026-06-10T01:54:16.220Z,0.01,0.033,3.3
2026-06-10T01:54:16.422Z,0.01,0.033,3.3
2026-06-10T01:54:16.624Z,0,0,3.3
2026-06-10T01:54:16.826Z,0.01,0.033,3.3
2026-06-10T01:54:17.027Z,0.01,0.033,3.3
2026-06-10T01:54:17.228Z,0,0,3.3
2026-06-10T01:54:17.429Z,0,0,3.3
2026-06-10T01:54:17.631Z,0.01,0.033,3.3
2026-06-10T01:54:17.833Z,0.01,0.033,3.3
2026-06-10T01:54:18.034Z,0.01,0.033,3.3
2026-06-10T01:54:18.236Z,0,0,3.3
2026-06-10T01:54:18.438Z,0,0,3.3
2026-06-10T01:54:18.639Z,0,0,3.3
2026-06-10T01:54:18.842Z,0.01,0.033,3.3
2026-06-10T01:54:19.043Z,0.01,0.033,3.3
2026-06-10T01:54:19.244Z,0.01,0.033,3.3
2026-06-10T01:54:19.445Z,0,0,3.3
2026-06-10T01:54:19.647Z,0,0,3.3
2026-06-10T01:54:19.849Z,0,0,3.3
2026-06-10T01:54:20.051Z,0,0,3.3
2026-06-10T01:54:20.252Z,0.01,0.033,3.3
2026-06-10T01:54:20.452Z,0.01,0.033,3.3
2026-06-10T01:54:20.653Z,0.01,0.033,3.3
2026-06-10T01:54:20.855Z,0.01,0.033,3.3
2026-06-10T01:54:21.056Z,0.01,0.033,3.3
2026-06-10T01:54:21.257Z,0.01,0.033,3.3
2026-06-10T01:54:21.459Z,0.01,0.033,3.3
2026-06-10T01:54:21.660Z,0.01,0.033,3.3
2026-06-10T01:54:21.860Z,0.01,0.033,3.3
2026-06-10T01:54:22.062Z,0.01,0.033,3.3
2026-06-10T01:54:22.263Z,0.01,0.033,3.3
2026-06-10T01:54:22.465Z,0.02,0.066,3.3
2026-06-10T01:54:22.666Z,0.01,0.033,3.3
2026-06-10T01:54:22.866Z,0.02,0.066,3.3
2026-06-10T01:54:23.068Z,0.01,0.033,3.3
2026-06-10T01:54:23.269Z,0.02,0.066,3.3
2026-06-10T01:54:23.470Z,0.01,0.033,3.3
2026-06-10T01:54:23.671Z,0.01,0.033,3.3
2026-06-10T01:54:23.872Z,0.01,0.033,3.3
2026-06-10T01:54:24.073Z,0.01,0.033,3.3
2026-06-10T01:54:24.274Z,0.01,0.033,3.3
2026-06-10T01:54:24.476Z,0.01,0.033,3.3
2026-06-10T01:54:24.679Z,0.01,0.033,3.3
2026-06-10T01:54:24.880Z,0.01,0.033,3.3
2026-06-10T01:54:25.082Z,0.02,0.066,3.3
2026-06-10T01:54:25.286Z,0.02,0.066,3.3
2026-06-10T01:54:25.486Z,0.02,0.066,3.3
2026-06-10T01:54:25.688Z,0.02,0.066,3.3
2026-06-10T01:54:25.889Z,0.02,0.066,3.3
2026-06-10T01:54:26.090Z,0.02,0.066,3.3
2026-06-10T01:54:26.295Z,0.01,0.033,3.3
2026-06-10T01:54:26.494Z,0.01,0.033,3.3
2026-06-10T01:54:26.695Z,0.01,0.033,3.3
2026-06-10T01:54:26.898Z,0.01,0.033,3.3
2026-06-10T01:54:27.100Z,0.01,0.033,3.3
2026-06-10T01:54:27.301Z,0.01,0.033,3.3
2026-06-10T01:54:27.503Z,0.01,0.033,3.3
2026-06-10T01:54:27.704Z,0.01,0.033,3.3
2026-06-10T01:54:27.906Z,0.01,0.033,3.3
2026-06-10T01:54:28.107Z,0.01,0.033,3.3
2026-06-10T01:54:28.308Z,0.01,0.033,3.3
2026-06-10T01:54:28.509Z,0.01,0.033,3.3
2026-06-10T01:54:28.710Z,0.01,0.033,3.3
2026-06-10T01:54:28.910Z,0,0,3.3
2026-06-10T01:54:29.112Z,0,0,3.3
2026-06-10T01:54:29.319Z,0,0,3.3
2026-06-10T01:54:29.516Z,0,0,3.3
2026-06-10T01:54:29.717Z,0.01,0.033,3.3
2026-06-10T01:54:29.919Z,0.01,0.033,3.3
2026-06-10T01:54:30.121Z,0.01,0.033,3.3
2026-06-10T01:54:30.324Z,0,0,3.3
2026-06-10T01:54:30.524Z,0,0,3.3
2026-06-10T01:54:30.725Z,0,0,3.3
2026-06-10T01:54:30.926Z,0.01,0.033,3.3
2026-06-10T01:54:31.128Z,0.01,0.033,3.3
2026-06-10T01:54:31.330Z,0.01,0.033,3.3
2026-06-10T01:54:31.534Z,0.01,0.033,3.3
2026-06-10T01:54:31.735Z,0,0,3.3
2026-06-10T01:54:31.936Z,0,0,3.3
2026-06-10T01:54:32.137Z,0,0,3.3
2026-06-10T01:54:32.339Z,0,0,3.3
2026-06-10T01:54:32.541Z,0,0,3.3
2026-06-10T01:54:32.743Z,0,0,3.3
2026-06-10T01:54:32.945Z,0,0,3.3
2026-06-10T01:54:33.147Z,0.01,0.033,3.3
2026-06-10T01:54:33.348Z,0,0,3.3
2026-06-10T01:54:33.550Z,0,0,3.3
2026-06-10T01:54:33.752Z,0,0,3.3
2026-06-10T01:54:33.954Z,0,0,3.3
2026-06-10T01:54:34.155Z,0.01,0.033,3.3
2026-06-10T01:54:34.355Z,0,0,3.3
2026-06-10T01:54:34.557Z,0,0,3.3
2026-06-10T01:54:34.758Z,0,0,3.3
2026-06-10T01:54:34.959Z,0,0,3.3
2026-06-10T01:54:35.161Z,0,0,3.3
2026-06-10T01:54:35.363Z,0.01,0.033,3.3
2026-06-10T01:54:35.564Z,0.01,0.033,3.3
2026-06-10T01:54:35.766Z,0,0,3.3
2026-06-10T01:54:35.966Z,0,0,3.3
2026-06-10T01:54:36.168Z,0,0,3.3
2026-06-10T01:54:36.368Z,0,0,3.3
2026-06-10T01:54:36.570Z,0.01,0.033,3.3
2026-06-10T01:54:36.772Z,0.01,0.033,3.3
2026-06-10T01:54:36.974Z,0,0,3.3
2026-06-10T01:54:37.175Z,0,0,3.3
2026-06-10T01:54:37.375Z,0,0,3.3
2026-06-10T01:54:37.577Z,0,0,3.3
2026-06-10T01:54:37.779Z,0,0,3.3
2026-06-10T01:54:37.981Z,0,0,3.3
2026-06-10T01:54:38.183Z,0.01,0.033,3.3
2026-06-10T01:54:38.384Z,0,0,3.3
2026-06-10T01:54:38.586Z,0,0,3.3
2026-06-10T01:54:38.788Z,0,0,3.3
2026-06-10T01:54:38.988Z,0,0,3.3
2026-06-10T01:54:39.189Z,0,0,3.3
2026-06-10T01:54:39.391Z,0,0,3.3
2026-06-10T01:54:39.593Z,0,0,3.3
2026-06-10T01:54:39.794Z,0,0,3.3
2026-06-10T01:54:39.997Z,2.44,8.052,3.3
2026-06-10T01:54:40.198Z,43.28,142.824,3.3
2026-06-10T01:54:40.399Z,64.54,212.982,3.3
2026-06-10T01:54:40.600Z,65.38,215.754,3.3
2026-06-10T01:54:40.801Z,66.81,220.473,3.3
2026-06-10T01:54:41.002Z,72.63,239.679,3.3
2026-06-10T01:54:41.205Z,68.91,227.403,3.3
2026-06-10T01:54:41.405Z,57.2,188.76,3.3
2026-06-10T01:54:41.606Z,54.39,179.487,3.3
2026-06-10T01:54:41.807Z,51.83,171.039,3.3
2026-06-10T01:54:42.008Z,54.72,180.576,3.3
2026-06-10T01:54:42.211Z,62.49,206.217,3.3
2026-06-10T01:54:42.412Z,68.61,226.413,3.3
2026-06-10T01:54:42.615Z,67.89,224.037,3.3
2026-06-10T01:54:42.816Z,62.77,207.141,3.3
2026-06-10T01:54:43.017Z,63.07,208.131,3.3
2026-06-10T01:54:43.218Z,62.7,206.91,3.3
2026-06-10T01:54:43.418Z,61.84,204.072,3.3
2026-06-10T01:54:43.620Z,63.17,208.461,3.3
2026-06-10T01:54:43.821Z,64.03,211.299,3.3
2026-06-10T01:54:44.023Z,63.38,209.154,3.3
2026-06-10T01:54:44.225Z,123.86,408.738,3.3
2026-06-10T01:54:44.426Z,142.74,471.042,3.3
2026-06-10T01:54:44.628Z,104.11,343.563,3.3
2026-06-10T01:54:44.828Z,120.02,396.066,3.3
2026-06-10T01:54:45.030Z,120.81,398.673,3.3
2026-06-10T01:54:45.233Z,101.78,335.874,3.3
2026-06-10T01:54:45.435Z,100.02,330.066,3.3
2026-06-10T01:54:45.635Z,100.07,330.231,3.3
2026-06-10T01:54:45.836Z,99.61,328.713,3.3
2026-06-10T01:54:46.038Z,100.22,330.726,3.3
2026-06-10T01:54:46.240Z,104.62,345.246,3.3
2026-06-10T01:54:46.441Z,115.01,379.533,3.3
2026-06-10T01:54:46.642Z,120.91,399.003,3.3
2026-06-10T01:54:46.843Z,107.44,354.552,3.3
2026-06-10T01:54:47.044Z,94.95,313.335,3.3
2026-06-10T01:54:47.246Z,93.15,307.395,3.3
2026-06-10T01:54:47.447Z,93.62,308.946,3.3
2026-06-10T01:54:47.648Z,96.12,317.196,3.3
2026-06-10T01:54:47.851Z,96.86,319.638,3.3
2026-06-10T01:54:48.053Z,99.05,326.865,3.3
2026-06-10T01:54:48.256Z,82.29,271.557,3.3
2026-06-10T01:54:48.457Z,55.67,183.711,3.3
2026-06-10T01:54:48.658Z,31.89,105.237,3.3
2026-06-10T01:54:48.859Z,2.2,7.26,3.3
2026-06-10T01:54:49.059Z,0.4,1.32,3.3
2026-06-10T01:54:49.260Z,0.03,0.099,3.3
2026-06-10T01:54:49.461Z,0.02,0.066,3.3
2026-06-10T01:54:49.662Z,0.01,0.033,3.3
2026-06-10T01:54:49.866Z,0,0,3.3
2026-06-10T01:54:50.066Z,0,0,3.3
2026-06-10T01:54:50.269Z,0,0,3.3
2026-06-10T01:54:50.470Z,0,0,3.3
2026-06-10T01:54:50.671Z,0,0,3.3
2026-06-10T01:54:50.870Z,0,0,3.3
2026-06-10T01:54:51.073Z,0,0,3.3
2026-06-10T01:54:51.273Z,0,0,3.3
2026-06-10T01:54:51.475Z,0,0,3.3
2026-06-10T01:54:51.676Z,0,0,3.3
2026-06-10T01:54:51.877Z,0,0,3.3
2026-06-10T01:54:52.078Z,0,0,3.3
2026-06-10T01:54:52.280Z,0,0,3.3
2026-06-10T01:54:52.482Z,0,0,3.3
2026-06-10T01:54:52.683Z,0,0,3.3
2026-06-10T01:54:52.885Z,0.01,0.033,3.3
2026-06-10T01:54:53.086Z,0,0,3.3
2026-06-10T01:54:53.289Z,0,0,3.3
2026-06-10T01:54:53.490Z,0,0,3.3
2026-06-10T01:54:53.692Z,0,0,3.3
2026-06-10T01:54:53.894Z,0,0,3.3
2026-06-10T01:54:54.096Z,0,0,3.3
2026-06-10T01:54:54.297Z,0,0,3.3
2026-06-10T01:54:54.498Z,0,0,3.3
2026-06-10T01:54:54.700Z,0,0,3.3
2026-06-10T01:54:54.901Z,0,0,3.3
2026-06-10T01:54:55.102Z,0,0,3.3
2026-06-10T01:54:55.304Z,0,0,3.3
2026-06-10T01:54:55.506Z,0,0,3.3
2026-06-10T01:54:55.708Z,0,0,3.3
2026-06-10T01:54:55.910Z,0.01,0.033,3.3
2026-06-10T01:54:56.111Z,0.01,0.033,3.3
2026-06-10T01:54:56.314Z,0,0,3.3
2026-06-10T01:54:56.515Z,0,0,3.3
2026-06-10T01:54:56.716Z,0,0,3.3
2026-06-10T01:54:56.918Z,0,0,3.3
2026-06-10T01:54:57.121Z,0,0,3.3
2026-06-10T01:54:57.322Z,0.01,0.033,3.3
2026-06-10T01:54:57.523Z,0,0,3.3
2026-06-10T01:54:57.726Z,0.01,0.033,3.3
2026-06-10T01:54:57.927Z,0,0,3.3
2026-06-10T01:54:58.129Z,0.01,0.033,3.3
2026-06-10T01:54:58.331Z,0.01,0.033,3.3
2026-06-10T01:54:58.533Z,0,0,3.3
2026-06-10T01:54:58.734Z,0,0,3.3
2026-06-10T01:54:58.934Z,0,0,3.3
2026-06-10T01:54:59.136Z,0,0,3.3
2026-06-10T01:54:59.338Z,0.01,0.033,3.3
2026-06-10T01:54:59.539Z,0.01,0.033,3.3
2026-06-10T01:54:59.740Z,0.01,0.033,3.3
2026-06-10T01:54:59.941Z,0.01,0.033,3.3
2026-06-10T01:55:00.143Z,0.01,0.033,3.3
2026-06-10T01:55:00.345Z,0.01,0.033,3.3
2026-06-10T01:55:00.545Z,0,0,3.3
2026-06-10T01:55:00.745Z,0.01,0.033,3.3
2026-06-10T01:55:00.947Z,0.01,0.033,3.3
2026-06-10T01:55:01.149Z,0.01,0.033,3.3
2026-06-10T01:55:01.351Z,0.01,0.033,3.3
2026-06-10T01:55:01.553Z,0.01,0.033,3.3
2026-06-10T01:55:01.755Z,0.01,0.033,3.3
2026-06-10T01:55:01.957Z,0.01,0.033,3.3
2026-06-10T01:55:02.159Z,0.01,0.033,3.3
2026-06-10T01:55:02.359Z,0.01,0.033,3.3
2026-06-10T01:55:02.559Z,0.01,0.033,3.3
2026-06-10T01:55:02.762Z,0.01,0.033,3.3
2026-06-10T01:55:02.963Z,0.01,0.033,3.3
2026-06-10T01:55:03.165Z,0.01,0.033,3.3
2026-06-10T01:55:03.366Z,0.01,0.033,3.3
2026-06-10T01:55:03.568Z,0,0,3.3
2026-06-10T01:55:03.769Z,0,0,3.3
2026-06-10T01:55:03.973Z,0,0,3.3
2026-06-10T01:55:04.175Z,0,0,3.3
2026-06-10T01:55:04.377Z,0,0,3.3
2026-06-10T01:55:04.579Z,0,0,3.3
2026-06-10T01:55:04.780Z,0,0,3.3
2026-06-10T01:55:04.982Z,0.01,0.033,3.3
2026-06-10T01:55:05.184Z,0,0,3.3
2026-06-10T01:55:05.384Z,0,0,3.3
2026-06-10T01:55:05.587Z,0,0,3.3
2026-06-10T01:55:05.788Z,0,0,3.3
2026-06-10T01:55:05.990Z,0,0,3.3
2026-06-10T01:55:06.192Z,0,0,3.3
2026-06-10T01:55:06.392Z,0,0,3.3
2026-06-10T01:55:06.594Z,0,0,3.3
2026-06-10T01:55:06.796Z,0,0,3.3
2026-06-10T01:55:06.998Z,0,0,3.3
2026-06-10T01:55:07.198Z,0,0,3.3
2026-06-10T01:55:07.401Z,0,0,3.3
2026-06-10T01:55:07.601Z,0,0,3.3
2026-06-10T01:55:07.802Z,0,0,3.3
2026-06-10T01:55:08.004Z,0,0,3.3
2026-06-10T01:55:08.206Z,0,0,3.3
2026-06-10T01:55:08.408Z,0,0,3.3
2026-06-10T01:55:08.609Z,0,0,3.3
2026-06-10T01:55:08.810Z,0,0,3.3
2026-06-10T01:55:09.011Z,0,0,3.3
2026-06-10T01:55:09.211Z,0,0,3.3
2026-06-10T01:55:09.413Z,0,0,3.3
2026-06-10T01:55:09.615Z,0,0,3.3
2026-06-10T01:55:09.816Z,0,0,3.3
2026-06-10T01:55:10.017Z,0,0,3.3
2026-06-10T01:55:10.220Z,0.01,0.033,3.3
2026-06-10T01:55:10.422Z,0.01,0.033,3.3
2026-06-10T01:55:10.623Z,0.01,0.033,3.3
2026-06-10T01:55:10.825Z,0,0,3.3
2026-06-10T01:55:11.027Z,0,0,3.3
2026-06-10T01:55:11.229Z,0,0,3.3
2026-06-10T01:55:11.431Z,0,0,3.3
2026-06-10T01:55:11.633Z,0,0,3.3
2026-06-10T01:55:11.833Z,0.01,0.033,3.3
2026-06-10T01:55:12.034Z,0.01,0.033,3.3
2026-06-10T01:55:12.235Z,0,0,3.3
2026-06-10T01:55:12.436Z,0,0,3.3
2026-06-10T01:55:12.639Z,0,0,3.3
2026-06-10T01:55:12.840Z,0,0,3.3
2026-06-10T01:55:13.043Z,0,0,3.3
2026-06-10T01:55:13.244Z,0,0,3.3
2026-06-10T01:55:13.445Z,0,0,3.3
2026-06-10T01:55:13.648Z,0.01,0.033,3.3
2026-06-10T01:55:13.849Z,0,0,3.3
2026-06-10T01:55:14.050Z,0.01,0.033,3.3
2026-06-10T01:55:14.251Z,0,0,3.3
2026-06-10T01:55:14.453Z,0,0,3.3
2026-06-10T01:55:14.655Z,0,0,3.3
2026-06-10T01:55:14.855Z,0.01,0.033,3.3
2026-06-10T01:55:15.057Z,0,0,3.3
2026-06-10T01:55:15.260Z,0.01,0.033,3.3
2026-06-10T01:55:15.462Z,0,0,3.3
2026-06-10T01:55:15.663Z,0,0,3.3
2026-06-10T01:55:15.864Z,0,0,3.3
2026-06-10T01:55:16.066Z,0.01,0.033,3.3
2026-06-10T01:55:16.268Z,0,0,3.3
2026-06-10T01:55:16.469Z,0,0,3.3
2026-06-10T01:55:16.669Z,0,0,3.3
2026-06-10T01:55:16.871Z,0,0,3.3
2026-06-10T01:55:17.071Z,0,0,3.3
2026-06-10T01:55:17.274Z,0,0,3.3
2026-06-10T01:55:17.476Z,0,0,3.3
2026-06-10T01:55:17.677Z,0,0,3.3
2026-06-10T01:55:17.879Z,0,0,3.3
2026-06-10T01:55:18.080Z,0,0,3.3
2026-06-10T01:55:18.281Z,0,0,3.3
2026-06-10T01:55:18.482Z,0,0,3.3
2026-06-10T01:55:18.684Z,0,0,3.3
2026-06-10T01:55:18.886Z,0,0,3.3
2026-06-10T01:55:19.087Z,0,0,3.3
2026-06-10T01:55:19.290Z,0,0,3.3
2026-06-10T01:55:19.490Z,0,0,3.3
2026-06-10T01:55:19.692Z,0,0,3.3
2026-06-10T01:55:19.895Z,0,0,3.3
2026-06-10T01:55:20.095Z,0,0,3.3
2026-06-10T01:55:20.297Z,0,0,3.3
2026-06-10T01:55:20.500Z,0,0,3.3
2026-06-10T01:55:20.702Z,0,0,3.3
2026-06-10T01:55:20.903Z,0,0,3.3
2026-06-10T01:55:21.104Z,0,0,3.3
2026-06-10T01:55:21.307Z,0.01,0.033,3.3
2026-06-10T01:55:21.508Z,0,0,3.3
2026-06-10T01:55:21.709Z,0.01,0.033,3.3
2026-06-10T01:55:21.910Z,0,0,3.3
2026-06-10T01:55:22.111Z,0,0,3.3
2026-06-10T01:55:22.313Z,0,0,3.3
2026-06-10T01:55:22.514Z,0,0,3.3
2026-06-10T01:55:22.714Z,0,0,3.3
2026-06-10T01:55:22.916Z,0,0,3.3
2026-06-10T01:55:23.118Z,0,0,3.3
2026-06-10T01:55:23.321Z,0,0,3.3
2026-06-10T01:55:23.523Z,0,0,3.3
2026-06-10T01:55:23.724Z,0,0,3.3
2026-06-10T01:55:23.925Z,0,0,3.3
2026-06-10T01:55:24.126Z,0,0,3.3
2026-06-10T01:55:24.327Z,0,0,3.3
2026-06-10T01:55:24.528Z,0,0,3.3
2026-06-10T01:55:24.730Z,0,0,3.3
2026-06-10T01:55:24.932Z,0,0,3.3
2026-06-10T01:55:25.134Z,0,0,3.3
2026-06-10T01:55:25.336Z,0.01,0.033,3.3
2026-06-10T01:55:25.539Z,0.01,0.033,3.3
2026-06-10T01:55:25.740Z,0.01,0.033,3.3
2026-06-10T01:55:25.941Z,0.01,0.033,3.3
2026-06-10T01:55:26.143Z,0.01,0.033,3.3
2026-06-10T01:55:26.344Z,0,0,3.3
2026-06-10T01:55:26.544Z,0,0,3.3
2026-06-10T01:55:26.745Z,0,0,3.3
2026-06-10T01:55:26.945Z,0,0,3.3
2026-06-10T01:55:27.148Z,0,0,3.3
2026-06-10T01:55:27.350Z,0,0,3.3
2026-06-10T01:55:27.550Z,0,0,3.3
2026-06-10T01:55:27.752Z,0,0,3.3
2026-06-10T01:55:27.953Z,0,0,3.3
2026-06-10T01:55:28.156Z,0,0,3.3
2026-06-10T01:55:28.356Z,0,0,3.3
2026-06-10T01:55:28.558Z,0,0,3.3
2026-06-10T01:55:28.759Z,0,0,3.3
2026-06-10T01:55:28.960Z,0,0,3.3
2026-06-10T01:55:29.161Z,0,0,3.3
2026-06-10T01:55:29.363Z,0,0,3.3
2026-06-10T01:55:29.564Z,0,0,3.3
2026-06-10T01:55:29.765Z,0.01,0.033,3.3
2026-06-10T01:55:29.966Z,0,0,3.3
2026-06-10T01:55:30.168Z,0,0,3.3
2026-06-10T01:55:30.369Z,0,0,3.3
2026-06-10T01:55:30.570Z,0,0,3.3
2026-06-10T01:55:30.771Z,0,0,3.3
2026-06-10T01:55:30.972Z,0.01,0.033,3.3
2026-06-10T01:55:31.173Z,0.01,0.033,3.3
2026-06-10T01:55:31.374Z,0,0,3.3
2026-06-10T01:55:31.576Z,0,0,3.3
2026-06-10T01:55:31.778Z,0,0,3.3
2026-06-10T01:55:31.981Z,0,0,3.3
2026-06-10T01:55:32.182Z,0.01,0.033,3.3
2026-06-10T01:55:32.383Z,0.01,0.033,3.3
2026-06-10T01:55:32.584Z,0,0,3.3
2026-06-10T01:55:32.786Z,0,0,3.3
2026-06-10T01:55:32.987Z,0.01,0.033,3.3
2026-06-10T01:55:33.188Z,0.01,0.033,3.3
2026-06-10T01:55:33.390Z,0.01,0.033,3.3
2026-06-10T01:55:33.592Z,0,0,3.3
2026-06-10T01:55:33.793Z,0,0,3.3
2026-06-10T01:55:33.994Z,0,0,3.3
2026-06-10T01:55:34.195Z,0.01,0.033,3.3
2026-06-10T01:55:34.396Z,0,0,3.3
2026-06-10T01:55:34.599Z,0,0,3.3
2026-06-10T01:55:34.800Z,0,0,3.3
2026-06-10T01:55:35.000Z,0,0,3.3
2026-06-10T01:55:35.202Z,0,0,3.3
2026-06-10T01:55:35.404Z,0,0,3.3
2026-06-10T01:55:35.605Z,0,0,3.3
2026-06-10T01:55:35.808Z,0,0,3.3
2026-06-10T01:55:36.009Z,0,0,3.3
2026-06-10T01:55:36.210Z,0,0,3.3
2026-06-10T01:55:36.411Z,0,0,3.3
2026-06-10T01:55:36.612Z,0,0,3.3
2026-06-10T01:55:36.821Z,0,0,3.3
2026-06-10T01:55:37.014Z,0.01,0.033,3.3
2026-06-10T01:55:37.230Z,0,0,3.3
2026-06-10T01:55:37.430Z,0,0,3.3
2026-06-10T01:55:37.639Z,0,0,3.3
2026-06-10T01:55:37.833Z,0.01,0.033,3.3
2026-06-10T01:55:38.035Z,0,0,3.3
2026-06-10T01:55:38.236Z,0,0,3.3
2026-06-10T01:55:38.437Z,0,0,3.3
2026-06-10T01:55:38.638Z,0,0,3.3
2026-06-10T01:55:38.841Z,0,0,3.3
2026-06-10T01:55:39.041Z,0,0,3.3
2026-06-10T01:55:39.242Z,0.01,0.033,3.3
2026-06-10T01:55:39.442Z,0.01,0.033,3.3
2026-06-10T01:55:39.644Z,0.01,0.033,3.3
2026-06-10T01:55:39.845Z,0.01,0.033,3.3
2026-06-10T01:55:40.046Z,18.35,60.555,3.3
2026-06-10T01:55:40.246Z,59.37,195.921,3.3
2026-06-10T01:55:40.447Z,65.8,217.14,3.3
2026-06-10T01:55:40.648Z,65.23,215.259,3.3
2026-06-10T01:55:40.850Z,72.25,238.425,3.3
2026-06-10T01:55:41.051Z,71.95,237.435,3.3
2026-06-10T01:55:41.251Z,62.7,206.91,3.3
2026-06-10T01:55:41.452Z,56.79,187.407,3.3
2026-06-10T01:55:41.654Z,52.21,172.293,3.3
2026-06-10T01:55:41.854Z,51.8,170.94,3.3
2026-06-10T01:55:42.055Z,57.49,189.717,3.3
2026-06-10T01:55:42.257Z,67.08,221.364,3.3
2026-06-10T01:55:42.460Z,68.63,226.479,3.3
2026-06-10T01:55:42.659Z,64.31,212.223,3.3
2026-06-10T01:55:42.860Z,62.76,207.108,3.3
2026-06-10T01:55:43.061Z,64.54,212.982,3.3
2026-06-10T01:55:43.262Z,64.41,212.553,3.3
2026-06-10T01:55:43.463Z,64.07,211.431,3.3
2026-06-10T01:55:43.663Z,61.7,203.61,3.3
2026-06-10T01:55:43.865Z,62.9,207.57,3.3
2026-06-10T01:55:44.066Z,100.07,330.231,3.3
2026-06-10T01:55:44.267Z,136.05,448.965,3.3
2026-06-10T01:55:44.468Z,104.38,344.454,3.3
2026-06-10T01:55:44.669Z,119.51,394.383,3.3
2026-06-10T01:55:44.870Z,121.71,401.643,3.3
2026-06-10T01:55:45.071Z,107.89,356.037,3.3
2026-06-10T01:55:45.271Z,100.83,332.739,3.3
2026-06-10T01:55:45.473Z,100.15,330.495,3.3
2026-06-10T01:55:45.674Z,103.03,339.999,3.3
2026-06-10T01:55:45.875Z,118.85,392.205,3.3
2026-06-10T01:55:46.076Z,124.95,412.335,3.3
2026-06-10T01:55:46.277Z,112.02,369.666,3.3
2026-06-10T01:55:46.477Z,96.71,319.143,3.3
2026-06-10T01:55:46.679Z,94.43,311.619,3.3
2026-06-10T01:55:46.879Z,95.46,315.018,3.3
2026-06-10T01:55:47.080Z,101.01,333.333,3.3
2026-06-10T01:55:47.280Z,100.76,332.508,3.3
2026-06-10T01:55:47.482Z,102.8,339.24,3.3
2026-06-10T01:55:47.683Z,85.94,283.602,3.3
2026-06-10T01:55:47.884Z,56.75,187.275,3.3
2026-06-10T01:55:48.085Z,33.38,110.154,3.3
2026-06-10T01:55:48.287Z,2.43,8.019,3.3
2026-06-10T01:55:48.487Z,0.57,1.881,3.3
2026-06-10T01:55:48.689Z,0.03,0.099,3.3
2026-06-10T01:55:48.891Z,0.01,0.033,3.3
2026-06-10T01:55:49.091Z,0,0,3.3
2026-06-10T01:55:49.295Z,0,0,3.3
2026-06-10T01:55:49.493Z,0,0,3.3
2026-06-10T01:55:49.694Z,0,0,3.3
2026-06-10T01:55:49.895Z,0,0,3.3
2026-06-10T01:55:50.096Z,0,0,3.3
2026-06-10T01:55:50.299Z,0,0,3.3
2026-06-10T01:55:50.497Z,0,0,3.3
2026-06-10T01:55:50.699Z,0,0,3.3
2026-06-10T01:55:50.900Z,0,0,3.3
2026-06-10T01:55:51.101Z,0,0,3.3
2026-06-10T01:55:51.302Z,0,0,3.3
2026-06-10T01:55:51.504Z,0,0,3.3
2026-06-10T01:55:51.704Z,0,0,3.3
2026-06-10T01:55:51.905Z,0,0,3.3
2026-06-10T01:55:52.106Z,0,0,3.3
2026-06-10T01:55:52.307Z,0,0,3.3
2026-06-10T01:55:52.508Z,0,0,3.3
2026-06-10T01:55:52.711Z,0,0,3.3
2026-06-10T01:55:52.912Z,0,0,3.3
2026-06-10T01:55:53.112Z,0,0,3.3
2026-06-10T01:55:53.313Z,0,0,3.3
2026-06-10T01:55:53.513Z,0,0,3.3
2026-06-10T01:55:53.716Z,0,0,3.3
2026-06-10T01:55:53.918Z,0,0,3.3
2026-06-10T01:55:54.120Z,0,0,3.3
2026-06-10T01:55:54.326Z,0,0,3.3
2026-06-10T01:55:54.528Z,0,0,3.3
2026-06-10T01:55:54.730Z,0,0,3.3
2026-06-10T01:55:54.930Z,0,0,3.3
2026-06-10T01:55:55.131Z,0,0,3.3
2026-06-10T01:55:55.332Z,0,0,3.3
2026-06-10T01:55:55.534Z,0,0,3.3
2026-06-10T01:55:55.735Z,0,0,3.3
2026-06-10T01:55:55.935Z,0,0,3.3
2026-06-10T01:55:56.135Z,0,0,3.3
2026-06-10T01:55:56.336Z,0,0,3.3
2026-06-10T01:55:56.537Z,0,0,3.3
2026-06-10T01:55:56.742Z,0,0,3.3
2026-06-10T01:55:56.939Z,0.01,0.033,3.3
2026-06-10T01:55:57.140Z,0.01,0.033,3.3
2026-06-10T01:55:57.341Z,0,0,3.3
2026-06-10T01:55:57.542Z,0,0,3.3
2026-06-10T01:55:57.743Z,0,0,3.3